58 27 51 6 0 12 21 48 14 48 28 17 84 45 148 116 43 43 89 92 35 0 51 93 0 21 97 50 0 48 166 42 75 84 18 42 166 42 102 134 30 78 71 65 9 48 56 0 86 126 33 80 0 0 54 6 62 53 126 63 12 24 57 152 26 66 87 35 98 76 36 42 90 175 54 42 34 86 27 84 62 59 32 13 24 70 133 67 0 8 18 134 33 64 20 4 94 133 83 63 2 57 0 0 52 0 106 189 147 27 27 43 12 0 0 97 72 85 82 0 38 77 54 0 96 0 14 25 99 108 92 133 48 28 48 36 53 54 94 0 89 87 54 98 48 55 49 77 72 128 45 42 42 78 66 0 8 33 63 48 66 5 45 63 64 12 0 60 37 70 5 60 35 14 42 177 75 129 0 42 47 0 40 74 1 79 30 0 21 56 0 72 11 1 168 31 80 7 0 24 197 48 32 151 42 101 35 0 50 18 15 142 72 0 0 28 101 54 9 72 133 36 84 21 101 258 0 8 126 105 14 48 73 42 52 43 125 48 0 84 0 129 69 60 12 54 47 87 68 18 68 41 0 8 4 53
0 13 62 45 167 18 72 58 56 0 24 29 24 25 64 0 91 0 24 46 0 60 118 40 0 16 111 108 0 0 27 96 20 154 101 78 9 19 0 18 6 39 104 106 74 54 66 6 62 0 24 33 0 28 27 96 72 100 52 42 12 36 32 24 23 36 54 20 4 32 8 24 9 4 26 66 119 64 48 4 42 0 27 4 27 58 69 16 4 56 27 34 95 82 12 52 9 82 62 31 72 66 82 62 15 74 59 20 90 74 62 90 120 21 0 50 70 6 107 36 73 48 109 26 46 12 32 40 227 0 27 93 4 55 36 0 51 50 0 0 100 24 79 57 0 94 18 0 85 21 116 20 38 82 95 65 91 0 32 48 68 16 0 0 13 0 0 0 8 16 62 66 24 16 0 18 35 18 1 20 20 24 97 24 3 72 76 76 13 51 23 0 49 8 72 86 40 13 44 101 0 35 0 0 48 70 55 0 18 32 27 98 24 32 0 55 36 200 147 0 24 36 12 0 0 83 33 41 57 15 54 24 0 82 16 25 68 35 58 74 40 64 27 117 28 45 71 27 24 0 4 0 58 88 9 112
9 0 10 2 95 8 29 0 0 9 82 107 0 153 99 16 56 34 39 47 73 85 116 56 39 63 53 55 28 31 67 50 63 26 15 16 0 6 56 95 12 45 55 59 42 52 46 145 121 46 11 0 7 84 9 32 63 48 92 63 26 25 43 59 73 4 112 8 11 35 40 0 45 84 111 28 0 24 31 120 38 91 34 8 40 57 54 6 18 72 46 97 51 3 11 10 15 96 9 0 52 56 78 62 0 5 28 49 100 7 49 127 81 5 36 86 87 61 34 123 28 127 24 5 129 18 76 79 122 129 64 95 44 0 16 38 28 24 36 18 76 6 138 34 25 34 24 50 152 34 91 37 14 8 53 69 134 66 40 112 0 76 68 13 18 45 2 171 168 115 54 66 81 27 34 9 125 63 101 19 0 86 84 68 20 16 31 56 55 44 8 10 73 48 51 98 68 72 34 40 2 17 125 42 76 79 124 24 26 44 27 36 0 6 4 9 42 73 18 31 77 11 8 8 36 114 40 58 45 0 21 81 48 4 15 88 68 48 12 100 8 65 2 36 46 30 57 45 37 27 93 38 25 133 21 41
181 154 5 0 69 0 87 272 59 112 75 108 49 54 0 26 24 35 44 42 25 158 32 162 75 31 65 95 54 9 161 18 78 154 183 10 127 153 51 172 42 169 184 153 94 16 79 48 275 134 88 30 134 121 27 113 185 35 40 164 51 2 195 20 33 79 80 66 52 42 87 0 77 40 90 125 30 157 74 6 80 110 40 0 118 40 204 25 80 80 106 82 86 70 44 68 162 72 81 9 63 109 195 78 20 113 79 156 32 122 42 48 0 123 9 118 105 63 20 52 179 75 190 52 154 0 53 35 127 0 48 119 78 116 74 92 48 6 14 47 125 117 25 111 72 77 39 130 55 42 104 144 96 54 81 126 175 42 103 118 107 9 215 10 55 184 0 57 63 38 38 20 84 74 197 170 127 136 257 36 76 156 29 40 47 23 36 150 115 159 12 79 85 99 82 12 44 27 0 36 63 104 71 34 105 112 125 58 32 116 105 28 25 153 10 15 65 38 16 131 167 30 56 96 0 46 36 72 208 114 68 100 101 79 54 77 74 75 24 155 0 59 108 84 7 24 29 88 1 146 200 30 73 49 6 24
0 48 108 58 103 2 9 108 2 4 49 46 25 4 75 43 54 32 16 0 56 80 64 12 0 0 0 152 0 88 179 57 24 61 0 32 0 75 99 40 0 94 0 122 6 6 40 0 8 24 48 20 16 76 33 19 2 0 0 0 16 38 56 89 9 8 12 87 6 32 0 145 35 18 117 36 8 0 82 42 20 46 0 36 65 30 36 26 189 39 0 27 56 48 30 87 70 16 74 38 48 4 88 48 0 31 33 50 93 22 0 40 79 96 43 128 56 104 111 16 80 58 27 0 68 24 88 0 72 118 0 78 104 36 36 51 75 15 32 52 46 96 0 0 0 24 32 13 18 81 48 32 103 28 40 127 18 0 36 8 0 8 48 78 59 113 0 0 43 20 4 18 30 12 0 28 32 51 45 4 92 84 68 0 120 5 72 64 0 128 0 20 18 89 36 2 72 36 0 32 2 12 6 81 110 0 83 66 77 25 72 53 87 72 0 63 56 90 71 91 24 40 43 88 63 16 40 64 24 68 72 0 120 88 0 72 71 32 86 29 138 41 0 48 0 141 62 0 0 48 6 0 39 80 30 27
36 31 15 7 87 118 46 67 3 58 0 18 10 75 103 68 3 110 22 0 37 24 141 69 186 20 73 33 30 0 18 0 28 197 14 38 0 63 24 20 124 55 74 14 42 53 115 52 104 13 35 81 110 87 0 48 94 26 14 74 54 0 0 57 48 85 12 120 44 37 0 10 18 5 67 63 117 129 12 105 167 26 84 0 52 30 48 4 43 21 37 0 30 0 11 85 12 42 53 87 36 155 61 44 26 66 63 42 8 0 52 47 0 66 75 97 6 22 33 93 28 43 115 67 34 48 21 0 141 12 10 67 18 0 66 106 0 64 23 36 101 44 52 97 0 33 22 68 0 45 53 0 6 68 101 36 15 0 0 117 95 149 15 38 37 8 136 15 14 126 18 28 45 18 46 3 42 41 49 42 22 45 112 0 51 139 0 41 78 9 72 91 30 6 22 48 37 0 118 144 0 10 86 0 2 30 5 36 10 94 47 105 39 6 46 35 21 124 63 90 76 37 30 40 19 40 21 126 15 8 82 29 0 79 136 114 69 115 0 128 10 115 40 96 13 78 32 100 120 94 57 44 60 32 43 152
43 107 18 18 59 72 98 0 163 34 40 3 109 58 38 14 0 0 121 0 101 12 20 29 80 64 90 69 93 24 108 0 0 15 115 132 6 70 85 92 27 45 37 20 55 76 91 58 88 14 40 31 72 180 40 112 103 69 0 56 48 45 55 41 35 7 83 40 67 136 72 74 81 100 52 6 18 51 0 108 53 39 0 32 0 10 0 14 99 16 9 58 25 8 68 50 39 0 91 65 0 76 17 44 0 70 0 10 89 84 36 37 71 36 57 13 158 79 6 90 111 119 44 20 101 32 49 24 24 45 93 6 0 68 28 55 132 117 82 36 70 0 44 36 74 26 30 177 44 48 101 120 42 32 54 0 3 85 32 0 54 24 28 65 8 102 117 169 138 54 36 0 1 24 24 52 34 64 125 56 72 76 96 0 153 74 26 185 35 34 36 35 65 0 24 73 5 123 52 20 32 23 16 49 62 35 6 63 1 52 36 18 63 133 49 43 140 8 103 0 109 38 58 28 145 0 66 27 88 28 64 0 188 157 88 48 8 6 0 82 0 12 0 48 16 105 54 14 152 8 9 30 95 119 172 73
14 8 111 40 103 72 160 16 235 14 77 99 39 14 17 107 0 33 112 141 67 62 85 16 78 42 72 38 84 100 136 102 44 144 41 24 28 163 94 116 262 0 58 95 50 42 34 224 109 22 28 222 106 127 92 106 64 90 97 115 165 97 74 119 65 27 18 60 6 63 132 10 84 142 45 14 8 16 8 138 45 124 22 51 29 51 8 60 123 0 24 144 10 94 106 126 18 145 43 92 72 68 14 64 36 86 129 20 0 177 42 125 78 115 99 176 110 39 24 16 200 157 64 9 108 52 129 35 111 101 153 10 72 133 112 41 49 67 56 22 71 40 138 90 85 16 117 119 40 51 114 78 96 82 71 26 88 0 64 40 69 50 91 66 70 154 177 55 217 95 107 32 35 31 10 72 112 42 34 88 189 110 110 25 27 161 94 75 35 250 26 63 52 73 53 64 99 108 0 58 89 41 77 42 37 50 88 144 102 95 60 190 63 123 18 68 91 84 161 6 90 39 118 95 90 78 202 94 0 76 8 34 112 13 93 39 82 99 174 197 68 61 69 111 34 129 101 38 86 20 28 0 50 134 224 95
28 56 121 0 56 118 25 26 16 96 0 0 18 69 0 27 8 0 96 3 84 0 54 35 15 119 87 111 0 77 90 70 63 42 101 16 91 9 33 40 45 81 17 234 46 58 18 84 144 24 19 103 45 60 87 56 21 30 75 128 16 24 21 122 128 6 43 60 90 105 34 9 64 24 0 103 9 0 6 30 42 70 105 23 24 27 44 6 23 47 18 72 3 155 18 55 0 67 84 76 72 75 180 102 0 105 45 200 24 94 42 50 18 106 14 182 86 12 42 35 130 18 94 42 98 139 107 48 40 84 84 116 33 54 144 42 72 0 109 83 80 60 63 77 77 0 12 13 64 101 8 5 56 8 12 18 24 27 92 32 0 8 59 91 116 53 88 39 159 34 17 0 24 9 25 91 120 63 131 99 8 4 56 7 114 127 0 27 76 18 74 60 52 46 72 14 2 53 9 0 0 6 1 0 24 27 16 19 2 70 30 108 24 74 173 27 24 8 123 57 61 3 4 71 6 21 34 126 129 88 0 9 2 181 0 94 194 13 10 0 30 40 21 93 0 61 78 0 23 22 81 112 7 71 151 18
77 0 63 45 125 67 24 123 87 19 7 71 60 71 48 60 133 129 149 80 133 31 49 230 44 0 147 162 132 48 70 7 54 66 28 0 72 138 36 145 1 103 156 36 9 112 6 126 64 72 94 23 49 3 0 0 28 12 13 12 38 4 114 57 18 43 0 131 40 37 63 12 24 60 68 20 47 55 60 34 46 40 16 59 21 0 54 56 48 6 32 27 37 101 22 163 24 57 56 78 82 0 180 0 14 72 63 84 27 30 20 7 0 47 48 38 8 5 31 15 89 3 44 36 89 14 50 58 56 16 6 31 33 15 57 40 62 2 98 42 54 28 49 29 62 6 108 70 44 0 80 54 136 36 60 87 33 33 24 9 153 20 0 0 38 0 12 63 0 47 24 48 97 42 4 0 72 78 54 7 33 78 8 4 42 140 27 7 60 27 41 36 81 71 108 3 63 9 16 12 149 61 72 81 49 43 67 0 39 139 120 18 0 83 54 31 112 85 109 20 0 39 9 112 27 8 8 40 83 52 35 30 30 89 142 153 24 34 8 111 12 127 86 0 0 46 15 158 72 70 65 82 18 71 97 81
70 127 9 62 33 12 24 219 28 164 7 119 36 145 99 48 8 67 0 47 56 27 7 17 85 22 174 40 24 17 35 34 36 112 46 63 3 232 102 92 138 11 45 81 24 180 35 135 22 57 30 71 57 48 174 24 26 57 87 64 43 19 0 58 88 10 3 32 88 20 72 37 12 51 143 69 53 68 7 76 27 43 69 57 52 33 58 64 20 6 90 34 119 118 5 119 74 59 129 123 32 57 26 36 0 32 66 79 117 36 12 154 138 40 81 29 52 9 96 27 15 0 83 30 72 16 147 9 0 40 54 20 174 104 54 28 55 70 112 87 160 8 23 19 56 16 222 13 42 36 69 64 35 0 9 84 95 24 87 81 45 28 40 76 42 33 73 36 26 47 22 48 32 23 36 100 50 54 60 32 12 49 47 7 55 56 48 91 97 20 68 0 72 69 57 12 0 96 44 58 90 41 23 63 20 96 6 0 0 40 66 58 24 24 32 93 100 30 111 88 29 20 16 71 0 69 52 106 42 72 28 70 74 23 26 93 108 95 36 60 56 28 4 14 50 72 8 93 26 77 111 46 12 28 91 8
9 24 29 0 24 9 28 93 142 35 0 90 138 55 139 28 0 9 142 29 41 12 48 23 56 56 43 48 29 48 36 54 63 21 21 5 52 56 92 24 73 40 0 0 0 66 96 79 0 49 9 63 4 138 8 119 49 36 75 27 134 63 0 109 51 0 49 15 38 8 16 10 14 0 39 60 23 2 0 8 0 33 122 20 3 4 111 0 107 12 33 42 0 63 14 15 31 0 38 67 0 48 0 24 43 0 104 0 8 12 18 24 22 57 0 51 0 0 24 76 21 38 24 49 100 24 43 58 53 60 0 82 25 42 20 48 35 7 83 13 127 0 83 10 35 84 70 20 141 0 0 133 68 48 0 0 0 16 42 0 16 18 38 75 95 61 43 52 0 96 33 54 8 0 0 112 16 32 0 14 10 70 40 0 18 128 24 72 42 13 0 27 144 21 90 0 9 0 18 0 94 12 63 64 31 0 42 9 112 43 57 78 79 57 76 21 76 0 40 20 24 39 72 36 8 120 0 28 47 91 27 0 81 72 0 26 109 4 92 27 139 22 0 0 14 62 103 42 19 19 14 0 130 253 105 0
36 207 117 107 0 81 96 27 57 59 30 55 40 88 0 0 112 30 48 71 45 66 117 88 78 5 147 56 40 113 24 83 12 46 99 60 62 111 74 91 59 64 15 48 24 0 63 75 222 12 104 99 16 34 111 0 9 0 42 56 64 6 18 8 129 53 56 87 55 56 0 65 127 0 126 63 0 34 56 155 121 131 16 36 5 43 78 96 16 36 87 0 56 150 129 193 105 15 59 247 46 19 24 40 13 14 81 32 41 24 21 38 24 18 22 136 94 54 165 42 133 36 51 27 72 48 40 0 51 24 52 55 28 74 166 126 36 137 100 95 55 80 109 57 60 111 176 33 72 36 30 94 32 54 11 0 126 102 0 24 0 66 8 36 14 104 43 51 144 42 0 0 42 3 73 9 63 30 93 84 178 5 83 34 157 0 0 72 96 13 154 45 85 23 72 54 27 0 0 35 18 0 9 54 28 36 8 0 0 115 28 75 12 48 39 5 135 40 19 27 16 0 130 27 0 18 72 84 54 28 74 66 87 79 0 67 87 74 12 129 125 54 73 92 73 109 30 39 26 6 114 92 6 62 72 89
85 119 39 14 93 75 155 15 138 115 52 136 162 69 0 28 66 76 86 44 132 155 78 119 178 48 206 88 80 60 86 36 101 48 133 27 97 105 1 98 64 78 105 154 68 36 0 105 105 36 61 78 77 61 50 5 0 0 54 30 56 0 187 32 136 14 54 136 57 0 111 0 45 40 53 66 33 123 36 28 15 0 99 0 40 22 169 44 64 0 118 40 151 65 63 0 120 129 172 53 62 8 156 48 33 81 70 131 45 52 47 9 6 128 93 84 128 24 48 10 149 85 194 22 121 28 102 74 143 15 34 78 62 63 177 65 44 12 0 56 228 96 82 86 78 96 6 1 24 80 133 67 210 125 104 88 41 36 35 81 136 23 48 0 56 156 5 51 145 5 56 90 44 33 0 113 161 137 0 0 171 109 71 0 81 140 41 129 46 46 49 141 48 0 186 42 56 18 56 125 103 32 74 52 112 56 130 121 101 78 65 64 5 84 48 45 148 34 26 56 70 80 102 120 48 15 80 93 73 45 8 36 129 49 30 0 30 68 84 86 103 133 36 73 4 119 0 95 114 64 36 52 24 54 148 154
24 0 47 25 49 0 51 56 32 18 24 23 91 0 51 52 36 49 0 36 37 108 102 160 30 0 79 73 69 60 80 0 0 155 86 8 35 84 32 91 79 56 0 130 30 68 57 56 60 50 20 133 0 52 0 5 77 48 105 8 56 0 30 66 38 32 68 25 1 120 68 10 44 18 55 79 78 15 10 116 0 63 42 6 26 5 28 0 51 0 114 60 21 0 36 0 0 14 73 127 15 67 72 135 36 16 9 85 0 98 12 12 8 0 73 117 79 36 27 48 133 32 0 45 73 0 63 72 14 174 22 128 101 35 71 24 136 20 0 91 60 100 49 104 4 10 3 18 52 0 0 58 28 40 32 40 0 28 27 78 15 30 8 0 43 53 123 107 40 134 0 27 76 69 0 20 20 91 45 134 103 144 23 61 186 0 0 34 157 20 72 0 38 25 77 0 61 43 24 13 46 0 21 18 52 0 14 0 4 58 90 47 18 63 72 40 23 140 73 55 45 37 60 42 9 76 20 74 147 58 72 18 80 118 126 16 84 0 24 54 24 0 0 31 53 50 65 63 70 16 81 176 110 34 135 0
171 57 7 73 116 5 22 97 73 0 57 127 28 114 59 47 45 23 30 68 45 100 87 27 35 8 123 118 51 145 21 6 92 85 53 92 25 6 149 23 122 105 57 139 32 54 92 21 20 58 73 56 65 102 0 17 23 66 54 99 36 81 3 119 47 37 104 22 107 53 0 179 80 62 21 100 25 24 16 144 200 132 76 1 6 4 144 6 94 41 17 27 76 40 25 60 36 55 57 42 46 16 109 0 27 85 51 87 87 48 0 13 33 30 86 134 64 83 45 64 30 69 16 4 38 57 58 42 60 46 183 17 103 67 110 42 121 51 50 100 139 57 135 70 3 4 38 119 39 112 0 150 72 80 86 66 8 76 0 6 75 51 107 52 63 43 27 17 176 44 56 51 42 25 2 69 60 6 96 60 151 49 52 75 30 10 84 72 18 60 20 96 56 19 42 61 18 117 18 29 66 110 14 4 38 84 24 0 91 48 18 30 12 62 54 6 72 85 54 39 121 130 71 10 83 126 18 83 18 29 120 6 39 19 4 94 205 81 36 70 133 163 74 55 18 44 24 6 68 0 12 58 9 32 28 140
28 64 4 80 2 18 32 0 28 16 5 55 68 39 45 0 18 0 100 84 136 77 7 172 43 0 97 125 0 44 72 9 9 0 24 109 8 50 38 142 97 89 40 12 4 0 0 30 24 52 116 35 36 0 67 0 7 88 54 92 43 47 4 3 43 47 48 60 35 64 0 72 48 56 40 38 32 22 75 98 60 72 87 20 84 24 83 56 40 0 53 18 40 9 42 156 81 8 131 87 9 8 0 24 193 93 0 0 46 18 84 9 41 0 28 48 39 0 42 57 0 0 42 4 27 23 20 16 32 73 100 0 44 174 28 52 0 0 10 40 6 42 76 50 64 67 131 0 16 37 0 72 47 45 12 68 43 56 8 26 75 48 0 44 128 46 30 76 116 36 7 12 18 0 0 48 64 70 5 12 123 9 0 56 44 93 32 36 50 0 104 50 10 14 109 40 81 12 20 0 10 27 0 98 42 68 14 0 72 82 0 0 16 12 0 48 22 0 44 12 69 48 64 15 77 0 0 8 0 0 80 35 36 0 20 0 5 28 62 28 139 172 142 20 24 82 76 15 69 10 74 80 28 87 32 24
77 26 16 82 68 0 157 71 50 75 63 16 35 4 35 41 18 72 94 54 18 41 58 27 57 62 70 65 64 28 76 0 58 102 234 0 12 45 0 24 55 149 72 108 72 94 36 18 25 57 92 57 14 0 21 61 37 0 88 49 140 104 113 53 104 0 77 0 72 8 9 0 0 0 112 21 77 22 25 80 0 86 84 48 52 61 163 78 60 100 24 90 35 7 48 126 87 0 48 56 70 3 87 24 48 93 131 113 143 107 64 81 1 112 89 128 120 77 29 32 69 45 87 4 12 77 31 81 62 52 75 152 8 6 23 0 18 18 35 34 137 99 0 11 93 79 24 71 0 63 104 73 124 50 36 32 0 42 0 11 38 16 24 112 95 75 17 55 8 53 18 55 35 9 42 60 125 4 67 0 24 102 16 35 30 190 0 162 35 15 72 7 18 21 38 1 5 101 0 26 43 24 1 0 61 21 67 2 60 135 76 61 25 108 68 17 42 88 83 28 0 50 7 147 9 16 0 24 44 58 1 6 67 47 98 84 0 27 96 87 26 40 0 24 12 0 101 41 0 65 139 0 99 173 100 18
142 42 91 175 79 101 87 54 58 14 56 142 186 121 148 24 164 173 158 147 134 52 134 126 132 96 116 214 171 196 54 34 14 127 79 58 67 161 132 18 173 160 114 14 0 92 170 134 71 198 8 81 8 64 80 133 95 36 36 62 53 32 218 43 82 0 44 19 115 35 34 54 111 1 188 56 130 106 65 142 78 187 22 0 157 18 48 58 183 67 75 60 15 109 40 61 36 202 117 65 82 38 158 36 90 70 113 28 157 84 42 50 42 125 112 126 163 128 140 142 117 50 43 95 45 46 49 44 37 85 138 170 210 131 50 26 56 51 103 42 188 10 46 103 20 7 36 9 58 114 67 0 110 45 32 135 197 106 127 8 71 92 4 15 143 63 96 249 115 143 45 133 197 147 38 33 84 13 40 118 50 10 101 195 143 101 88 83 128 0 51 0 54 208 108 57 88 99 72 27 26 205 53 75 138 28 49 8 32 59 14 126 59 169 4 10 13 140 112 24 74 125 68 144 110 34 8 74 155 94 55 49 57 106 160 104 154 6 102 74 136 174 159 18 0 55 0 99 98 9 167 48 149 54 150 74
56 0 72 78 36 70 0 52 43 0 31 35 42 27 8 0 49 0 0 4 0 8 51 151 6 0 105 40 64 54 0 38 8 40 45 54 2 45 14 0 48 21 70 12 32 35 49 2 10 66 36 25 64 20 15 0 57 0 21 0 0 34 8 57 2 75 0 12 15 27 0 0 65 0 0 16 25 7 18 29 0 20 14 0 3 48 0 2 31 0 0 12 19 116 0 27 0 0 24 109 66 16 25 14 10 14 9 40 40 24 2 0 30 31 39 0 75 3 0 66 45 47 10 0 57 28 32 20 30 14 105 20 4 24 0 20 0 24 35 81 62 38 45 15 12 4 16 8 90 14 10 18 56 36 29 9 19 0 0 24 0 0 12 0 45 14 9 59 72 23 28 0 45 12 10 42 25 57 28 25 66 25 18 78 16 0 96 70 24 45 0 27 25 47 6 30 10 32 18 44 39 37 21 0 77 28 35 0 0 27 0 44 27 9 75 17 30 49 125 20 53 21 4 25 0 6 40 36 116 15 24 24 38 124 47 21 65 0 0 56 36 6 55 18 58 21 53 9 14 0 25 49 47 81 35 77
76 0 20 36 28 24 73 12 54 43 0 2 16 48 10 0 36 69 8 63 61 29 30 36 0 30 8 46 20 45 0 78 57 8 77 54 48 0 0 47 28 114 75 44 0 44 15 10 82 0 0 40 39 0 0 78 64 0 0 28 38 81 48 4 21 24 70 0 99 46 5 9 86 72 18 36 26 35 30 32 0 40 143 81 12 0 81 0 72 27 10 19 62 41 8 12 18 24 63 104 0 36 34 0 37 8 72 72 29 32 0 9 67 22 0 32 41 0 56 56 18 73 115 0 24 0 0 12 32 45 45 24 6 12 31 0 52 141 110 28 8 162 36 109 21 36 41 0 18 18 27 90 102 0 151 16 40 24 20 0 28 4 39 74 54 104 26 16 117 108 0 26 0 0 3 81 26 12 50 0 44 0 0 57 2 0 28 55 62 20 0 4 0 54 61 8 6 3 6 27 52 0 8 76 25 30 0 6 0 12 48 0 0 90 36 18 0 32 43 36 67 51 94 40 0 42 64 17 0 30 16 0 62 0 23 10 10 0 17 46 17 37 71 12 32 18 69 68 21 0 128 0 4 3 20 24
194 80 46 53 12 18 101 53 54 72 121 25 62 153 54 54 123 0 44 36 125 57 42 126 110 22 151 92 18 122 113 16 45 79 210 54 42 76 45 211 173 54 144 73 64 54 139 102 110 49 146 17 54 27 71 5 92 156 126 106 189 40 84 0 137 34 140 163 156 41 18 55 0 103 89 36 81 88 3 22 78 71 24 64 154 79 126 32 32 0 4 30 45 133 130 236 81 130 45 116 101 66 21 22 105 13 239 83 67 99 91 22 31 75 80 108 116 18 38 27 4 18 16 40 65 27 141 102 14 50 177 57 54 48 144 39 33 16 4 156 23 81 52 22 30 150 51 66 0 277 35 125 51 59 39 92 55 48 10 27 45 21 85 117 115 99 34 40 21 19 26 0 0 63 8 35 84 8 84 61 0 106 68 45 111 235 6 106 116 72 149 23 176 27 50 42 73 0 60 23 61 36 16 55 61 72 81 6 127 110 48 40 10 59 82 8 68 219 30 177 138 90 170 136 85 64 61 90 114 48 35 29 53 4 72 45 52 135 56 18 84 98 78 27 22 52 72 30 72 127 191 39 130 27 84 114
16 28 0 76 9 106 63 36 14 177 7 48 127 36 0 0 100 0 61 3 26 132 72 117 35 32 54 0 2 49 0 168 0 20 273 108 0 0 120 68 134 90 63 88 64 0 0 0 174 8 156 0 0 69 28 131 106 21 0 0 58 128 45 40 237 39 28 45 0 0 72 16 0 24 28 89 4 88 28 96 107 9 85 0 76 38 197 58 89 49 18 159 39 183 0 51 42 0 24 70 24 166 0 12 111 20 0 0 207 66 28 15 54 0 108 62 24 156 98 192 77 70 36 0 12 128 109 75 36 8 12 0 0 8 65 35 15 72 68 35 128 159 56 24 0 81 84 0 45 199 0 99 35 62 0 0 84 25 2 40 24 28 0 0 0 0 0 23 12 75 81 45 41 10 0 55 151 65 27 59 82 74 48 16 23 179 8 0 0 0 64 14 138 52 67 88 0 95 0 0 54 42 0 75 28 36 120 38 100 85 0 51 64 101 79 56 164 63 105 44 0 44 48 0 0 29 111 46 59 0 56 0 140 52 60 72 18 0 85 36 84 16 63 72 0 57 81 14 120 40 56 8 0 51 131 62
117 57 61 99 66 10 43 171 45 0 25 68 100 38 35 14 21 56 91 141 68 55 53 72 35 0 16 0 0 104 49 80 52 101 79 0 34 97 56 24 44 45 39 33 18 55 0 119 133 43 0 121 104 60 18 53 5 33 23 76 48 39 160 21 31 42 3 88 68 46 128 0 54 33 62 7 58 25 9 28 150 32 171 39 0 0 50 42 22 38 74 95 44 28 60 0 111 47 126 75 69 115 99 18 54 95 177 30 8 8 42 0 0 18 84 24 32 64 55 18 100 0 49 15 56 9 81 33 151 30 52 68 93 107 15 3 12 6 27 101 80 26 47 9 36 18 21 103 24 0 0 66 84 21 103 58 111 0 2 99 93 31 40 116 81 20 91 20 75 0 0 18 46 0 0 51 89 75 55 0 92 72 7 74 103 67 98 35 75 28 20 0 12 0 121 19 24 39 2 33 24 72 0 0 66 20 5 0 123 96 118 195 88 56 96 67 42 40 91 59 76 15 44 64 84 67 44 57 66 139 136 12 40 64 69 204 197 4 0 165 49 132 106 96 63 97 45 16 0 48 0 18 99 68 18 103
98 8 28 0 10 48 64 8 18 39 28 10 74 86 77 50 12 16 52 32 22 48 76 77 68 39 0 0 91 0 31 0 20 48 151 45 0 47 98 68 28 16 114 2 105 71 6 72 93 0 6 85 18 0 59 62 1 9 5 67 118 5 132 68 0 0 4 99 18 0 5 6 72 45 41 115 111 35 3 32 15 81 59 33 12 0 66 40 21 18 0 35 10 54 0 11 48 49 0 16 51 64 66 28 0 30 36 18 75 30 72 59 42 14 22 112 8 4 51 61 4 13 36 63 42 45 46 44 70 48 20 0 63 0 21 85 0 0 108 74 171 9 9 63 74 9 58 24 0 0 12 121 67 30 21 14 203 51 54 119 36 4 63 0 35 34 0 33 0 4 112 12 24 20 149 27 44 8 141 6 0 28 36 14 68 40 21 0 56 54 56 90 84 12 4 0 39 0 109 59 65 36 9 27 28 81 0 134 47 56 14 0 0 43 9 26 18 63 24 41 70 22 90 13 32 0 6 18 36 18 0 15 0 67 24 68 0 0 52 61 44 4 0 0 10 138 41 42 57 95 89 95 18 0 63 72
105 0 26 4 139 46 70 50 74 42 0 85 128 32 123 0 105 73 24 127 56 69 63 171 50 41 34 128 105 65 163 22 0 241 111 50 44 66 77 43 167 60 53 237 0 66 33 15 238 35 63 45 5 17 16 30 47 163 138 151 74 0 18 33 80 8 96 1 41 0 0 20 88 30 47 94 8 57 0 66 32 92 26 64 51 22 59 0 43 0 6 151 110 97 141 27 0 75 39 168 111 8 97 32 12 20 35 0 74 83 48 60 8 9 96 26 79 8 5 110 96 62 87 9 43 10 35 62 72 123 38 58 53 35 166 112 57 35 30 41 46 87 98 38 24 76 0 36 68 10 10 132 23 58 4 36 72 15 28 54 50 82 28 0 71 74 138 114 144 37 30 110 18 45 57 76 137 9 85 112 112 127 62 18 182 64 60 10 100 124 28 38 134 59 40 40 137 46 0 20 91 0 49 57 0 91 16 14 103 127 63 76 42 130 38 36 72 88 56 57 60 12 128 50 18 86 8 105 77 33 114 25 72 56 66 44 72 0 20 64 145 12 0 48 63 12 28 97 145 37 38 62 127 0 191 45
152 150 18 34 21 24 60 61 11 155 0 0 132 74 135 62 87 7 132 24 81 40 87 14 68 35 89 11 70 12 158 40 0 42 206 117 21 80 119 215 14 102 102 48 0 121 117 40 104 55 0 106 0 2 128 35 139 56 8 0 63 48 281 72 99 46 68 123 119 120 45 58 82 93 146 183 18 139 33 42 24 6 0 24 63 50 109 0 0 21 58 30 45 182 135 46 12 174 72 45 0 28 55 0 40 0 0 0 125 47 24 101 168 113 0 133 179 25 56 62 132 14 56 0 35 61 44 9 80 31 51 40 0 141 72 15 0 93 64 54 139 42 7 73 0 32 100 77 0 126 85 72 75 98 74 48 40 49 58 0 22 0 119 77 117 138 85 21 118 15 89 42 57 41 89 81 85 63 72 110 36 17 66 101 225 69 50 68 158 106 56 0 89 99 93 137 58 86 69 33 0 86 91 108 55 31 0 0 31 71 9 0 10 83 80 49 49 104 68 41 100 45 158 53 179 21 18 45 141 0 66 164 56 49 99 12 102 29 36 94 18 43 62 6 0 63 0 25 102 87 108 0 140 30 0 6
38 16 82 118 6 75 65 56 91 44 26 0 67 54 13 0 21 40 9 78 120 12 22 99 0 26 51 132 41 88 80 35 15 42 174 138 18 39 44 13 52 3 81 45 0 14 24 27 138 16 71 48 50 27 85 3 75 64 0 70 18 32 80 34 89 8 61 67 7 0 27 20 86 24 22 31 8 46 4 40 45 61 77 47 35 67 0 5 28 10 0 4 74 126 70 87 102 24 63 18 10 22 15 8 12 2 21 56 58 8 70 18 0 25 8 40 155 69 81 10 144 27 51 81 55 6 45 39 30 0 31 19 71 0 76 42 45 0 80 31 40 36 45 66 18 66 40 55 81 0 15 108 27 0 3 41 31 0 40 18 0 54 63 36 116 19 62 208 137 13 0 0 89 45 51 0 213 40 4 91 127 9 23 0 145 4 15 3 71 48 111 86 132 65 49 20 37 27 12 0 81 23 0 3 39 87 54 12 44 130 78 127 39 60 42 59 16 75 78 9 51 20 12 47 72 6 33 82 16 8 46 2 93 93 88 69 4 92 72 145 159 47 46 90 76 9 25 20 31 60 15 25 43 81 213 89
151 0 0 24 24 106 120 86 98 84 66 72 150 0 52 0 0 112 4 61 76 109 83 54 76 0 112 172 156 57 50 111 129 29 130 7 55 134 38 52 203 53 92 20 8 45 27 123 35 48 30 54 26 89 70 96 115 118 18 36 84 52 32 35 70 56 14 45 47 73 73 28 45 103 50 73 56 103 121 16 0 49 30 2 42 40 109 58 54 66 16 91 76 82 73 121 36 40 59 100 95 105 103 0 4 39 92 54 76 64 0 75 86 48 30 54 82 84 74 109 58 95 99 28 70 25 76 54 0 42 18 48 93 57 20 69 79 157 266 56 260 45 78 122 61 96 110 40 27 59 150 29 36 101 171 66 16 8 104 24 8 52 84 131 18 52 40 81 61 208 54 76 38 0 6 134 68 129 103 12 98 21 69 0 34 214 49 100 39 117 82 0 162 60 121 0 128 23 112 25 0 2 30 0 76 56 56 27 215 99 0 0 44 277 169 25 32 0 76 156 0 68 79 104 12 141 30 52 77 10 60 28 72 59 130 50 84 77 184 59 125 114 25 42 12 0 61 254 131 149 27 12 103 162 145 55
56 88 0 12 10 6 27 84 84 73 51 67 23 0 136 38 136 57 98 49 18 139 109 16 16 0 199 12 32 93 93 0 34 24 139 71 123 122 45 185 16 31 65 105 2 68 28 8 93 73 13 67 15 34 135 66 13 48 76 180 33 27 37 64 110 19 39 126 57 86 29 0 0 46 40 89 87 44 110 0 42 30 45 47 48 52 245 18 32 31 36 32 71 44 173 47 100 71 198 21 70 42 50 26 0 12 116 91 87 76 40 37 99 15 45 48 24 47 41 78 88 40 6 27 176 0 84 39 79 32 85 5 43 63 89 50 52 51 47 63 41 25 45 64 3 0 62 37 89 83 150 95 143 102 2 4 48 1 0 2 63 18 44 7 64 42 47 35 58 22 30 46 5 47 20 81 12 49 4 0 180 13 0 28 27 167 120 36 82 90 0 12 186 9 59 97 66 51 68 56 46 18 133 126 48 0 142 47 102 62 3 25 0 27 33 105 88 3 82 13 73 35 54 6 48 83 18 174 95 4 0 60 0 64 12 29 49 97 56 123 69 72 33 29 21 94 12 25 59 171 9 0 36 18 29 0
116 6 96 116 5 81 4 48 25 53 6 87 46 81 82 46 7 10 123 51 59 89 55 44 132 18 154 113 34 0 32 45 38 18 211 54 8 78 81 56 121 159 60 56 12 70 73 61 24 55 21 0 9 36 79 0 15 38 49 15 17 0 50 59 80 8 88 40 86 8 72 27 28 0 57 64 20 24 1 133 5 14 16 18 129 69 18 0 27 44 55 45 16 0 0 176 71 94 98 85 60 24 132 62 79 82 18 143 111 38 1 71 59 37 12 180 82 104 231 3 73 24 114 57 98 63 55 15 45 75 33 64 68 28 4 98 0 52 121 99 171 23 90 22 143 80 55 15 108 38 0 98 116 97 43 24 31 53 44 84 60 1 21 91 93 39 49 46 45 17 0 71 41 3 6 36 80 8 15 107 30 18 48 50 99 51 56 82 20 69 76 24 42 45 105 0 28 36 21 21 50 67 32 90 24 53 115 13 56 46 33 77 24 14 55 7 79 25 74 159 65 57 3 51 97 95 70 40 90 41 73 11 15 181 44 126 91 49 0 153 0 8 30 86 16 73 0 84 44 39 68 33 62 108 36 30
39 45 20 28 166 0 30 69 61 6 20 66 0 67 48 0 73 111 16 53 18 16 24 79 5 24 10 45 95 16 105 8 35 15 103 2 21 85 66 30 18 63 134 64 47 172 0 0 48 68 21 0 103 9 16 110 0 83 108 45 27 113 0 44 0 4 42 0 20 58 0 33 4 0 36 15 54 17 24 0 9 77 50 150 16 0 30 0 70 54 40 90 110 12 30 0 12 78 6 0 36 40 85 8 0 0 88 24 21 52 64 18 60 43 4 48 123 3 98 60 66 47 129 8 8 0 5 16 104 10 37 0 42 83 0 0 42 10 2 0 79 72 31 32 25 0 32 49 34 24 60 42 98 48 78 133 162 0 0 127 132 0 93 28 66 122 30 12 52 26 44 89 0 5 80 9 48 16 59 45 12 24 0 42 0 127 40 76 132 59 0 24 36 6 30 6 66 26 40 36 12 114 34 8 19 54 13 28 0 46 47 30 0 130 54 36 8 120 94 24 63 102 83 31 3 40 12 47 36 79 35 9 8 36 60 112 24 45 108 143 29 24 14 12 16 54 29 32 12 14 98 6 31 76 45 0
164 120 12 84 86 21 13 55 87 106 16 138 102 136 24 37 61 56 173 64 29 107 55 171 14 40 155 48 56 95 154 40 84 15 58 70 80 118 0 40 20 96 102 113 12 86 58 125 103 111 55 24 50 93 115 66 75 51 0 99 18 24 96 77 92 39 114 0 64 78 86 0 34 37 86 97 12 19 9 136 108 7 76 102 51 80 53 72 90 45 9 130 26 33 47 18 123 65 37 87 85 52 196 12 38 185 72 168 32 44 28 0 63 55 98 73 67 102 87 150 77 24 121 6 129 80 93 27 76 25 46 45 36 101 64 82 65 78 119 143 88 12 0 53 48 0 33 70 111 23 14 97 98 16 67 0 129 36 0 32 66 53 0 15 125 102 5 105 7 95 0 21 12 24 15 16 15 39 9 46 0 75 79 16 48 77 57 0 100 78 72 5 104 27 115 47 63 50 24 32 93 7 0 24 24 32 135 0 70 218 139 72 0 116 9 60 42 72 141 30 59 22 102 98 37 51 106 110 109 79 63 48 14 195 24 53 87 82 2 55 79 94 31 40 0 129 57 36 185 49 57 32 68 27 38 79
50 84 63 8 0 21 0 28 63 0 18 71 25 50 121 16 79 36 143 72 63 23 96 24 2 0 232 80 83 28 125 20 14 0 52 51 89 43 113 0 32 56 71 4 18 63 8 24 15 10 48 84 21 66 0 36 0 120 0 15 56 0 80 51 71 26 27 95 62 108 0 42 81 15 77 20 36 73 4 34 2 62 0 56 56 32 85 58 75 6 157 41 114 42 67 16 72 148 7 21 30 48 79 3 0 40 50 8 14 69 87 166 42 32 7 56 16 51 63 88 137 39 15 102 55 72 56 80 199 42 5 81 0 0 61 113 36 25 30 61 88 68 63 20 45 63 17 43 20 21 105 43 64 34 34 60 30 95 60 95 44 63 0 9 86 16 40 31 40 9 14 68 0 33 87 112 64 61 0 104 67 16 77 6 101 54 138 0 35 0 4 63 71 9 61 7 31 15 47 5 27 14 98 5 36 65 20 64 68 215 86 87 64 47 9 36 51 34 54 44 92 35 44 107 56 199 35 27 46 5 88 0 35 107 56 63 52 18 20 119 27 134 0 127 30 42 52 58 140 56 48 28 84 109 96 45
108 0 72 131 135 72 0 5 96 96 0 47 45 77 48 63 6 20 3 0 38 54 142 86 72 0 113 27 45 0 51 35 37 60 76 6 29 92 0 73 67 54 36 33 3 38 20 69 129 30 90 150 70 54 48 63 89 0 27 50 77 56 136 0 74 43 27 35 9 52 119 24 46 72 0 60 90 144 4 4 123 102 49 27 24 10 70 15 0 0 10 0 0 57 83 22 0 15 0 0 6 108 18 0 77 6 49 40 90 54 1 5 157 32 14 39 114 4 30 64 6 53 51 0 0 45 52 47 20 8 83 11 18 94 0 18 0 0 5 37 38 79 18 61 0 0 44 47 35 49 46 80 109 24 63 35 63 56 87 0 56 0 6 56 68 14 56 105 8 22 72 76 103 35 57 34 86 72 3 82 49 8 42 0 152 77 98 0 33 52 0 0 92 34 62 0 27 81 0 0 7 75 26 0 0 14 45 14 79 152 25 103 7 112 49 7 40 42 75 98 54 84 29 29 27 24 29 40 57 37 18 40 18 53 64 113 63 33 0 78 162 127 84 135 35 7 87 24 56 29 52 54 45 24 0 21
0 28 14 0 12 0 6 49 133 0 0 107 22 14 9 2 0 19 2 100 94 123 10 33 0 4 48 18 16 40 24 32 79 65 8 33 0 56 0 61 64 73 66 46 0 45 58 26 42 31 56 99 25 0 100 72 64 30 36 34 35 0 50 0 48 0 51 0 17 32 148 0 15 17 12 21 35 40 40 12 22 0 61 16 0 8 121 0 68 64 79 16 6 58 67 0 0 56 5 0 32 62 0 10 89 10 28 0 77 60 46 152 43 0 0 60 16 0 0 40 54 89 25 0 80 0 21 26 30 7 0 112 0 0 122 35 84 0 7 34 32 6 18 102 10 20 3 46 0 0 56 138 167 21 14 6 36 86 16 0 87 8 6 53 155 114 50 77 111 70 18 0 62 0 12 77 30 61 0 113 94 28 22 0 161 0 20 42 48 77 44 0 34 27 72 0 40 0 4 18 68 0 12 28 35 2 24 6 24 68 60 28 14 0 40 2 4 57 0 7 7 49 58 48 0 42 12 7 16 38 6 28 0 12 0 58 7 14 31 105 22 38 25 54 0 12 49 78 57 42 63 0 12 0 66 8
54 116 93 180 119 145 22 117 27 119 0 51 94 0 94 134 108 18 97 62 51 123 222 150 69 8 136 79 0 10 90 36 60 88 138 63 54 89 77 126 51 142 40 61 65 20 76 0 119 131 158 56 20 49 16 87 32 95 42 98 38 60 192 10 76 2 77 47 12 21 64 0 9 27 63 20 169 168 24 147 54 28 80 0 33 16 58 71 86 0 64 58 60 127 18 144 74 148 126 24 0 111 49 49 107 79 63 15 85 96 0 72 103 83 19 224 75 108 52 128 77 31 81 24 19 45 77 0 312 116 0 108 3 108 78 75 18 160 105 72 148 158 91 36 1 40 110 39 103 67 71 142 40 24 88 36 208 56 24 87 44 56 6 5 24 37 121 116 60 76 157 77 16 18 0 12 188 79 0 80 23 0 97 21 144 137 80 55 65 76 40 40 12 22 88 93 133 128 80 111 93 106 52 93 63 63 53 40 5 126 54 95 45 105 178 49 61 73 77 92 15 39 126 31 33 81 88 14 153 32 42 77 57 165 66 96 185 40 0 175 27 148 86 44 9 71 93 32 189 79 122 117 49 26 24 63
64 111 8 7 33 0 56 6 2 99 8 44 53 67 123 117 109 30 18 10 57 18 96 56 32 45 39 75 32 5 74 18 2 15 202 56 14 27 77 106 36 3 52 54 21 94 8 124 120 0 40 141 32 47 72 0 56 28 53 97 6 88 191 76 44 44 52 122 24 121 24 85 87 87 63 155 18 72 27 29 87 80 5 104 22 8 107 33 20 14 0 60 5 80 126 32 34 87 30 40 28 96 54 42 42 13 0 96 24 0 8 41 22 10 33 149 162 56 51 70 32 26 9 36 72 0 75 73 16 77 148 42 48 51 28 53 94 48 68 44 84 99 22 6 43 14 94 104 67 119 41 17 88 30 83 28 81 102 61 8 25 51 142 32 86 38 0 82 95 39 99 42 17 93 32 10 110 180 186 17 53 14 90 16 129 28 70 0 8 42 0 55 46 34 62 15 38 78 25 17 22 4 18 12 48 12 64 39 113 61 0 60 72 94 42 28 35 172 45 70 133 80 207 38 84 20 0 59 102 30 11 81 19 64 12 62 180 62 64 119 172 88 89 6 66 9 59 15 26 127 134 40 67 5 73 65
234 52 107 64 0 31 16 0 95 90 0 143 101 27 136 70 67 73 127 92 45 92 180 169 40 84 120 144 49 101 77 26 56 94 58 66 39 9 198 160 79 19 58 81 44 136 135 46 147 108 98 47 8 88 92 35 31 26 100 216 9 11 100 112 30 56 3 62 27 72 36 102 105 87 69 100 1 80 146 116 95 222 65 123 85 38 192 53 3 25 33 90 122 22 56 230 20 69 156 33 46 87 63 0 203 13 76 24 147 64 31 16 121 72 38 69 75 14 49 36 32 24 112 18 137 18 38 15 177 30 102 93 180 36 57 127 28 57 44 38 79 75 74 62 3 21 190 27 11 120 98 155 162 57 39 18 194 108 72 2 62 0 82 45 177 46 60 39 0 109 77 5 92 15 55 114 41 115 85 34 111 7 88 131 269 0 69 15 170 169 46 87 59 52 20 140 0 0 19 63 103 104 50 63 158 23 51 0 73 203 6 96 0 115 55 88 43 139 136 45 63 31 64 39 6 109 12 184 180 1 18 21 51 32 0 61 95 98 25 250 212 189 91 41 0 114 40 112 62 57 148 62 33 29 45 89
5 4 20 41 22 56 32 21 128 49 17 110 17 103 35 9 80 8 3 13 24 117 119 58 24 0 21 77 66 0 91 182 53 12 133 0 35 76 100 151 59 42 4 134 33 54 42 186 52 15 31 207 1 9 0 120 25 66 42 46 73 75 73 68 88 33 70 10 0 63 175 16 27 21 34 7 76 0 0 68 9 0 44 62 67 9 102 35 40 8 0 111 48 49 29 56 0 39 61 112 26 57 62 42 40 62 183 60 20 72 44 35 62 44 58 91 4 29 39 115 43 22 16 6 32 50 47 42 16 60 65 98 8 58 69 0 65 6 44 19 69 75 55 52 80 0 62 3 8 90 46 40 96 7 90 14 71 23 0 50 0 67 30 44 0 36 76 26 84 164 72 7 52 7 12 16 43 4 14 24 68 2 0 34 85 128 40 7 72 86 52 0 103 27 53 47 87 72 0 0 0 0 18 0 25 4 105 9 94 67 0 70 42 97 67 56 8 68 104 30 0 62 60 53 59 24 24 98 174 12 7 27 176 38 56 92 15 56 88 75 16 56 60 96 20 22 84 0 11 44 84 91 27 88 143 5
85 91 0 73 10 18 16 42 0 37 67 22 175 89 29 36 74 16 56 101 18 2 28 77 24 0 108 0 6 56 48 0 37 59 45 119 4 71 48 88 68 49 57 9 0 72 62 96 92 36 110 66 31 0 197 0 0 80 15 0 57 66 63 36 83 49 18 87 8 0 27 0 46 73 116 120 9 0 27 94 0 17 110 37 10 36 105 66 4 0 19 16 100 56 39 35 66 116 76 110 45 62 7 0 18 117 4 18 63 39 0 64 30 66 18 56 113 57 44 73 177 0 0 3 6 18 78 24 0 0 55 0 79 140 0 21 88 4 18 55 71 0 0 88 18 0 56 46 116 126 35 0 92 58 48 50 106 27 0 7 12 0 27 12 180 36 69 39 0 12 19 0 0 81 27 50 48 50 100 0 42 6 6 69 123 0 75 16 42 24 80 10 18 0 54 32 30 0 8 12 12 40 1 60 32 45 36 3 0 81 71 9 0 12 1 10 0 130 64 7 18 0 31 105 110 8 50 14 8 16 72 15 12 58 18 72 88 10 36 170 97 0 0 56 54 88 20 18 50 27 67 16 65 12 95 127
132 0 27 24 182 60 92 18 251 7 116 146 172 206 73 25 232 74 80 90 86 4 95 91 125 0 0 162 87 109 8 55 21 0 4 77 5 49 110 32 168 125 165 113 63 76 143 82 184 176 27 120 81 154 36 75 101 60 261 130 111 4 130 72 40 58 98 116 112 217 116 27 51 0 187 63 20 112 147 56 170 102 15 81 114 26 225 0 203 38 119 194 56 97 0 7 58 37 6 53 22 126 48 47 126 0 188 150 142 55 81 20 36 0 18 63 358 165 92 142 33 20 99 49 47 12 54 49 78 74 41 78 165 36 61 110 135 38 103 91 198 36 43 60 79 79 184 46 0 116 25 216 183 187 80 170 64 12 117 42 93 80 121 55 259 126 166 65 56 65 47 117 125 96 105 133 0 144 128 18 172 130 83 47 223 96 63 160 87 41 71 17 105 18 155 12 87 21 61 90 34 72 68 63 165 85 144 26 86 105 0 80 67 220 6 63 34 212 125 4 8 147 80 19 98 150 35 119 234 20 172 3 35 58 80 281 183 142 154 337 152 150 70 72 10 94 58 56 88 3 103 6 177 59 94 67
252 24 15 101 101 0 56 83 101 13 64 73 40 62 54 24 159 20 70 103 35 5 53 175 43 40 121 5 70 0 26 0 42 97 144 0 63 117 25 76 128 191 96 45 87 13 0 74 60 72 55 18 109 51 5 82 18 17 0 138 48 36 34 112 77 68 131 51 141 168 6 46 55 55 67 49 78 84 48 36 0 9 0 21 134 24 0 0 178 69 92 39 14 71 69 79 99 22 6 106 48 76 43 6 18 0 40 18 37 4 18 31 9 44 93 90 163 117 80 120 10 8 143 24 60 12 18 56 16 26 48 18 127 126 61 8 64 6 7 122 12 33 10 0 58 18 72 71 129 4 31 63 25 140 69 43 115 0 78 73 25 68 41 42 176 40 56 144 99 140 6 74 88 5 76 9 52 78 55 36 42 10 80 118 84 62 120 117 48 59 72 58 0 0 123 79 17 30 111 81 72 41 87 21 59 0 60 70 56 67 50 0 0 61 20 6 56 77 51 25 57 98 10 3 42 42 35 76 124 45 62 59 58 83 72 104 0 0 90 163 63 22 53 12 58 36 0 2 67 95 0 0 54 83 16 81
12 38 46 22 25 12 32 28 129 4 21 65 42 118 113 0 57 23 54 64 153 37 144 40 24 56 206 18 67 0 18 0 11 2 53 99 28 103 91 172 57 6 51 0 15 40 0 35 50 52 40 45 0 56 6 69 73 56 27 114 16 63 21 66 14 18 46 198 6 73 43 65 24 15 127 39 28 30 51 36 0 0 40 102 0 64 80 30 114 63 32 14 47 22 39 99 0 82 112 62 100 49 52 32 81 42 0 34 17 52 16 42 58 0 11 37 69 56 74 77 79 90 0 75 163 0 119 35 75 62 30 42 40 48 119 76 63 110 96 127 124 121 24 34 20 37 48 12 10 27 66 85 148 164 89 12 78 62 0 25 66 32 45 92 88 138 90 65 166 28 15 0 24 70 56 0 18 65 83 0 70 9 0 0 96 84 108 0 71 54 67 36 113 7 73 24 78 6 54 38 24 0 15 102 96 0 48 36 72 105 0 35 0 63 159 70 46 41 111 87 40 111 53 39 28 70 0 44 104 99 72 33 72 166 0 40 95 0 68 75 61 138 18 57 22 121 22 54 113 102 0 36 12 175 24 6
45 105 24 49 30 94 29 162 99 46 21 63 56 35 37 62 10 77 41 52 78 18 126 70 14 35 98 6 42 0 78 52 17 46 119 58 0 72 28 122 178 119 60 92 66 56 74 51 48 160 14 45 37 21 0 93 38 42 0 9 16 18 10 16 9 55 2 64 16 37 19 26 93 16 33 100 12 18 35 66 94 103 0 26 30 36 213 0 65 77 115 70 11 24 35 70 71 163 107 173 57 0 42 0 12 14 40 107 80 33 39 41 10 0 4 63 12 25 88 67 6 53 68 23 4 63 73 40 150 0 0 64 40 144 0 102 78 12 80 59 170 0 70 24 35 36 63 103 19 60 47 76 40 156 32 54 99 27 18 90 93 12 90 10 63 16 0 3 0 35 29 20 8 16 71 44 120 20 47 63 64 28 45 0 27 130 66 10 50 143 10 25 48 48 39 14 102 35 42 68 0 79 80 26 47 81 15 5 212 165 5 45 0 74 4 19 131 107 24 0 5 42 34 64 76 88 14 52 12 36 39 30 53 2 6 137 120 93 86 155 54 72 46 21 12 92 0 12 52 0 87 15 31 51 75 65
107 57 44 0 141 169 124 98 134 77 74 60 78 60 30 31 160 21 86 151 8 76 71 137 197 0 200 188 96 28 54 155 1 113 82 1 86 150 2 162 129 131 148 253 42 138 107 43 44 58 66 44 50 99 136 95 104 7 72 96 8 48 42 147 130 8 83 103 55 18 56 53 16 160 160 51 14 138 87 88 152 14 155 62 174 72 100 61 173 12 0 128 179 121 96 110 40 165 0 40 28 8 156 36 14 134 119 132 44 118 32 65 6 122 71 73 139 50 34 155 141 132 188 38 4 151 72 82 92 68 113 28 119 39 0 27 35 67 149 40 120 133 119 27 52 49 56 22 0 98 48 27 160 21 111 108 130 0 59 30 69 15 157 81 92 221 6 142 19 22 8 26 193 28 76 47 18 67 59 64 94 65 9 99 9 42 49 70 86 85 8 24 97 206 27 85 21 97 40 69 59 133 78 39 118 133 142 48 83 166 12 190 64 98 9 30 147 74 147 148 0 165 108 144 12 73 101 56 98 60 86 38 98 128 49 50 132 142 77 44 178 117 41 45 61 57 72 83 89 138 111 32 68 34 258 64
137 88 82 157 195 98 111 12 149 81 81 77 159 113 95 75 42 171 89 0 91 30 94 153 63 163 112 22 14 50 58 60 21 126 182 126 6 66 89 86 85 182 144 60 68 140 51 14 59 7 0 63 50 0 76 123 93 80 119 159 78 110 153 113 53 110 146 82 180 78 63 25 0 125 69 99 78 87 12 20 45 134 135 75 4 0 58 0 104 7 39 228 44 37 97 73 27 46 95 139 14 104 80 76 61 54 72 56 56 150 93 0 152 147 69 65 72 16 77 14 36 36 189 0 2 80 87 73 47 127 35 70 24 109 40 29 42 75 112 16 142 180 184 81 27 42 32 0 23 41 81 81 191 102 156 123 50 68 20 84 121 33 177 138 51 222 120 32 38 16 0 118 68 23 39 6 60 0 141 18 114 156 5 22 163 182 139 97 182 56 0 28 37 51 60 17 123 152 0 14 0 155 0 56 85 66 5 47 21 124 111 42 36 235 126 169 74 126 171 15 180 46 136 126 23 65 49 80 96 131 120 0 169 85 151 67 166 15 153 69 0 92 60 6 60 0 30 126 101 35 90 87 36 80 18 93
132 54 25 56 83 35 95 28 23 5 97 95 136 59 126 84 139 131 132 52 146 80 124 186 70 32 139 143 88 35 27 48 0 49 77 130 95 81 32 8 112 49 296 47 16 15 83 12 37 107 15 32 12 158 56 79 211 2 20 131 80 163 166 42 68 28 6 8 18 0 22 0 0 21 61 77 90 95 136 81 207 35 102 59 16 99 8 32 62 0 84 91 22 40 26 96 5 141 73 84 8 8 93 12 85 80 40 96 56 64 83 40 118 102 47 116 63 91 15 103 77 42 136 146 36 81 31 35 0 5 120 92 158 18 88 75 1 38 146 144 48 30 14 19 88 104 52 40 79 8 24 0 49 67 145 56 174 0 105 42 165 78 77 72 97 56 0 93 8 47 0 100 151 30 0 32 72 6 0 6 12 74 69 146 0 5 102 53 49 44 60 80 32 113 230 40 83 63 108 28 36 35 57 52 49 0 211 67 76 196 25 98 58 66 31 64 136 92 72 36 7 0 4 64 7 0 35 115 45 42 0 14 92 124 63 12 149 2 126 47 28 182 88 45 108 129 7 12 133 40 35 24 116 0 84 66
18 72 32 30 0 42 77 75 0 81 0 30 36 32 54 22 40 69 29 81 12 4 20 24 36 4 28 36 18 15 37 86 21 31 42 91 0 90 23 0 102 37 30 20 24 12 2 66 0 38 61 25 63 33 97 16 9 20 24 39 43 12 81 27 0 0 18 127 30 56 24 37 59 5 185 1 46 54 105 139 80 88 72 0 21 35 0 0 99 46 30 33 36 96 85 0 18 120 0 133 101 52 27 20 0 73 0 0 32 34 24 38 49 0 36 108 80 42 0 114 126 12 0 18 98 0 44 0 63 12 5 0 6 0 82 6 109 37 48 0 271 108 141 75 55 24 0 15 0 15 25 0 34 105 120 66 6 54 0 18 12 120 54 63 0 66 78 120 118 27 83 0 88 0 24 81 71 36 0 4 200 5 39 5 24 35 8 0 12 26 61 0 73 27 0 63 62 2 63 63 4 0 0 0 58 21 12 51 3 34 14 54 20 6 0 23 89 45 24 42 24 0 37 23 0 0 15 78 36 1 0 63 0 16 27 63 35 140 5 45 121 18 0 0 38 36 25 42 5 6 144 54 62 36 80 91
16 33 21 18 110 51 40 10 32 10 26 49 15 29 69 5 26 0 3 100 61 49 31 21 61 48 70 32 0 27 17 32 6 108 22 0 0 60 44 74 45 44 0 64 56 54 0 61 90 8 5 15 13 3 62 18 16 69 84 71 82 32 50 24 9 0 17 15 8 12 0 15 77 10 0 54 48 39 1 2 15 4 0 24 0 64 7 23 16 3 51 96 17 154 89 36 13 15 21 34 52 12 15 56 27 24 0 0 32 20 41 71 40 67 14 99 44 52 30 2 9 0 0 105 22 36 110 31 17 29 121 8 30 33 76 68 36 35 40 41 29 37 56 42 39 16 39 52 78 4 41 52 9 0 7 24 0 24 20 66 9 12 40 0 17 51 0 0 108 21 62 39 0 12 40 6 4 80 75 0 105 70 94 33 30 35 64 100 36 55 0 2 96 3 88 116 64 70 0 0 37 16 24 0 40 56 13 0 61 24 0 48 3 18 42 129 55 8 108 2 25 76 4 3 6 63 0 17 24 0 51 64 25 22 36 0 85 14 5 24 0 39 45 3 71 35 51 2 0 8 21 22 25 16 30 54
0 16 27 125 88 118 145 6 72 54 12 118 36 95 105 36 63 0 0 55 154 26 42 12 152 8 4 100 71 136 41 80 44 0 33 52 27 42 6 86 129 8 92 37 18 37 3 24 0 15 65 27 144 17 105 8 36 74 56 106 137 83 0 57 63 4 32 128 24 60 0 79 108 29 9 119 64 33 98 0 175 24 126 98 48 9 44 27 128 44 0 18 33 163 53 95 105 79 119 78 24 49 1 81 102 64 49 34 71 16 107 0 4 0 110 93 115 80 39 40 46 7 95 8 83 15 149 118 0 5 63 80 163 112 31 52 57 54 161 156 80 0 49 158 15 24 54 36 0 45 4 9 43 24 33 146 128 52 0 19 56 46 114 32 118 26 40 88 21 141 70 56 40 0 84 72 92 0 0 81 200 154 13 63 67 249 14 32 115 0 103 72 91 65 117 93 18 101 65 14 45 32 18 4 97 0 8 0 60 81 6 56 60 42 0 84 112 100 140 63 61 72 29 15 88 71 3 149 0 118 138 16 89 87 61 56 64 100 113 83 102 84 119 41 28 63 79 99 55 53 93 20 86 150 198 89
88 90 0 101 6 0 8 107 21 173 42 103 84 99 62 7 30 135 60 20 116 70 68 170 20 116 35 118 2 26 7 54 34 102 211 80 14 64 151 26 63 21 126 78 26 107 0 26 198 24 42 8 35 63 79 70 0 54 127 123 96 77 53 57 23 51 22 78 74 27 49 77 56 117 51 89 77 153 0 14 29 0 24 10 0 0 72 42 0 0 24 202 174 84 69 6 0 77 108 37 0 160 18 0 156 111 56 34 156 17 21 87 81 91 159 36 81 82 35 196 56 108 190 0 28 16 116 9 64 0 141 64 109 114 0 65 0 2 69 65 197 90 5 45 74 136 104 12 150 63 105 5 44 0 126 81 69 0 24 119 81 26 108 0 56 94 45 6 68 6 136 159 0 21 14 217 169 69 69 21 30 24 48 12 65 0 21 0 131 21 56 0 42 0 84 56 0 9 92 2 83 42 24 0 25 50 0 56 115 183 97 36 44 4 91 104 84 62 137 50 92 120 12 114 0 170 56 18 87 132 75 15 66 40 14 135 18 21 8 24 15 40 91 24 29 148 45 56 0 44 63 7 39 0 0 252
56 65 4 49 181 24 72 0 60 55 119 136 11 63 6 97 51 24 84 72 127 178 168 229 0 6 99 81 0 9 73 58 101 129 51 57 0 186 81 87 140 36 92 151 66 50 37 8 261 83 203 56 68 127 68 45 123 89 72 24 60 123 238 108 101 42 146 37 17 63 142 65 27 70 124 150 84 109 72 93 128 18 74 61 48 16 0 18 0 45 107 91 36 207 102 71 108 111 83 27 160 196 142 48 118 91 75 66 118 90 85 21 146 44 28 225 22 0 50 173 64 66 160 16 106 94 17 6 159 111 0 126 6 84 185 135 56 9 24 105 50 102 30 33 27 64 48 20 163 90 155 56 102 4 102 11 89 75 16 110 70 67 65 71 150 81 15 128 105 94 223 50 56 6 18 24 266 54 27 120 33 55 155 73 180 27 81 47 154 157 56 4 191 8 45 104 120 68 0 56 48 68 24 0 45 52 123 24 83 264 54 179 85 20 122 0 56 73 83 41 4 78 111 58 27 42 34 111 87 24 117 108 72 33 69 89 63 17 135 175 95 171 71 31 31 48 62 117 98 89 56 65 44 20 24 125
64 33 0 1 6 57 61 41 35 7 86 20 234 39 36 32 8 73 146 83 51 81 44 148 47 54 47 62 22 18 31 90 75 68 8 110 69 73 99 28 258 25 38 176 79 25 59 140 198 6 44 140 24 114 3 138 69 27 81 120 74 60 0 25 58 107 4 63 10 71 112 18 27 36 81 66 35 12 87 21 162 67 231 0 24 28 82 0 71 18 0 94 59 36 56 14 18 88 23 107 19 101 41 18 9 194 108 168 60 4 29 54 25 64 27 86 60 45 24 77 112 136 56 72 62 27 66 21 38 46 100 54 40 166 5 48 116 32 28 28 222 15 122 93 80 3 88 109 102 163 45 0 34 82 85 0 0 31 144 39 0 14 165 45 178 11 18 72 95 83 15 35 88 59 6 108 64 134 103 0 141 36 48 0 17 28 0 123 37 9 43 72 81 6 127 106 27 3 29 0 0 8 6 87 0 102 28 33 79 80 12 88 54 51 36 69 24 30 112 132 88 18 20 38 111 163 47 36 114 84 132 3 80 54 139 67 153 86 99 68 138 131 46 115 10 72 4 115 70 66 27 63 18 58 68 77
94 63 176 144 144 124 56 21 72 0 3 128 57 107 9 32 146 0 68 102 95 40 7 119 49 12 72 66 77 20 63 6 0 16 120 125 15 50 48 96 34 86 85 18 59 13 0 106 45 112 91 102 93 0 45 0 4 51 52 54 68 58 98 37 38 9 36 243 0 99 71 75 4 18 54 69 72 89 18 0 84 92 0 44 12 0 76 4 52 24 0 56 6 50 39 117 106 32 41 0 41 0 155 18 73 57 30 66 58 80 92 42 103 7 11 2 210 6 125 9 63 27 110 24 105 27 42 42 25 36 24 109 12 109 95 126 56 3 51 51 78 63 55 34 85 96 35 24 161 146 50 74 41 30 40 75 42 108 24 46 84 49 0 48 177 2 12 82 84 93 1 55 6 99 4 8 83 27 127 52 76 72 36 7 299 147 130 0 49 44 85 6 48 7 66 30 0 75 0 25 54 99 0 49 6 0 18 10 75 113 54 62 20 84 60 55 57 308 2 61 0 16 53 128 263 14 0 0 0 30 124 15 6 130 77 205 199 36 95 128 34 22 49 87 82 78 39 42 64 27 161 6 98 10 16 95
0 0 0 75 0 0 73 131 75 103 0 94 53 93 40 0 76 76 103 60 96 83 158 198 80 0 89 58 0 12 34 53 18 90 29 38 44 47 54 44 264 36 104 48 14 48 71 25 79 80 68 0 50 136 0 29 49 21 36 63 6 64 23 122 17 0 42 12 110 99 53 92 63 104 72 0 60 70 84 36 119 209 48 45 58 40 138 30 41 47 10 195 61 68 84 45 0 103 65 63 129 16 97 0 97 36 85 14 204 59 18 102 76 50 99 35 35 0 86 14 52 52 142 0 69 12 91 0 119 20 117 0 131 63 94 89 0 32 84 76 124 69 54 16 81 89 116 19 0 104 53 126 48 30 206 62 0 63 92 21 12 16 70 32 71 114 82 75 38 60 122 36 0 47 103 167 41 45 65 105 45 63 0 0 82 90 42 33 140 69 14 14 96 139 63 0 88 16 15 87 123 78 5 63 15 71 36 35 0 24 38 45 35 30 77 131 180 0 181 88 76 80 138 75 30 108 26 195 69 155 129 43 45 35 56 91 132 176 0 0 279 133 38 0 81 12 130 14 57 73 54 0 53 108 35 96
146 36 67 100 204 119 17 18 135 78 8 8 75 0 98 154 88 115 31 134 47 7 89 68 54 54 100 55 62 116 181 34 0 66 161 0 63 28 305 179 61 88 124 0 0 84 36 111 123 34 118 54 44 58 0 72 167 30 108 87 69 58 89 71 72 48 40 88 63 71 20 0 154 15 12 40 126 203 20 72 0 109 115 32 45 50 192 21 4 8 37 40 54 23 93 117 98 108 28 103 61 126 141 58 0 45 109 92 42 8 0 72 130 117 76 56 99 48 135 62 0 93 42 9 24 18 148 112 123 22 272 52 146 91 134 74 7 100 54 14 30 18 74 41 17 3 92 128 67 63 8 97 74 67 71 12 63 108 141 203 97 0 54 106 94 48 112 74 186 140 51 57 32 64 103 90 173 180 94 29 63 15 75 49 94 105 105 15 48 117 8 60 138 52 93 0 25 66 40 70 38 60 7 15 21 83 116 57 62 32 0 173 136 63 79 8 53 36 65 210 255 0 64 18 127 93 34 159 135 10 24 104 57 111 31 140 128 117 15 85 83 68 48 108 8 106 53 35 27 11 120 28 14 53 30 54
143 104 33 96 85 36 0 86 0 96 0 130 31 91 17 32 0 24 151 200 6 116 146 73 7 24 273 0 48 61 173 13 1 56 151 16 75 4 84 181 0 42 90 3 25 9 0 12 126 3 72 77 80 87 0 45 100 0 0 69 0 45 69 72 63 52 177 138 77 112 27 18 178 0 72 33 46 51 35 136 83 56 72 12 0 7 38 7 31 24 129 59 9 16 124 96 120 97 0 12 0 59 98 53 32 32 48 4 34 42 60 149 92 12 0 105 184 121 121 95 22 66 8 24 40 36 88 0 116 44 160 76 52 29 86 90 87 16 39 57 94 35 81 100 0 53 125 143 5 39 42 7 109 139 42 30 0 53 100 110 57 82 16 72 139 74 3 131 117 110 7 72 106 121 70 63 72 221 122 0 117 8 49 19 9 52 136 103 73 14 18 91 85 12 136 140 5 152 138 6 0 56 41 71 20 49 28 0 8 3 15 106 80 27 30 9 56 88 3 31 217 58 0 30 160 57 0 62 168 16 24 96 47 36 36 32 165 16 88 27 0 38 16 50 36 114 5 8 44 0 27 140 6 72 47 6
189 0 10 9 81 82 29 84 16 0 0 10 99 37 16 93 42 85 118 27 74 140 108 80 64 30 15 0 25 73 36 118 20 107 45 74 15 56 52 42 60 34 21 39 0 92 61 106 28 4 113 103 99 51 27 102 11 16 0 54 75 46 64 52 50 25 64 91 88 72 74 22 37 93 99 64 61 27 3 56 114 53 128 4 0 0 105 17 10 43 8 134 24 27 40 33 42 64 15 91 15 56 105 20 12 2 137 21 42 31 12 33 12 34 0 148 93 81 40 92 84 27 33 24 118 45 105 18 139 116 65 42 41 55 4 68 42 109 36 20 114 100 49 43 0 14 22 195 0 42 20 65 29 80 58 40 37 71 104 105 14 76 37 77 60 33 146 115 102 22 24 72 84 21 15 0 135 26 82 93 77 153 38 6 97 104 16 68 117 9 17 36 87 30 46 0 62 67 172 42 16 44 54 0 29 33 36 0 69 46 51 25 25 0 63 98 38 73 30 22 30 8 140 10 114 57 40 0 114 20 79 35 106 66 116 49 325 61 141 81 0 160 55 60 44 14 54 34 60 29 3 73 0 24 62 45
25 128 63 52 51 104 0 12 16 72 11 76 0 2 128 49 35 64 52 83 84 84 65 69 78 16 106 142 87 121 42 0 0 136 21 48 41 27 2 0 147 18 39 12 48 71 128 45 58 104 16 0 99 81 82 112 100 45 99 56 88 57 105 0 27 0 54 98 63 0 73 18 119 0 6 36 72 35 5 75 85 184 116 0 121 24 96 9 67 32 72 104 89 159 14 44 112 0 51 2 59 92 71 78 18 103 56 28 161 72 76 92 24 57 25 18 111 164 39 30 64 18 42 155 94 27 50 82 121 66 140 15 72 102 94 40 158 2 103 31 125 54 49 87 136 60 36 114 73 0 78 166 53 0 35 45 72 69 9 16 190 87 81 90 71 113 206 54 0 90 8 14 88 42 21 129 12 16 83 118 117 57 80 73 67 71 37 13 14 15 45 26 104 59 7 53 24 81 9 98 26 22 0 72 87 0 34 26 69 12 65 62 8 139 111 29 0 143 123 20 130 92 36 126 65 64 20 97 97 23 57 0 47 91 97 28 84 0 0 0 0 109 46 0 27 24 172 16 63 14 86 63 24 38 61 170
64 68 70 81 34 98 40 9 175 3 0 77 103 53 42 21 180 64 35 75 70 4 88 147 68 0 63 83 0 45 94 72 17 50 45 54 46 77 0 126 24 72 54 4 25 111 89 39 82 65 110 135 28 31 0 0 7 64 63 0 0 16 49 0 0 40 92 28 63 56 97 71 80 130 21 8 33 0 21 84 95 88 8 36 0 4 0 20 6 0 60 0 32 91 119 74 49 124 14 127 1 34 16 0 6 18 66 76 0 14 21 0 30 0 3 62 68 24 93 78 144 36 58 7 119 48 0 62 18 12 35 37 66 40 85 46 91 125 52 82 33 63 34 32 55 30 112 8 61 90 59 95 58 44 37 0 81 42 32 0 38 42 0 9 44 100 32 71 42 5 20 0 56 17 0 6 70 65 5 4 79 15 73 43 24 49 82 32 40 33 15 49 37 30 0 55 20 0 16 14 65 60 32 54 51 88 0 32 52 137 87 34 0 42 0 20 76 119 64 20 16 56 106 97 63 14 108 36 45 8 118 0 49 66 18 25 76 44 0 191 55 5 7 50 74 28 91 102 48 2 77 0 0 36 109 144
60 63 0 116 44 12 36 95 59 40 15 60 31 76 48 19 0 58 144 32 99 48 181 88 10 104 244 101 62 48 46 108 12 25 51 0 122 100 45 74 130 121 42 86 6 12 19 35 94 97 58 85 67 125 87 79 93 68 48 68 70 42 31 149 150 14 76 141 45 77 16 96 70 55 203 45 20 55 60 72 60 84 0 145 83 32 56 0 120 5 99 54 6 4 10 54 0 107 0 219 58 60 65 0 69 27 94 92 123 40 44 27 109 32 154 113 72 32 30 60 0 108 59 15 53 114 25 43 165 9 133 0 138 63 24 14 42 75 60 125 178 20 128 16 24 60 63 62 27 89 99 0 96 0 118 77 155 15 110 12 14 12 43 42 69 99 8 0 108 42 0 36 92 38 79 18 50 82 24 54 161 0 0 0 108 232 134 0 30 248 72 70 88 62 40 45 111 95 20 12 93 66 82 54 51 48 0 45 52 100 48 99 48 63 116 96 66 90 109 8 16 5 21 86 0 59 137 0 27 126 100 5 63 36 0 0 32 56 76 136 0 100 15 58 24 15 45 128 60 146 108 12 51 114 64 21
126 77 30 148 63 79 44 124 103 49 21 18 44 66 172 20 24 0 67 18 53 22 109 113 68 145 148 9 0 0 8 32 86 140 63 20 6 63 94 133 102 168 18 81 73 16 129 0 83 40 0 62 27 87 48 139 79 97 18 37 24 45 25 12 34 78 50 56 72 28 3 49 62 50 90 93 58 115 99 32 144 0 105 0 9 92 140 28 84 63 77 110 20 42 25 57 32 22 119 145 76 38 95 63 57 35 10 9 79 58 0 83 77 121 114 80 112 65 39 69 122 49 149 128 212 74 107 59 147 27 38 160 61 75 24 3 85 67 78 118 159 24 68 117 10 22 60 76 42 58 73 145 133 101 75 46 157 66 66 0 19 69 77 91 132 6 45 0 27 99 0 72 63 14 0 21 18 24 0 7 100 82 76 153 63 63 132 156 2 83 58 72 18 133 94 197 45 6 75 127 64 35 0 32 165 26 4 55 68 118 93 48 29 76 30 51 89 51 147 0 138 24 136 63 0 61 42 18 63 40 29 19 26 141 81 0 20 45 32 224 0 48 33 102 54 21 56 69 89 99 0 0 41 111 18 283
24 18 114 10 18 60 63 18 49 35 0 47 12 89 0 41 14 3 25 24 14 28 26 50 42 15 23 32 25 41 26 66 0 2 141 4 18 75 35 71 35 43 104 81 4 87 87 43 14 9 55 27 62 12 6 74 49 9 6 18 34 88 12 21 48 10 8 64 28 144 68 71 52 103 19 83 0 12 60 113 72 18 66 63 38 57 39 48 39 12 0 28 62 107 6 10 2 81 0 21 83 110 53 27 0 87 30 23 12 9 32 0 4 28 9 20 42 40 60 94 26 27 66 0 21 50 22 44 18 61 27 50 3 45 79 21 0 14 62 118 99 168 73 24 96 42 47 3 27 118 14 42 36 5 77 52 0 0 3 56 12 53 51 94 10 133 27 7 63 154 15 0 42 45 12 21 46 22 7 27 12 72 34 3 50 80 21 36 49 138 56 0 48 47 97 0 67 12 85 4 95 65 0 4 6 105 6 71 21 84 41 19 40 81 123 42 0 47 73 20 3 67 30 45 9 12 0 21 28 0 126 0 72 119 0 81 21 25 82 36 0 53 46 2 24 73 47 63 63 77 0 0 8 76 84 52
0 13 22 81 0 103 107 103 0 65 21 85 0 85 0 66 7 33 48 32 4 90 116 0 86 16 0 46 25 24 81 0 42 43 102 44 39 16 131 6 81 49 0 117 21 0 0 67 0 19 64 106 16 99 73 0 21 54 27 49 56 0 0 147 141 16 57 73 21 0 0 119 47 56 109 0 78 0 40 34 32 51 92 7 69 24 35 3 57 63 0 20 7 22 28 10 0 0 26 18 16 171 48 14 0 100 27 8 8 72 64 0 27 18 82 140 52 0 57 35 22 57 63 4 166 30 105 45 18 143 56 42 31 0 58 68 24 72 80 53 104 0 73 4 0 44 6 48 106 61 0 4 46 18 32 32 74 3 0 54 0 163 0 12 80 61 136 98 145 95 0 18 24 0 8 8 148 27 0 27 95 35 0 0 24 70 72 40 51 52 99 0 86 16 0 28 0 0 72 14 0 48 135 12 36 84 78 0 6 40 78 48 32 57 0 0 0 63 9 0 45 9 35 0 72 36 27 15 7 46 45 79 42 18 63 10 46 33 1 2 154 0 101 62 8 7 48 0 62 68 0 12 52 163 70 0
8 12 30 28 112 24 0 7 24 53 19 16 26 32 96 65 18 12 22 126 84 93 70 65 28 50 19 40 0 52 31 36 30 41 120 97 77 70 6 12 10 87 46 102 78 39 0 29 53 54 45 0 2 84 32 0 28 6 18 55 21 16 36 32 70 0 0 37 16 20 37 24 0 4 71 8 64 16 61 160 102 7 9 0 0 32 44 9 79 20 0 42 48 61 21 46 14 115 117 6 16 61 62 85 68 16 10 46 52 60 51 141 13 92 0 123 72 76 10 63 9 57 20 33 56 0 48 25 36 52 52 62 148 0 2 59 87 49 126 39 43 61 62 72 43 30 0 20 109 54 61 35 101 36 52 118 40 0 43 71 18 52 28 40 145 62 18 4 46 45 81 140 0 4 12 45 74 109 16 2 24 26 98 45 51 14 41 115 63 118 2 121 63 54 111 80 59 56 0 28 2 0 7 29 78 67 38 0 40 44 0 75 0 0 127 54 0 118 90 41 24 24 40 43 60 43 5 106 8 92 36 54 34 0 2 56 185 0 18 34 6 48 71 43 6 69 47 18 16 81 21 104 58 32 81 70
72 26 36 53 59 40 42 16 18 53 25 41 14 0 56 77 0 25 38 117 74 20 34 44 52 24 158 12 40 0 0 42 33 81 129 24 44 137 105 96 81 72 12 167 14 161 6 107 137 19 34 155 45 40 161 56 47 21 80 102 5 20 148 93 20 1 63 40 50 0 113 37 42 157 153 86 66 45 10 72 35 65 5 105 28 44 0 13 7 81 65 134 15 13 99 6 9 12 24 122 92 26 125 0 0 65 119 56 119 0 20 0 61 96 0 100 43 99 73 51 35 70 99 55 107 120 82 0 14 42 122 20 9 46 268 45 57 49 44 0 58 45 97 30 0 21 28 20 43 66 16 0 180 45 0 4 47 0 0 0 3 110 84 0 35 35 0 144 132 6 45 27 118 0 0 28 130 14 1 14 41 139 57 28 38 19 122 29 0 127 22 14 72 40 72 81 91 66 24 61 62 80 88 111 35 0 6 38 64 45 0 54 24 138 22 64 80 8 85 8 40 84 122 73 10 44 14 62 4 0 14 92 85 82 110 108 15 9 0 98 100 31 61 0 108 0 49 85 66 87 99 30 21 20 83 14
150 24 16 21 0 59 53 25 142 17 53 6 56 56 45 9 29 0 190 40 35 0 4 8 0 16 68 45 113 12 86 7 84 24 26 34 14 72 103 12 15 87 34 41 69 63 45 81 0 10 96 0 21 63 0 198 45 81 60 78 108 0 0 42 86 0 89 56 21 108 18 0 4 108 75 79 45 98 78 22 100 0 168 10 48 0 70 0 89 0 0 9 114 36 48 37 15 10 15 47 46 0 8 9 12 152 12 33 0 0 47 0 36 132 30 23 41 42 18 47 72 111 87 48 106 41 16 29 0 15 70 0 38 141 18 54 62 90 17 14 44 21 64 35 88 6 66 96 87 56 48 135 128 1 47 0 26 63 39 35 9 0 0 30 122 9 44 68 163 72 0 20 88 88 0 16 10 2 5 0 127 81 25 0 45 100 15 63 42 30 41 10 83 21 211 72 81 0 16 10 54 14 61 64 3 48 88 69 40 12 42 142 0 10 9 15 22 77 0 111 93 43 90 96 75 0 59 0 30 41 28 0 0 109 106 25 107 32 27 48 114 51 16 0 30 16 58 42 35 92 27 37 26 36 115 84
87 60 93 21 58 23 0 11 21 106 40 8 175 84 30 0 16 65 16 96 83 4 121 52 0 75 246 0 9 40 63 7 0 84 56 1 64 115 80 53 60 32 116 89 27 4 32 2 180 3 16 38 20 81 0 82 52 21 60 93 18 0 0 32 81 124 33 50 72 145 30 77 124 3 113 101 88 0 86 87 93 136 145 0 20 47 131 0 0 15 77 24 4 66 41 60 5 49 88 56 51 153 56 54 106 24 72 68 81 24 37 54 6 137 36 108 40 44 30 44 126 0 35 0 88 107 13 14 64 57 94 56 183 12 75 35 54 58 4 75 90 133 61 74 46 15 9 47 12 8 91 37 33 33 0 165 125 12 6 56 96 0 30 83 100 49 91 20 0 0 40 108 94 56 232 28 30 81 207 54 8 20 0 26 67 67 14 84 4 54 40 80 66 65 228 78 83 60 0 24 24 15 147 40 35 104 56 44 94 159 51 0 0 31 132 66 92 14 197 32 106 7 45 0 0 12 58 89 117 101 56 125 0 68 42 85 72 25 6 26 38 124 92 63 32 81 10 65 30 12 74 0 80 28 25 49
32 30 0 147 0 21 0 28 59 31 0 57 58 45 25 7 18 58 58 77 2 23 115 127 49 8 27 59 23 64 40 61 27 34 59 30 33 86 8 62 39 21 128 39 49 90 105 37 125 128 0 17 63 14 23 30 97 11 1 124 5 0 44 9 94 0 44 25 39 115 10 31 122 22 65 89 76 15 126 10 62 99 103 66 9 0 126 45 109 135 20 128 9 40 20 108 52 63 65 0 23 48 24 52 95 93 24 223 2 0 0 99 178 84 22 0 55 33 48 47 9 66 194 67 18 9 3 0 36 5 69 8 3 87 204 36 36 79 72 79 58 53 5 126 47 162 38 0 1 27 18 21 62 0 121 21 45 63 25 40 27 0 66 42 46 113 22 0 76 122 0 9 3 75 24 190 36 99 66 0 23 33 12 49 81 44 95 71 83 53 0 18 0 57 54 5 72 10 18 84 0 44 2 17 6 0 96 34 6 46 70 0 2 173 2 131 14 51 122 72 103 21 28 76 7 18 69 104 70 54 15 0 54 86 28 45 15 114 25 99 123 156 38 28 0 12 26 96 49 99 90 0 25 32 15 6
32 15 20 57 21 105 86 82 0 19 0 40 63 60 32 59 32 101 51 76 0 54 36 63 103 0 60 69 30 57 0 36 12 42 31 22 25 44 26 18 126 25 173 0 12 8 18 65 12 40 67 72 9 100 38 7 54 22 0 40 68 36 57 96 35 0 0 0 0 22 42 11 8 32 25 0 37 89 84 32 12 56 83 45 0 23 73 0 0 39 20 85 10 92 44 79 0 21 16 0 16 71 29 0 0 0 67 62 88 5 30 134 76 20 48 99 4 0 39 35 0 35 60 0 40 0 63 0 8 28 2 40 196 67 18 96 34 100 99 58 75 0 0 66 0 36 104 27 31 63 20 26 34 0 130 0 62 6 128 66 2 84 10 15 48 18 81 41 12 85 30 24 8 56 0 0 16 47 0 13 48 29 25 23 79 117 68 27 44 27 7 0 45 94 38 34 2 59 114 45 18 43 58 18 3 0 36 0 0 24 0 62 8 72 19 34 87 37 183 73 0 3 1 24 54 72 7 99 10 56 9 66 2 0 25 44 160 134 0 46 70 42 99 0 0 24 59 4 76 51 12 0 45 0 68 57
109 94 88 84 5 9 0 64 38 9 24 74 52 26 3 0 36 93 94 107 78 146 95 157 0 7 35 231 40 0 24 153 66 39 134 116 21 27 99 54 78 96 42 92 16 16 31 52 65 93 12 0 40 161 0 92 72 73 0 65 5 25 72 115 21 52 172 29 92 0 80 119 41 119 108 42 54 16 0 72 49 76 17 80 35 20 105 16 101 102 48 89 32 35 23 40 45 105 30 0 14 19 69 0 24 56 16 64 53 30 6 80 10 39 18 162 157 58 127 177 54 96 20 59 64 6 35 4 105 62 80 24 73 103 26 54 60 75 95 105 141 41 40 39 0 48 82 101 154 27 20 40 46 40 3 32 132 24 136 0 60 18 30 18 98 128 9 144 88 56 64 108 80 20 4 0 76 79 36 8 85 36 79 0 63 8 112 75 114 108 24 18 103 16 82 25 48 53 128 0 60 72 2 17 58 12 54 0 3 90 68 35 27 186 39 105 67 56 137 9 128 119 47 36 38 69 30 78 72 68 116 72 130 99 18 72 0 130 96 96 53 22 30 146 46 57 60 48 53 87 3 27 156 155 12 14
18 62 0 0 34 0 17 146 43 90 65 105 135 0 63 21 0 115 66 9 146 64 95 68 0 85 16 76 0 59 163 42 72 130 43 12 0 36 22 82 66 91 98 88 155 94 97 136 206 130 30 42 34 162 55 114 150 64 63 117 82 54 118 137 36 54 73 51 12 104 158 27 147 111 78 52 74 25 51 34 35 148 211 0 14 16 73 0 71 21 54 181 51 66 48 0 76 83 141 29 21 62 67 33 97 68 99 9 34 75 20 25 44 42 18 34 127 74 31 57 112 123 57 131 0 0 186 12 82 54 180 72 127 28 36 35 12 8 24 40 106 32 74 60 42 24 36 52 86 129 2 137 79 12 67 42 24 93 55 13 75 46 70 89 152 128 52 113 127 95 27 16 87 43 53 96 60 199 110 28 137 80 90 56 68 10 45 154 75 29 124 34 28 6 135 0 129 36 12 58 0 70 45 0 105 88 19 2 61 97 75 71 3 22 0 42 88 109 54 28 139 32 9 84 32 4 29 16 126 68 140 56 64 1 177 135 37 73 138 258 93 78 29 99 99 45 6 90 68 127 66 0 63 116 78 49
86 92 44 60 35 0 135 39 46 91 23 112 168 101 100 18 84 44 143 66 25 68 84 35 180 100 138 70 36 151 93 78 75 187 61 165 101 41 126 49 144 12 41 72 21 149 68 35 151 107 47 143 107 114 147 98 68 8 129 70 93 31 45 163 93 36 9 47 12 72 13 1 89 90 52 67 42 141 34 0 80 48 48 25 89 14 64 79 174 49 41 99 77 131 0 50 127 109 112 150 49 103 134 60 24 42 49 72 105 103 37 38 77 36 92 171 39 132 47 63 90 67 134 123 72 32 6 7 51 49 47 117 69 43 80 0 64 49 53 78 87 34 28 51 40 110 152 1 21 29 89 100 103 69 17 13 132 24 33 97 78 70 8 0 58 10 81 99 122 14 30 24 27 65 100 216 144 96 36 3 63 57 42 85 27 124 53 29 75 0 5 66 138 75 64 63 87 63 42 21 63 124 30 12 85 100 113 60 19 146 19 100 125 0 6 45 67 58 44 54 74 93 52 44 35 121 20 102 155 16 15 14 24 131 44 0 126 105 48 81 72 94 18 59 23 36 32 48 111 96 139 108 0 0 191 100
0 0 0 38 4 71 26 85 0 8 32 46 18 36 49 159 48 14 32 0 101 24 176 32 42 0 15 124 42 48 76 12 42 62 36 41 56 48 40 72 138 0 28 36 0 96 88 16 42 24 28 63 0 0 0 104 0 48 24 31 77 38 18 8 184 0 16 7 154 15 16 49 12 0 4 0 72 32 0 28 54 110 74 0 56 0 16 20 46 12 0 12 0 113 40 60 0 96 18 14 0 113 0 24 0 12 64 64 96 48 38 97 117 81 28 85 32 0 0 0 30 48 0 0 64 0 72 80 96 108 82 6 32 7 54 65 35 91 50 40 79 32 86 16 12 3 56 46 0 33 64 33 0 0 0 80 72 0 100 54 0 56 20 24 9 90 117 0 48 104 48 118 0 0 0 64 150 21 10 158 24 18 48 0 90 49 0 16 80 10 57 32 98 6 40 24 0 48 56 0 56 0 119 7 32 40 120 16 8 0 0 56 0 54 32 99 0 77 40 56 84 8 48 76 63 12 0 3 102 48 36 30 64 0 16 96 63 12 38 0 117 0 47 104 50 0 28 75 48 90 39 52 6 68 0 64
111 0 0 0 87 100 17 141 52 63 18 41 96 21 164 12 60 132 198 72 67 18 69 60 51 0 101 105 37 19 56 82 73 62 78 45 0 15 79 16 110 63 102 26 0 180 78 92 13 8 85 51 65 13 92 43 23 116 33 154 96 129 24 12 9 54 33 91 15 105 0 61 137 59 51 8 38 55 0 80 124 72 70 67 129 15 90 0 56 63 40 79 18 31 6 54 8 130 12 146 123 20 37 8 0 69 30 72 125 105 81 28 51 56 61 36 66 143 95 76 86 77 5 26 74 53 115 48 84 38 94 12 113 89 56 50 25 14 19 17 112 3 102 21 81 80 58 72 85 39 83 48 36 36 59 122 45 2 16 202 81 34 72 66 123 19 0 107 24 51 31 6 0 12 30 38 135 37 0 85 132 176 25 25 14 126 42 8 103 35 63 16 146 56 145 104 90 90 177 35 73 42 62 149 43 36 44 135 24 143 35 141 76 31 25 43 79 0 85 6 51 79 20 21 59 89 46 72 65 56 87 2 11 26 150 168 111 134 77 64 111 91 80 9 37 163 131 107 156 45 136 21 58 106 49 76
97 6 9 147 58 54 75 123 79 12 55 3 42 36 36 28 17 56 38 76 160 40 70 237 3 0 111 69 98 20 82 36 3 75 36 42 18 38 19 54 111 20 75 40 0 40 18 47 8 105 71 10 45 12 6 0 112 27 26 3 45 101 77 40 72 75 0 12 9 21 23 53 9 79 81 43 17 62 52 112 50 49 72 40 36 108 40 0 0 14 20 86 37 29 68 96 72 6 55 205 15 32 133 0 60 29 42 0 98 39 63 37 78 37 159 36 45 50 28 56 49 26 93 81 16 27 99 31 8 58 148 58 88 65 29 58 36 0 44 132 48 37 214 68 25 64 32 55 90 60 92 0 93 36 153 65 22 0 40 24 0 16 17 71 50 1 12 77 90 10 18 15 0 22 0 35 161 56 63 47 65 49 20 97 25 206 74 34 51 78 66 100 0 58 49 16 20 64 24 63 70 28 34 0 45 0 14 27 81 132 0 16 11 18 114 87 88 211 89 16 19 2 44 97 129 22 16 73 26 78 63 37 33 31 21 120 130 21 8 0 3 89 39 2 126 26 8 53 65 30 106 18 25 65 59 153
138 64 85 94 0 67 66 72 96 15 14 61 174 124 86 129 9 121 90 205 98 30 60 20 237 48 125 87 0 67 59 42 4 0 36 89 67 150 40 117 158 58 54 0 2 157 143 109 14 38 64 25 69 40 88 56 122 8 37 39 74 28 122 35 115 74 37 113 98 61 0 30 115 75 171 163 107 134 24 96 120 0 34 32 85 153 163 108 26 0 80 100 50 42 138 130 117 92 63 65 0 30 0 64 134 38 0 108 62 77 55 45 105 7 73 58 90 24 119 47 102 56 167 114 66 49 125 59 75 30 92 123 179 99 7 6 0 0 96 32 153 0 110 16 0 67 68 56 54 23 45 12 43 69 151 201 76 0 63 104 33 70 103 33 199 136 0 76 26 24 16 62 86 0 99 104 47 102 8 37 32 55 50 72 66 130 70 0 107 114 82 75 198 117 139 52 15 0 28 0 14 77 96 24 79 52 12 30 120 217 18 72 88 5 38 91 79 46 85 175 60 105 0 42 35 101 20 48 99 49 40 51 25 95 100 120 67 0 19 145 207 112 63 141 79 39 54 230 20 55 79 27 90 18 18 60
67 50 45 41 40 118 0 52 27 65 48 93 94 53 54 14 98 6 14 0 34 80 88 49 5 40 46 93 50 12 40 0 0 45 72 2 18 71 81 12 69 72 72 89 6 63 45 0 27 14 120 0 8 176 48 63 20 4 0 155 7 6 56 0 81 74 12 40 59 22 2 60 40 0 37 48 10 8 74 93 57 55 90 60 2 0 30 0 0 35 36 14 56 0 35 169 33 24 16 0 74 83 158 48 25 12 7 2 25 0 73 62 0 151 20 26 82 98 54 21 42 0 0 36 111 60 74 28 0 46 10 20 61 0 51 63 57 0 117 48 62 118 0 105 10 27 14 0 6 68 24 6 56 18 35 116 48 2 90 12 3 137 120 45 64 0 40 58 27 49 40 26 137 0 0 0 15 24 63 0 96 56 0 0 45 0 121 34 2 66 41 210 48 51 86 108 21 0 84 0 30 81 27 18 88 10 32 0 57 89 51 7 6 44 41 24 42 0 128 75 24 0 0 0 0 87 16 120 22 8 0 5 96 0 39 18 20 58 106 144 99 90 43 104 0 42 0 108 86 33 25 6 7 0 59 98
98 54 8 51 46 36 108 190 34 33 18 169 54 66 73 47 24 4 79 8 53 136 84 63 76 68 48 19 102 42 41 97 23 16 162 33 12 76 35 68 56 61 135 105 12 142 15 116 41 45 15 58 88 68 64 54 94 9 41 34 75 60 205 135 99 5 49 10 21 24 34 42 134 54 27 58 106 51 78 68 51 84 37 185 66 28 0 36 75 192 49 106 32 109 81 30 92 186 95 111 83 64 76 0 0 0 14 12 93 42 103 60 150 86 106 36 98 72 129 88 22 38 121 61 15 18 41 36 32 0 24 32 12 35 22 120 16 52 91 82 0 0 86 20 62 30 58 0 10 43 15 76 197 0 73 22 78 64 68 83 9 61 90 44 0 42 47 18 0 128 47 44 10 0 12 24 0 14 0 21 64 50 85 103 65 30 70 35 54 117 48 0 181 42 73 74 169 143 0 54 12 60 18 17 21 0 98 3 18 76 6 73 30 171 40 54 90 72 81 5 35 43 147 0 0 42 6 77 16 18 24 36 27 64 75 15 28 106 68 36 31 89 84 72 20 38 6 36 136 139 0 50 93 0 24 0
74 0 0 39 30 0 76 15 49 2 0 59 59 39 59 28 81 89 77 68 75 48 34 0 68 67 0 0 109 68 28 0 0 39 48 12 0 266 120 105 81 136 39 8 56 36 65 91 9 16 71 63 18 36 0 131 0 14 9 5 59 0 56 0 56 6 55 136 62 99 26 15 0 54 216 72 115 6 61 64 66 12 35 18 9 3 60 12 57 18 8 72 8 77 22 80 86 106 35 150 109 6 31 15 45 0 105 44 42 0 55 104 25 131 54 204 63 31 24 65 162 68 58 28 10 56 39 85 70 87 50 43 59 126 120 13 46 98 14 50 105 64 40 56 48 22 66 58 55 85 28 171 0 133 33 76 124 56 88 30 24 93 56 25 24 79 32 27 78 50 21 89 68 18 6 12 63 33 109 16 0 174 30 93 116 47 12 35 0 50 10 25 24 81 79 63 24 83 3 24 36 0 7 0 50 0 49 40 103 70 28 0 35 97 64 61 12 64 92 77 48 33 87 82 30 48 84 34 33 0 1 128 49 16 114 42 45 89 108 139 79 106 35 0 30 0 30 15 28 23 105 76 35 73 80 3
0 60 75 0 30 0 26 8 31 25 41 57 0 11 0 0 0 19 20 86 121 118 67 78 0 88 28 156 8 46 83 0 5 32 109 20 0 21 105 40 71 121 46 98 6 69 33 111 93 19 85 58 54 32 125 0 36 81 81 76 4 24 57 64 42 10 18 103 38 71 72 45 9 9 49 154 0 37 20 18 0 0 6 12 13 23 71 24 8 51 8 62 42 66 0 49 27 79 90 69 4 72 153 60 130 72 3 56 36 58 0 87 54 99 6 148 105 20 6 28 89 61 0 27 89 29 133 15 12 54 61 142 15 109 0 0 48 9 9 63 15 81 15 72 37 0 23 64 57 21 5 69 46 45 23 60 48 107 54 51 102 24 84 53 118 43 35 75 167 14 27 15 0 42 9 41 105 54 86 89 60 50 48 40 212 0 0 15 19 45 54 0 72 65 125 35 3 15 0 9 0 0 43 45 71 11 66 0 6 103 42 63 12 3 102 0 47 9 47 144 84 147 8 92 13 80 26 69 72 47 81 6 42 6 89 146 92 0 4 51 59 5 24 70 0 103 3 9 62 0 128 51 18 36 52 27
65 48 46 0 46 42 201 4 118 8 55 12 29 52 110 43 0 52 152 90 134 78 43 120 125 103 144 193 0 24 96 129 120 218 148 77 48 173 39 26 91 81 36 153 0 0 25 131 297 7 64 38 218 31 87 120 54 56 255 201 75 18 134 76 51 18 117 309 121 109 36 80 14 58 95 125 87 153 43 0 114 64 56 63 72 0 73 18 220 8 28 225 83 172 124 10 82 46 21 28 103 56 115 60 51 99 0 55 46 14 83 137 48 72 90 191 141 116 64 38 66 36 256 39 92 0 137 77 63 16 137 4 136 147 128 6 59 53 85 90 156 99 93 79 0 84 106 78 93 0 18 105 158 125 211 126 9 63 148 56 61 71 120 56 86 0 16 71 175 93 7 9 43 44 12 141 71 176 72 111 101 156 192 49 240 236 86 12 66 84 42 32 116 68 54 56 46 8 90 83 75 28 52 94 60 71 41 48 51 8 48 28 36 63 12 81 136 144 89 101 44 148 69 8 65 145 8 96 74 43 180 14 80 38 4 98 36 164 8 59 24 45 51 59 0 77 121 167 66 84 75 0 75 30 24 83
110 145 24 85 84 94 31 111 135 139 9 21 68 16 42 114 115 114 154 129 74 44 2 146 66 105 147 42 12 33 139 28 56 144 140 60 9 69 103 213 55 115 25 12 39 98 35 161 269 135 105 130 48 68 96 80 30 184 135 75 9 0 131 124 112 15 67 114 101 95 61 64 85 120 114 134 116 59 153 84 61 181 61 74 49 5 330 0 88 56 119 345 58 34 182 21 30 37 48 6 119 27 296 21 9 60 63 100 186 92 13 157 83 39 109 131 87 31 47 15 141 62 57 45 119 20 103 111 67 0 123 77 156 147 99 68 55 30 81 28 165 75 10 93 185 37 125 62 137 29 259 125 169 61 252 23 155 150 143 63 8 36 146 65 72 37 176 86 90 36 99 42 28 174 204 199 11 104 198 90 110 72 144 12 57 123 176 76 50 63 43 66 151 105 23 24 25 72 42 81 72 63 32 12 32 157 27 94 47 109 86 21 0 245 124 55 138 62 187 121 115 0 197 47 35 56 36 119 25 112 109 86 9 50 52 70 127 146 12 123 96 0 0 27 80 21 116 156 0 57 202 9 87 72 132 164
72 0 5 26 172 0 44 69 0 0 21 99 64 7 0 14 75 24 67 55 2 36 54 60 15 0 14 42 5 82 40 20 16 67 75 104 18 4 27 192 51 72 90 15 44 62 130 18 12 34 0 67 12 9 34 0 3 55 81 69 64 65 0 3 2 1 37 56 6 32 116 9 57 71 77 25 36 6 24 94 27 41 56 0 15 0 47 25 57 14 0 36 0 135 42 107 0 138 23 0 48 0 59 41 60 10 144 12 24 78 72 38 48 36 0 20 90 0 40 160 40 51 7 30 0 12 75 0 16 0 100 0 35 56 66 23 63 0 16 42 0 0 65 33 54 22 14 0 25 182 34 42 48 94 19 45 0 76 72 30 120 36 60 28 183 114 0 207 30 34 42 144 70 0 0 24 75 20 45 51 53 47 23 15 105 6 0 115 63 54 3 0 28 10 6 59 25 0 98 15 81 162 0 56 0 107 54 9 22 89 54 44 20 9 0 24 0 105 23 75 24 0 0 12 72 15 27 26 37 19 133 9 36 36 36 67 133 77 182 135 108 44 8 14 0 14 29 24 111 38 75 14 0 24 80 39
46 72 20 51 52 0 61 30 8 128 0 79 59 85 4 9 93 0 34 49 32 110 0 48 76 0 112 0 56 64 72 48 3 40 127 3 108 79 0 0 100 0 49 41 25 12 24 4 57 42 32 30 136 42 21 78 44 72 9 75 10 75 85 0 57 14 131 28 51 30 32 19 106 83 10 9 9 92 12 155 117 104 18 50 48 0 39 12 132 0 16 13 9 6 54 20 88 108 24 54 34 58 21 32 0 0 96 45 8 102 41 0 0 8 123 23 28 134 0 12 90 32 142 12 12 46 30 32 21 72 151 5 16 114 2 6 90 79 24 73 78 63 29 52 0 27 0 165 30 12 25 45 9 41 95 29 54 0 32 64 92 71 36 14 2 122 96 93 165 66 93 8 32 6 16 8 0 111 54 84 111 49 21 0 67 32 63 0 46 16 8 48 0 0 54 57 61 138 48 30 12 8 65 66 45 20 37 55 0 81 104 96 48 100 65 0 15 7 41 0 96 18 56 21 73 12 15 4 8 61 63 15 69 0 18 45 30 0 74 174 18 8 46 18 66 9 0 54 32 122 31 36 63 61 96 0
49 0 9 61 48 92 48 9 15 63 10 48 53 48 63 0 45 99 75 113 54 65 4 40 97 0 76 81 85 55 135 106 31 0 216 0 0 33 1 27 143 63 50 128 10 4 0 30 64 47 28 45 22 4 86 63 10 64 32 25 113 60 92 12 258 1 44 68 13 60 45 0 121 66 81 18 24 93 0 88 37 8 105 0 96 40 33 20 30 0 35 81 103 131 126 46 14 2 51 58 27 0 0 0 60 0 35 72 114 60 74 9 49 0 78 123 72 52 0 32 174 67 45 45 10 86 16 56 7 21 27 21 24 29 100 2 12 81 159 0 183 81 30 146 67 63 0 53 0 68 0 19 45 9 122 68 25 28 0 42 36 0 18 97 0 77 68 40 158 82 0 55 35 0 0 81 97 2 0 72 63 0 10 6 84 119 41 99 67 0 143 0 36 66 30 27 15 0 44 4 47 14 0 0 18 70 36 22 49 174 48 65 5 113 37 54 105 2 73 49 2 77 0 96 0 16 74 77 21 43 7 4 0 45 10 15 4 0 11 101 18 129 57 45 35 56 27 68 35 106 85 28 23 85 273 58
32 3 63 40 39 2 14 0 7 121 36 68 0 21 0 7 30 54 28 143 32 60 117 57 0 4 122 85 23 19 20 56 15 62 56 8 8 5 0 92 64 8 81 42 14 4 0 0 97 21 51 0 10 44 16 0 20 0 78 68 16 49 100 7 0 41 66 126 53 65 45 50 22 48 24 71 46 147 53 107 0 88 40 81 9 51 0 8 48 12 7 14 64 30 0 93 6 101 1 0 0 47 0 2 80 9 31 36 80 48 62 24 61 25 40 73 9 30 36 76 14 78 45 32 0 0 18 0 77 36 25 40 54 72 9 0 28 42 20 143 55 226 50 59 75 44 115 18 25 35 29 122 121 12 49 15 21 47 80 12 48 24 0 37 50 66 3 24 67 31 143 65 40 84 36 45 49 45 14 37 30 20 0 33 100 0 151 27 29 107 18 10 63 64 77 15 41 16 93 9 28 16 7 1 15 22 0 0 56 47 32 36 20 162 35 71 2 92 124 0 0 85 2 52 0 10 0 3 49 0 48 0 20 55 8 47 28 72 64 64 45 74 70 48 20 16 142 0 20 28 60 29 122 64 20 30
93 126 0 4 71 77 32 4 100 103 0 32 12 24 50 32 65 34 18 103 46 19 51 59 45 15 193 9 90 32 33 83 25 81 103 12 18 195 72 89 90 122 10 57 76 72 73 82 41 29 87 196 122 15 38 97 62 9 155 16 0 35 28 36 84 16 66 61 98 66 92 68 35 39 152 55 0 14 8 132 68 93 0 30 69 24 214 0 41 4 102 48 23 38 30 44 72 26 12 115 101 13 80 0 100 54 125 93 118 0 0 67 72 27 3 148 8 129 91 52 82 0 54 8 137 182 40 42 64 53 83 104 24 94 125 10 152 54 83 47 136 81 75 74 136 0 75 108 24 86 71 65 82 43 0 41 6 57 18 0 42 32 31 31 100 66 68 9 0 61 24 30 71 0 137 77 25 18 123 65 124 26 13 64 10 0 25 15 8 25 5 0 20 21 66 61 18 85 0 18 60 8 84 18 39 0 52 0 61 118 36 54 18 106 7 53 83 68 34 34 81 76 108 72 154 58 49 16 0 45 50 37 98 81 69 45 74 0 105 100 8 18 51 18 103 0 30 22 24 10 132 24 0 65 127 118
9 82 60 30 50 35 64 33 66 5 63 56 45 40 69 0 6 123 0 32 40 127 9 120 80 11 61 128 29 22 30 109 15 39 123 26 0 177 27 50 27 66 111 111 47 74 39 4 151 74 39 0 79 78 0 188 21 9 22 104 21 4 101 0 35 16 16 97 33 62 57 0 24 40 174 6 0 49 62 56 43 76 27 2 54 9 93 0 78 0 78 62 68 73 55 17 72 77 0 37 71 127 66 78 0 0 74 140 74 0 6 141 37 170 48 88 79 110 80 38 107 235 95 79 14 9 60 28 5 117 53 1 21 35 130 44 0 89 25 34 101 53 38 42 31 36 39 30 67 18 57 146 79 61 86 167 0 42 4 95 54 58 98 27 42 127 27 38 148 46 36 42 64 94 22 70 36 49 129 18 75 169 23 0 89 59 100 77 56 29 47 0 16 18 17 7 64 93 88 0 0 27 47 0 94 61 97 12 29 63 97 18 0 112 75 85 49 7 80 72 108 16 0 14 20 102 90 37 108 91 120 98 42 45 46 216 41 194 32 162 0 12 2 141 93 54 50 135 0 66 157 63 79 146 14 0
0 0 0 16 0 36 0 137 127 21 45 12 90 1 51 28 59 100 8 0 0 48 44 37 24 16 39 33 72 0 0 21 0 221 18 16 21 72 24 72 24 24 24 9 60 48 8 0 42 105 0 35 30 1 21 85 52 0 0 56 43 0 0 63 41 0 0 0 69 81 0 2 2 9 0 52 86 0 54 0 36 8 54 9 9 0 138 12 114 88 18 0 37 85 0 6 0 54 54 64 9 64 32 63 0 40 27 44 21 18 40 229 9 45 0 19 81 57 54 12 82 35 27 0 0 51 54 81 72 0 9 112 62 56 0 0 88 131 12 62 81 9 0 142 0 57 62 2 0 6 56 65 29 133 0 0 33 0 8 54 172 0 0 0 74 0 118 0 3 56 20 54 32 0 8 21 92 5 20 82 27 107 72 21 6 0 6 81 91 57 18 0 0 0 0 41 85 79 24 177 0 0 72 24 9 32 21 0 0 18 0 22 0 57 39 63 33 197 91 28 32 63 24 0 0 6 48 0 85 28 46 54 0 163 16 117 0 26 3 86 54 18 9 0 0 87 79 119 42 0 81 0 24 0 90 32
0 21 57 12 56 64 123 17 130 55 41 55 128 9 139 58 48 157 90 48 111 9 98 4 72 59 108 60 0 71 64 52 14 73 60 121 6 0 91 58 63 50 0 7 0 109 116 66 15 93 0 47 16 130 42 9 93 0 9 30 9 24 108 21 19 34 8 50 15 30 37 4 21 19 14 8 37 27 87 68 25 37 36 0 39 51 81 45 51 8 109 74 21 9 25 63 4 130 94 43 0 0 60 20 54 36 0 56 93 0 1 8 76 0 10 45 57 74 63 91 77 95 0 88 15 81 68 18 58 60 43 44 127 45 18 5 40 41 76 16 48 6 0 15 6 3 45 0 59 88 122 17 31 108 22 104 30 0 0 6 85 110 0 61 130 71 85 42 78 22 24 0 2 0 90 63 77 63 0 72 26 43 25 78 18 0 75 0 74 93 30 57 45 52 2 0 104 15 0 0 21 8 81 135 57 20 2 64 0 54 16 9 74 64 8 79 16 68 26 8 24 24 32 125 49 6 86 47 59 8 0 0 36 21 55 56 45 0 37 89 95 6 0 68 0 150 16 123 77 0 0 1 6 9 145 56
170 24 14 141 10 26 1 109 91 83 32 144 35 17 87 63 6 6 57 88 26 86 70 90 102 69 136 88 113 0 104 49 66 0 211 39 9 61 80 132 148 72 75 57 42 200 63 126 90 48 99 122 50 56 197 56 131 36 51 43 14 116 142 214 7 98 121 167 75 84 79 74 182 97 33 74 24 32 42 180 0 60 49 51 104 29 53 24 83 0 0 11 18 43 33 40 41 128 58 57 117 139 84 0 8 165 2 12 12 108 96 8 4 96 148 4 189 164 52 197 38 44 36 0 146 38 170 14 88 74 166 19 42 40 31 18 59 37 113 202 11 37 120 48 0 28 98 55 88 24 15 118 250 10 35 126 143 48 60 0 43 29 135 59 119 12 10 139 106 163 11 72 58 49 87 9 0 185 165 0 42 45 38 95 63 55 84 132 40 122 50 72 230 85 159 72 85 40 16 45 127 9 48 59 146 90 48 24 79 53 135 0 145 101 166 0 86 79 70 99 101 96 268 84 0 0 3 34 106 47 0 60 118 230 66 99 78 26 128 0 54 64 116 74 42 63 97 177 35 108 74 112 111 109 40 64
35 36 55 79 161 49 57 5 128 40 7 144 10 96 109 35 88 48 76 121 143 103 116 105 75 0 93 18 35 94 101 40 17 45 127 21 11 191 181 173 183 40 65 56 65 108 14 137 18 96 134 135 29 27 0 57 155 21 135 30 17 56 3 120 0 86 81 98 98 186 65 68 58 126 79 63 64 71 79 128 70 114 97 47 108 58 175 0 153 77 136 127 23 14 54 98 11 13 86 64 64 88 52 37 189 0 109 72 124 14 148 73 48 48 1 17 186 219 101 93 12 94 67 0 136 34 96 144 24 68 157 10 120 122 149 18 62 10 16 0 84 90 155 23 14 98 150 43 8 144 2 11 132 119 84 106 0 120 0 64 87 70 54 103 119 61 99 138 37 96 24 27 104 55 117 51 0 120 36 6 0 16 37 125 64 57 91 6 42 55 67 14 151 35 194 64 0 89 24 47 124 86 44 117 110 0 61 40 57 64 0 15 154 102 94 37 48 82 44 87 56 92 59 28 80 43 7 63 106 30 8 65 120 25 73 83 72 0 72 40 236 134 68 28 39 110 140 72 8 6 35 65 108 125 92 2
195 12 52 109 132 129 104 89 33 109 35 0 24 67 162 73 110 35 49 187 114 21 185 142 153 16 123 105 106 60 0 0 73 169 201 42 3 159 77 56 124 60 66 84 8 166 140 49 8 34 6 91 37 104 172 14 60 59 43 80 71 7 181 84 23 0 59 69 112 97 7 31 44 83 42 256 137 122 4 78 152 123 49 53 119 29 135 0 32 65 92 14 4 23 18 86 89 30 72 60 105 10 124 24 88 32 0 74 205 106 36 74 20 89 86 147 96 280 127 77 46 92 44 6 63 129 41 46 0 32 143 144 130 130 0 68 117 20 169 52 168 16 10 52 52 9 74 106 12 0 127 99 129 252 0 123 0 72 36 24 26 67 216 115 157 12 87 64 21 56 66 89 137 6 108 57 64 34 110 54 116 105 56 69 66 92 46 140 84 16 65 35 77 82 246 103 0 72 74 32 0 153 14 9 93 111 81 0 158 16 58 0 24 166 71 30 24 35 150 91 67 107 110 32 71 135 0 76 45 55 9 45 21 92 135 65 64 44 16 60 12 186 136 84 36 12 30 25 73 35 172 59 72 0 56 190
89 125 9 29 79 72 72 72 42 62 82 74 74 25 0 0 36 0 106 56 111 75 107 43 78 74 149 127 120 48 93 67 24 142 96 83 16 80 66 172 68 162 105 98 69 135 127 73 69 72 48 64 8 48 96 72 67 28 79 86 90 44 66 107 112 33 8 42 134 94 90 10 61 64 175 106 63 168 66 54 25 75 8 122 139 132 48 87 96 0 17 0 71 87 2 108 101 136 25 108 86 72 56 48 83 39 18 18 34 72 144 201 40 126 18 82 54 100 92 24 128 96 124 77 97 24 160 89 157 32 35 2 126 109 75 106 48 20 108 147 171 130 91 135 101 80 189 41 0 86 0 21 102 58 24 112 118 165 205 8 42 18 152 0 164 158 18 25 23 0 7 0 92 0 88 130 8 25 39 8 74 120 42 88 132 56 0 98 124 64 86 28 129 170 24 76 0 7 15 157 60 0 103 42 62 40 68 8 23 171 7 0 32 18 12 75 60 120 58 152 91 92 0 47 58 80 61 64 211 0 48 42 88 197 126 82 70 132 41 111 176 59 30 157 14 68 40 90 90 49 56 80 55 77 58 58
8 5 72 54 75 101 87 0 125 36 25 32 0 12 82 54 0 53 103 62 12 22 58 110 120 0 16 24 97 30 28 18 41 80 57 4 25 82 9 54 36 14 53 56 48 54 180 32 30 68 77 16 54 185 81 57 62 22 76 2 44 49 20 118 65 4 25 51 80 136 5 46 0 84 138 150 0 60 99 66 57 38 25 7 91 8 74 12 105 20 24 115 42 3 126 69 53 16 0 35 44 8 108 0 0 33 15 91 69 4 31 27 78 18 87 21 163 45 65 16 110 66 76 28 58 6 54 30 0 50 32 32 49 55 21 31 39 19 60 74 211 64 36 63 118 18 0 78 34 15 45 54 16 32 136 30 14 11 66 10 0 59 80 36 99 70 97 73 24 97 25 62 46 57 84 36 6 22 54 14 140 21 36 0 6 28 56 158 30 73 30 43 87 79 90 65 0 9 35 84 64 12 41 0 35 77 63 46 49 24 48 27 77 50 25 50 150 0 204 114 47 89 43 32 5 32 94 66 45 118 134 0 35 192 7 35 20 40 0 106 238 16 50 141 58 51 54 85 21 10 54 0 80 135 72 224
18 77 0 0 177 0 48 5 30 75 116 50 50 60 70 93 128 21 43 157 79 72 104 103 32 18 61 136 32 22 58 18 58 94 89 14 78 56 31 139 28 182 16 29 17 43 118 5 45 37 72 37 38 63 7 72 92 21 30 66 105 140 82 68 48 10 19 33 38 156 95 52 45 83 65 50 10 88 0 109 110 149 60 68 106 82 136 0 25 9 97 0 57 78 49 100 4 223 16 9 39 26 28 96 35 48 70 148 106 5 24 103 49 143 45 182 37 204 27 36 111 100 0 12 135 63 71 92 70 89 40 152 151 43 10 45 78 111 58 79 117 136 10 121 137 0 60 46 62 78 80 25 42 63 94 62 89 51 74 4 6 11 154 20 93 121 43 51 169 126 73 98 107 30 144 173 124 78 71 102 59 153 104 53 29 29 25 124 39 10 18 64 68 37 157 59 87 165 27 28 56 10 96 43 84 0 79 0 23 100 65 72 153 24 65 60 122 69 122 75 40 143 30 52 31 148 44 39 45 183 46 39 128 155 67 91 41 0 75 152 70 47 37 136 167 99 101 187 59 98 116 32 114 131 108 51
22 72 47 67 118 70 22 21 30 34 0 176 54 10 91 18 22 84 24 63 58 44 128 12 0 68 80 15 11 77 65 20 79 16 41 48 52 79 57 13 138 6 145 85 16 6 24 43 8 48 8 77 0 90 27 23 22 0 114 42 16 0 80 93 15 65 14 30 60 113 14 119 49 0 124 72 41 9 34 30 0 18 16 20 33 29 42 24 156 48 73 54 9 12 2 9 104 126 56 55 32 75 23 9 0 75 92 0 20 48 64 20 0 64 0 18 89 54 80 16 10 96 6 47 18 27 1 0 95 29 0 96 93 37 175 57 26 2 4 143 192 44 125 34 37 29 32 4 25 9 43 93 148 75 40 62 77 12 5 56 73 26 40 48 100 86 2 45 35 69 6 129 26 54 27 91 69 57 21 18 46 57 18 24 8 0 21 83 10 83 72 2 12 25 45 0 46 10 0 57 12 64 33 14 4 6 12 16 21 139 11 59 109 34 28 0 6 143 35 9 95 0 82 47 81 41 0 36 60 72 81 0 14 107 84 0 123 0 92 91 77 64 8 25 24 21 0 116 56 41 26 12 14 118 65 56
147 109 78 21 0 105 35 165 45 73 18 153 99 75 40 18 88 18 135 30 44 60 54 91 40 27 94 39 42 27 27 35 0 101 145 13 9 64 75 58 76 113 119 145 18 44 77 31 87 113 28 41 11 30 35 81 10 54 0 35 89 54 78 6 2 13 47 0 74 56 34 49 0 0 93 65 10 53 14 80 42 84 65 68 48 19 100 52 114 40 164 76 47 43 27 91 21 49 42 98 62 7 181 0 7 36 0 42 51 79 2 71 0 92 8 25 58 35 149 64 79 56 106 51 67 34 66 0 100 91 87 106 0 102 60 98 110 5 0 94 114 162 62 38 51 53 6 133 14 90 52 92 165 128 54 0 81 66 54 62 104 2 93 5 40 60 51 72 55 6 0 54 72 31 12 52 32 12 93 42 91 103 94 0 102 25 137 88 139 182 28 8 46 37 124 20 35 43 51 5 30 126 0 0 44 83 91 14 52 117 99 76 12 98 36 36 68 63 69 63 0 53 38 52 42 102 0 18 63 0 134 0 86 133 56 121 121 9 54 144 98 54 55 6 54 15 29 0 9 7 53 75 66 69 37 34
82 56 25 38 126 0 45 88 72 45 2 134 184 65 91 47 66 19 51 71 130 172 117 106 54 111 123 109 2 66 13 53 71 165 88 44 4 82 67 60 34 91 102 44 9 56 175 162 157 24 43 75 45 45 63 47 138 6 207 68 92 54 75 39 44 15 114 104 29 12 5 58 60 0 159 82 43 92 32 107 0 64 26 55 49 47 245 56 57 99 73 209 16 97 13 37 100 101 2 144 18 48 174 20 121 0 128 12 106 56 118 112 103 10 30 71 138 28 75 84 39 71 73 111 120 40 123 16 112 63 74 142 49 72 75 6 51 21 0 0 90 72 129 25 25 72 37 28 100 46 172 178 128 126 54 124 168 30 50 117 99 52 65 12 108 74 118 40 72 77 41 96 27 43 45 116 85 88 114 81 91 174 102 45 122 52 42 5 68 18 77 38 174 0 124 103 103 84 73 82 16 109 37 33 64 29 18 53 56 125 9 16 21 40 146 54 0 191 35 20 83 65 88 15 7 95 14 39 126 2 88 51 80 69 48 90 179 16 80 88 88 31 28 43 55 55 4 21 41 61 88 84 28 0 39 142
120 32 24 52 27 161 159 61 48 21 0 32 104 86 135 32 102 77 42 50 64 72 107 192 129 16 107 175 64 66 149 101 106 95 84 42 0 110 49 9 199 97 172 30 21 26 128 33 90 124 116 0 72 38 78 40 172 168 101 147 39 88 163 30 41 55 88 92 22 115 39 28 61 27 133 57 180 148 135 114 189 81 0 16 12 69 113 35 32 6 39 84 8 188 76 17 173 67 101 43 93 77 155 21 175 36 106 65 133 56 36 15 115 57 26 125 36 155 90 84 200 91 175 28 104 31 64 40 165 91 146 115 108 94 53 36 24 15 118 64 114 36 107 62 60 117 40 24 21 56 146 96 40 42 163 142 28 95 56 24 40 49 104 71 123 19 72 186 23 94 117 35 120 27 9 85 72 45 9 62 106 109 67 63 113 113 35 29 118 17 77 0 87 72 151 44 97 18 41 30 12 59 46 24 67 43 70 88 88 200 162 66 199 91 104 123 0 14 94 156 36 0 118 37 42 91 42 21 57 9 123 49 88 57 163 128 119 75 16 168 152 309 126 3 13 18 60 90 27 0 79 12 68 30 158 83
103 42 145 105 233 144 100 7 104 54 10 79 209 39 121 42 67 62 299 88 76 49 44 124 88 0 260 52 48 103 100 116 85 0 192 44 89 189 28 198 81 122 60 18 19 120 63 118 6 31 14 175 157 78 59 150 24 100 179 56 50 56 206 126 54 0 25 115 111 138 78 7 0 144 50 107 131 147 26 8 101 57 66 18 95 3 125 36 249 32 136 45 0 32 46 58 75 85 35 50 20 20 72 52 45 14 222 16 62 37 56 39 54 94 0 48 33 45 33 21 7 2 168 51 135 77 56 60 44 15 104 10 9 200 231 44 72 40 80 16 134 18 98 25 0 68 83 147 158 127 21 63 260 135 24 51 65 31 24 64 92 72 90 99 88 3 115 150 88 104 54 58 58 45 24 29 58 105 20 56 14 259 105 0 115 221 122 90 95 72 41 34 96 8 59 5 50 90 20 44 66 128 38 36 73 4 89 62 141 12 3 72 97 208 114 74 84 83 63 24 53 50 130 12 103 16 0 130 200 16 176 25 105 177 118 90 86 56 126 77 173 74 44 28 14 124 50 81 18 94 28 25 179 276 194 71
103 15 30 50 69 74 9 7 12 132 6 0 60 29 36 24 72 50 43 0 58 87 79 102 51 45 59 27 32 5 135 88 70 105 126 76 10 29 43 23 34 56 75 66 18 72 52 28 189 75 32 32 42 44 0 0 95 78 45 116 15 88 72 0 67 59 155 36 71 135 6 12 148 36 44 69 27 91 66 118 45 93 33 24 19 58 57 12 28 13 30 99 99 60 104 27 78 102 122 4 28 126 109 39 157 12 16 36 26 7 47 80 71 17 21 98 178 66 92 152 134 32 147 77 12 3 71 27 225 11 187 92 16 34 59 52 24 91 21 43 14 54 46 43 32 63 27 61 65 42 0 54 6 30 76 24 72 126 98 48 0 36 40 51 24 0 111 120 79 56 90 96 64 14 35 90 63 171 47 61 41 9 139 23 85 60 97 57 75 57 0 0 48 4 120 0 53 43 144 120 0 53 24 9 25 12 36 12 41 126 54 54 32 119 125 78 18 74 45 74 91 0 52 6 42 46 36 70 74 34 36 86 32 33 14 92 64 78 104 190 116 85 80 81 33 0 40 43 57 25 30 0 74 60 93 44
3 53 238 0 0 62 42 4 40 48 0 31 160 40 0 0 112 16 112 8 38 66 4 40 49 0 94 48 25 117 66 12 6 18 85 85 24 5 0 8 0 42 106 52 10 19 60 31 22 84 45 20 95 47 12 35 52 15 34 202 0 15 35 0 25 30 74 83 35 163 7 20 108 0 0 72 0 20 81 16 124 80 28 28 0 12 117 4 73 36 65 27 11 75 15 90 41 128 77 0 42 8 144 0 45 65 6 8 0 0 73 0 20 20 9 77 69 66 0 26 74 36 56 49 31 20 58 12 107 32 146 64 24 54 79 25 0 15 21 194 3 64 30 45 16 18 31 56 37 0 48 63 89 0 7 14 53 79 56 30 4 65 0 8 49 22 106 40 83 46 47 0 20 32 20 84 36 71 0 73 122 72 61 0 125 56 96 0 63 74 0 77 0 55 196 25 45 15 89 62 3 1 69 36 88 0 7 35 4 60 32 36 0 49 171 79 0 54 172 54 82 4 77 17 32 14 32 0 112 20 99 77 38 189 28 99 181 49 108 55 128 112 58 34 12 28 55 9 56 0 0 27 44 57 0 0
81 121 0 48 66 108 72 30 14 84 99 271 168 93 16 45 97 24 125 35 153 131 98 110 54 0 74 102 63 73 0 6 54 11 80 113 0 16 72 133 59 78 186 67 15 43 61 0 220 76 103 117 25 113 88 113 45 45 144 66 14 0 54 30 105 74 133 18 107 82 125 37 0 109 36 16 29 59 93 71 91 147 75 8 0 12 37 36 148 143 151 59 81 84 87 100 36 47 91 61 93 126 206 9 113 63 86 16 194 136 79 0 120 102 69 263 63 92 27 41 12 70 0 45 105 0 11 72 131 18 91 92 108 38 88 198 15 78 0 79 129 101 18 119 14 33 69 8 118 66 140 131 221 96 9 63 212 176 24 110 191 135 32 27 64 98 173 96 221 42 40 72 28 8 72 98 137 185 169 134 140 46 108 2 127 169 109 144 77 81 64 139 52 15 32 0 3 54 72 0 21 125 82 18 10 108 39 33 3 30 21 67 0 48 62 42 22 136 104 72 52 0 92 54 26 0 34 58 81 25 135 108 54 80 160 61 110 78 90 74 97 227 68 42 8 16 46 100 302 9 77 0 132 40 18 50
36 54 35 36 63 8 9 53 30 21 54 32 63 21 63 84 90 14 41 36 21 174 36 243 112 40 118 63 18 8 52 63 18 69 119 52 51 42 27 136 64 91 60 52 37 176 0 24 58 116 95 136 65 6 140 49 82 25 9 93 0 0 135 161 0 15 0 0 15 81 19 49 0 123 0 72 29 32 51 92 87 101 60 34 39 9 77 32 48 0 24 118 91 16 0 80 0 6 84 66 0 66 63 54 54 2 59 0 55 69 0 12 24 130 76 12 121 60 0 14 23 72 121 28 6 32 118 0 38 33 254 0 39 14 21 27 0 90 107 48 25 105 190 0 0 65 86 16 9 52 62 0 213 33 34 177 0 42 8 27 48 9 177 6 6 63 0 0 161 14 14 2 10 55 46 97 14 65 84 69 142 108 12 42 88 0 65 0 70 63 18 92 0 12 53 32 0 68 79 0 126 50 5 99 96 4 113 14 19 48 97 0 0 151 76 53 69 85 50 145 162 41 148 15 29 74 70 29 51 75 65 0 167 45 86 63 42 0 28 25 54 54 17 96 15 48 21 8 58 54 48 53 56 54 23 7
20 6 15 35 54 0 22 3 42 27 14 20 38 38 39 86 86 8 94 0 61 21 122 18 0 95 67 64 12 63 67 14 23 160 27 40 15 35 49 6 38 12 39 95 0 47 60 72 151 56 41 42 33 5 20 64 75 7 40 184 28 0 31 30 67 43 19 114 24 69 0 7 45 65 47 0 122 93 125 128 112 15 9 0 69 45 218 35 84 0 25 90 34 62 6 31 22 26 88 57 64 140 48 22 20 43 39 95 119 3 81 66 0 81 7 63 138 123 63 83 69 53 65 7 32 45 9 64 118 83 53 60 44 118 102 3 32 14 42 26 111 12 96 122 27 66 20 54 8 68 114 31 97 12 134 95 0 72 0 40 48 1 6 6 47 12 0 44 41 17 20 84 16 117 70 108 22 40 5 68 93 16 113 0 17 45 65 64 75 93 28 31 34 19 25 4 15 4 45 128 79 8 119 139 6 24 25 75 4 88 0 67 69 105 2 33 0 140 40 7 58 50 83 50 52 14 0 92 113 25 36 28 49 15 51 89 115 70 35 37 89 66 2 21 36 120 25 83 114 47 112 54 41 28 41 65
9 1 4 48 30 18 60 0 27 40 100 27 15 20 16 88 30 22 14 36 35 106 153 24 15 23 112 42 68 68 97 36 16 145 21 25 53 52 73 50 217 74 0 62 16 0 16 63 44 32 56 50 0 40 5 127 20 46 53 83 133 72 56 67 183 44 1 2 12 31 75 19 63 62 69 18 81 70 29 57 0 130 26 0 54 49 85 10 105 8 51 31 41 59 17 123 62 136 57 87 5 131 39 36 67 63 91 9 75 42 33 109 57 54 54 104 18 63 37 91 0 84 71 70 92 87 40 35 164 172 8 32 52 26 43 22 73 45 60 12 112 12 50 70 51 73 86 41 24 68 47 32 26 12 9 42 0 3 50 48 36 22 45 0 108 57 67 52 67 21 30 0 52 24 86 72 148 28 33 119 12 26 72 0 9 103 88 47 42 8 84 0 60 69 0 8 61 9 81 79 119 7 151 3 53 21 66 2 23 75 18 83 67 186 4 32 73 58 20 22 89 31 40 0 74 80 0 69 40 14 22 11 91 20 16 45 50 57 136 137 85 24 0 102 51 28 20 70 31 126 64 0 102 169 48 42
16 72 0 0 49 72 19 83 50 0 35 78 55 20 88 108 60 33 15 20 75 20 110 4 64 0 137 0 8 85 68 9 28 56 42 47 0 98 84 48 114 96 15 0 24 52 40 118 54 93 0 96 0 14 109 0 53 0 4 8 66 45 32 129 105 25 10 6 45 30 4 10 42 36 90 149 117 0 60 36 0 24 151 48 15 76 44 72 41 15 34 15 30 9 0 7 97 35 0 90 158 127 0 0 35 24 0 56 85 67 5 25 35 0 31 92 0 40 84 87 79 46 0 0 91 63 40 3 40 50 0 40 34 63 5 98 18 84 33 60 106 0 0 24 0 0 8 0 72 40 0 5 41 36 42 65 63 20 0 57 0 74 36 50 69 101 104 56 15 107 74 30 1 0 0 43 30 70 9 0 29 2 0 0 16 104 0 0 24 49 144 0 6 6 50 0 62 0 99 32 83 42 48 45 15 0 0 0 8 51 0 40 35 37 35 50 24 72 42 39 50 35 38 30 51 36 30 35 65 16 18 21 0 80 72 53 37 88 35 30 155 0 40 52 25 181 60 45 97 116 0 56 58 61 0 0
158 0 0 24 0 90 62 10 32 63 0 20 56 14 0 39 136 36 64 37 83 67 108 72 50 26 0 30 67 51 0 42 49 4 68 6 82 50 66 19 62 90 16 21 24 0 32 18 78 9 16 98 6 33 10 59 7 18 63 141 90 0 42 0 51 1 105 35 102 60 34 0 27 74 0 59 36 16 0 38 90 68 78 0 6 0 100 8 37 3 0 31 77 44 9 22 41 142 0 105 6 64 71 0 0 0 75 76 49 68 38 25 9 21 31 138 18 24 83 0 35 45 32 0 9 68 3 5 112 0 40 45 52 62 12 86 21 228 78 20 15 18 7 51 55 16 72 40 18 80 26 256 18 0 36 6 114 42 77 36 0 54 8 25 5 45 128 4 70 24 20 53 48 15 0 81 60 40 100 36 82 45 48 30 48 69 0 63 40 30 0 67 0 16 23 52 40 3 50 48 42 0 49 42 50 21 0 32 32 16 6 0 0 65 90 28 8 6 0 32 0 12 138 89 37 53 136 0 3 57 80 40 51 4 43 31 101 0 20 73 19 71 85 42 20 0 51 40 72 29 142 24 27 0 30 0
18 32 64 81 186 110 41 0 81 43 58 113 33 6 165 4 203 54 24 58 114 6 0 78 0 5 37 24 61 74 0 52 18 36 256 8 0 50 120 158 88 131 78 18 63 33 0 24 14 118 72 20 0 45 76 74 74 0 54 163 12 108 36 64 46 68 64 28 74 83 44 83 66 72 95 123 0 38 89 150 81 19 142 206 27 44 78 32 134 36 72 72 4 109 55 194 102 64 8 28 74 170 30 28 104 20 81 138 52 54 125 38 48 46 45 12 132 135 73 76 16 87 99 24 46 33 74 105 0 88 36 71 0 44 66 99 65 72 84 13 180 135 9 132 77 91 47 4 0 62 18 0 38 1 85 57 193 7 30 48 0 30 72 54 106 108 22 59 118 129 81 0 38 48 14 54 68 20 91 0 5 2 34 32 15 69 70 14 0 10 105 27 99 40 61 79 72 89 18 27 118 25 9 36 82 8 10 27 135 210 63 90 188 63 73 36 53 194 7 99 65 9 12 99 185 93 36 105 58 139 14 0 72 44 53 44 56 8 25 160 127 24 28 59 60 36 143 40 2 52 24 8 108 39 117 45
98 0 23 28 36 84 62 122 106 99 0 76 45 39 32 55 0 75 55 155 99 38 21 4 34 99 133 19 24 147 32 103 0 90 175 69 70 89 115 109 79 65 185 113 36 19 106 140 104 63 152 102 8 99 72 132 20 71 159 112 48 6 94 40 147 6 34 73 45 10 11 34 68 57 70 113 88 60 58 68 79 9 81 30 8 10 68 0 91 14 61 74 33 106 50 57 3 137 99 99 83 4 126 0 63 0 225 84 102 38 119 87 22 47 36 56 118 0 0 4 70 8 29 61 72 57 127 95 53 20 64 4 154 48 50 35 0 45 100 26 32 96 72 85 10 44 68 79 64 46 13 44 108 93 44 100 43 17 44 16 110 64 70 28 88 52 25 52 99 59 60 154 40 7 4 2 40 27 24 89 50 28 64 51 89 57 87 64 41 12 14 37 113 8 129 104 49 19 74 25 65 84 48 98 40 0 118 30 81 86 63 44 24 135 69 0 112 105 0 67 28 22 80 60 0 4 69 0 25 66 68 16 70 51 18 40 137 60 161 167 34 89 61 94 22 32 54 0 36 41 14 4 167 83 213 82
143 22 0 23 85 12 71 14 0 36 9 93 115 50 46 45 196 49 102 78 72 85 8 0 160 139 42 73 84 105 119 11 13 52 100 21 20 0 79 36 164 9 95 0 18 59 123 117 87 101 25 59 18 13 90 48 62 36 105 108 38 50 0 9 0 13 60 84 25 0 0 5 38 0 111 144 21 54 51 42 74 42 62 2 81 50 156 39 134 9 4 97 15 42 36 25 9 7 48 34 156 15 27 16 0 0 0 8 94 160 21 46 52 20 2 5 105 117 102 63 181 52 105 11 133 36 95 112 0 86 121 72 25 96 30 14 33 0 8 51 52 0 39 30 37 63 72 49 63 57 77 33 24 10 68 79 0 84 44 0 69 35 114 0 0 90 57 0 186 14 0 0 94 150 44 28 35 135 93 48 68 0 72 30 0 74 92 48 120 56 6 33 15 54 108 40 110 10 0 0 9 77 93 120 20 0 106 35 0 114 1 48 69 105 30 0 46 31 78 72 71 64 33 34 49 36 26 23 51 48 9 18 0 94 2 77 108 0 29 15 108 0 26 3 14 97 29 24 104 18 129 52 18 56 99 0
102 63 89 74 110 6 52 30 15 0 38 74 114 157 76 44 89 2 94 9 42 18 130 29 0 24 18 4 45 60 49 136 34 39 162 24 32 15 105 54 32 61 72 7 36 94 110 63 30 12 130 86 3 85 8 63 85 15 24 120 19 110 8 54 70 31 46 69 116 8 56 30 37 102 93 42 81 29 28 120 72 122 94 56 0 64 20 49 81 5 40 4 0 86 52 84 9 114 0 9 71 108 43 42 0 0 42 48 34 24 98 26 79 30 42 18 32 64 14 178 0 69 16 27 47 116 38 76 54 29 6 0 26 0 75 45 73 0 19 58 3 9 62 61 16 85 30 5 59 89 11 54 50 0 96 0 36 6 113 3 15 95 0 63 60 96 57 44 42 67 53 18 89 0 0 27 21 0 0 0 11 36 3 1 14 45 156 29 27 137 27 141 90 47 88 22 96 18 95 19 74 81 27 0 8 63 30 57 27 41 138 49 64 10 77 92 25 99 30 32 5 4 24 69 6 29 0 51 18 63 42 12 64 18 27 40 105 24 117 165 72 120 33 21 28 0 125 3 140 60 30 98 114 89 36 34
79 0 18 36 102 84 136 5 105 69 52 24 53 127 82 150 91 49 36 88 4 87 91 63 174 66 0 40 0 64 137 0 105 2 67 110 5 101 190 0 158 73 7 209 4 0 114 117 84 38 138 76 61 84 11 31 4 191 120 50 100 23 76 51 99 50 136 75 74 0 0 15 63 46 100 182 97 16 87 154 101 44 66 74 60 34 164 42 36 39 36 83 11 23 28 146 67 49 0 64 154 16 162 72 48 77 53 108 140 104 4 1 8 96 82 208 48 61 70 81 214 126 90 0 106 159 11 56 83 89 21 72 36 9 106 87 63 4 44 36 110 62 8 96 0 103 2 61 61 123 142 138 44 126 123 28 0 167 76 80 0 0 82 35 142 85 56 30 38 0 63 28 20 78 0 32 134 0 121 64 67 0 25 64 0 145 75 39 34 101 92 111 9 146 32 64 107 33 49 42 89 150 0 63 29 98 12 80 99 85 38 17 53 140 138 45 48 80 26 99 16 14 160 96 34 90 108 72 47 11 4 83 3 12 121 113 196 56 0 174 47 136 0 8 0 87 36 84 197 49 179 80 75 64 111 67
14 96 144 155 9 0 0 0 98 0 40 40 41 129 72 18 72 11 51 129 101 60 190 21 74 40 54 92 64 29 75 89 37 44 102 99 48 88 140 0 102 154 35 140 145 88 90 47 115 74 0 125 72 0 32 0 108 46 15 93 38 69 93 79 129 18 94 28 104 126 9 18 83 0 77 76 47 18 104 86 112 24 99 56 47 12 98 4 64 0 44 0 31 90 67 160 36 50 113 149 0 148 30 88 105 48 121 136 36 18 15 0 36 72 0 202 136 66 78 0 183 44 150 80 88 32 106 30 127 112 143 138 40 117 0 18 162 101 61 32 69 0 81 112 36 72 12 148 90 20 7 68 43 54 18 40 112 74 72 64 72 0 54 8 200 54 32 14 8 1 59 40 53 0 0 48 20 0 54 0 212 0 33 79 35 86 68 118 121 0 28 12 48 56 88 177 3 90 79 114 32 56 109 100 73 56 44 102 138 143 24 43 1 103 9 32 56 6 64 41 150 125 29 80 137 162 90 170 129 40 57 28 83 144 79 129 58 6 66 321 64 170 74 143 16 55 0 21 24 20 110 90 107 122 32 0
81 4 99 36 49 78 50 112 119 44 57 56 11 78 181 0 56 95 38 107 32 8 0 12 40 10 82 96 0 164 0 20 16 165 32 0 0 99 175 85 128 14 60 44 8 163 112 30 30 57 0 109 99 103 90 51 48 56 99 99 162 49 32 76 81 56 120 45 64 108 94 12 173 89 38 126 28 101 12 40 48 8 116 72 8 54 167 12 21 21 55 89 98 191 8 68 89 90 33 32 58 6 64 42 72 0 116 92 64 36 7 128 57 58 8 36 207 63 90 124 64 152 74 77 131 8 122 25 95 52 62 80 103 18 63 129 54 188 168 74 156 228 0 162 25 142 58 12 0 97 14 140 151 68 111 52 41 26 12 105 63 32 168 119 46 143 93 0 202 64 78 152 84 28 50 136 42 45 7 21 237 0 0 133 51 45 50 87 145 112 45 42 18 81 199 62 110 64 98 27 63 103 32 0 200 45 4 60 95 120 39 65 60 36 74 92 24 35 187 0 92 49 63 62 0 118 138 102 89 16 93 48 7 108 18 75 118 66 13 155 53 155 90 108 0 111 34 0 0 56 119 7 12 90 24 136
76 0 36 97 125 69 24 9 54 46 48 49 36 9 0 40 78 40 78 46 114 49 27 95 0 38 40 43 0 110 9 35 151 3 69 54 18 0 25 91 168 119 78 0 0 15 24 14 26 24 0 0 19 57 25 48 9 0 0 20 6 28 6 87 9 100 100 93 72 68 68 0 58 118 32 27 0 0 24 110 47 54 78 18 42 44 117 110 52 0 56 81 93 10 12 70 9 53 73 83 9 12 0 16 207 0 27 48 0 18 8 85 32 11 14 0 45 36 76 42 63 42 18 24 66 24 5 12 16 77 51 0 81 65 126 72 55 75 186 70 186 138 0 137 69 8 171 0 24 0 0 195 126 63 120 23 30 28 72 48 69 2 27 99 114 42 69 27 62 84 1 0 15 27 0 106 0 29 5 9 24 86 18 54 16 54 42 27 65 64 71 0 11 114 51 36 72 7 0 45 101 1 0 87 93 18 21 0 30 4 43 0 4 3 0 24 64 32 102 63 63 8 90 21 0 153 63 144 40 44 21 18 0 47 6 0 54 81 0 59 41 54 83 28 36 83 65 108 72 2 24 29 0 0 67 144
170 24 9 52 0 11 72 77 4 0 38 58 207 138 81 31 142 31 92 36 24 69 0 22 119 0 156 72 13 19 4 30 11 0 51 12 42 25 11 78 65 22 161 22 45 23 143 20 14 45 68 28 65 0 89 88 91 16 4 9 0 35 73 82 45 13 64 53 55 40 1 35 0 9 166 126 10 128 26 123 27 95 58 15 147 62 82 56 98 34 17 14 60 77 0 37 39 47 42 36 0 10 28 0 9 54 71 38 64 111 6 8 36 36 72 28 125 69 15 50 135 82 105 0 33 20 66 40 61 52 120 74 44 41 0 4 100 0 32 67 54 0 63 39 0 68 35 5 99 85 64 107 49 56 9 22 95 0 15 6 78 50 72 21 36 81 59 14 139 116 0 12 81 49 54 0 0 2 77 16 36 58 72 45 54 34 34 0 54 136 69 78 0 63 96 30 76 53 0 28 39 16 60 24 14 12 88 5 0 95 0 129 0 9 78 21 52 196 72 81 65 10 41 59 76 6 32 5 156 10 26 47 0 76 52 25 147 0 12 30 101 62 0 4 0 23 44 0 50 48 107 50 85 60 20 118
13 98 35 51 116 48 12 17 35 28 104 225 142 135 119 73 74 57 132 10 100 99 104 14 54 21 24 113 0 96 53 89 65 8 51 51 46 16 33 30 94 72 91 34 16 49 238 14 63 0 0 0 7 80 15 40 81 45 24 21 44 32 12 94 57 50 149 6 105 18 28 0 0 66 27 6 125 69 45 74 35 64 55 20 98 12 23 12 27 54 56 102 51 49 109 83 0 159 2 98 0 0 70 19 18 143 86 101 84 16 45 77 110 36 142 84 32 42 38 6 12 83 45 60 91 40 0 0 110 38 0 33 0 30 80 93 44 25 64 124 137 24 4 14 51 42 0 72 111 22 72 56 107 16 74 20 241 42 16 52 0 53 48 34 53 114 23 71 52 171 40 48 10 9 0 28 72 93 0 21 4 36 107 20 37 38 113 95 64 0 42 41 142 25 36 52 54 65 36 52 70 0 0 0 10 0 21 3 17 109 7 35 63 54 35 62 99 165 159 35 103 0 97 111 18 18 0 39 117 42 27 54 98 270 69 0 14 21 44 74 40 63 70 108 61 64 0 31 69 102 36 37 111 108 40 251
56 0 45 54 69 87 32 8 12 68 48 57 2 36 8 46 68 62 84 17 79 29 10 106 40 16 5 77 40 8 10 50 17 19 66 0 43 45 27 76 67 30 100 72 0 78 14 12 40 56 20 18 16 55 0 18 22 3 0 50 68 53 52 6 21 8 3 40 7 94 18 53 30 18 53 30 6 45 48 56 60 82 6 16 113 10 18 0 11 0 12 58 72 18 42 113 6 222 43 49 18 0 28 28 148 54 14 0 14 35 32 101 65 55 45 78 57 2 42 46 72 54 41 66 42 4 39 16 125 63 104 8 0 65 0 94 36 0 14 44 77 28 27 0 65 25 70 14 6 0 28 46 69 72 86 88 82 56 3 42 48 63 44 58 78 49 73 22 52 32 42 18 46 27 14 102 42 48 0 36 50 24 24 10 51 14 14 10 54 43 64 63 0 32 31 0 6 16 0 0 0 31 10 85 16 24 47 29 27 44 20 29 2 15 0 48 44 72 116 44 38 8 22 33 11 34 21 3 14 44 15 6 75 18 26 33 27 18 66 87 101 88 85 68 18 84 10 4 28 13 44 24 18 29 55 36
144 48 135 2 114 70 73 83 123 14 20 153 62 115 51 7 181 0 103 167 124 9 91 83 58 0 236 0 0 223 70 84 32 53 106 87 132 70 202 144 118 0 164 0 5 2 0 63 170 91 35 52 83 86 0 0 9 0 159 132 65 6 9 86 6 14 88 179 128 50 41 24 97 10 3 44 21 64 48 102 0 39 115 0 87 6 145 5 117 22 32 56 87 136 56 90 89 101 8 93 66 38 0 16 63 60 153 59 106 68 74 84 12 0 110 88 57 149 130 97 64 30 90 0 30 36 119 66 141 88 131 5 253 157 73 113 17 120 97 154 72 30 49 0 40 0 77 49 59 79 23 173 117 186 7 81 96 28 61 59 103 64 32 91 92 22 42 84 85 70 33 46 6 108 38 82 35 71 42 25 170 28 30 99 188 150 52 21 21 3 42 30 42 58 6 42 9 8 47 43 45 98 36 240 89 24 7 91 77 126 0 14 56 39 54 7 79 129 169 32 0 60 3 94 122 96 40 86 129 18 106 50 63 126 20 109 229 95 39 148 49 160 98 74 5 235 101 0 158 59 68 56 24 71 40 31
78 15 15 44 36 27 72 108 88 18 47 15 13 71 75 120 83 24 6 121 21 28 185 171 6 0 44 72 48 25 223 75 42 26 137 9 33 54 93 104 84 76 90 24 27 28 24 72 0 33 64 116 6 54 9 178 59 70 43 153 128 52 158 39 203 69 30 27 19 20 89 0 136 0 108 18 70 22 70 66 94 90 123 21 24 58 78 21 18 44 18 4 29 51 121 45 108 83 40 151 39 205 48 0 45 35 105 32 40 41 0 83 113 91 47 36 157 26 112 94 78 3 63 18 107 48 121 132 150 176 112 131 6 12 8 0 0 46 10 30 117 71 70 25 38 16 86 97 35 24 114 57 105 58 11 90 112 0 144 73 6 31 78 112 109 111 72 96 30 26 15 144 167 59 46 76 146 61 27 0 114 43 36 38 38 101 71 114 39 21 45 27 68 31 68 93 90 24 64 20 28 41 81 24 78 10 66 16 68 179 144 141 87 36 0 29 95 0 48 77 233 58 36 46 75 183 81 46 42 106 42 46 15 0 50 82 3 78 73 174 131 154 108 178 12 9 6 57 16 28 35 6 20 133 82 12
48 77 75 66 42 118 44 96 29 106 120 130 142 40 48 40 42 12 155 135 73 91 83 0 50 62 162 0 16 69 32 114 39 24 52 42 15 0 75 115 91 204 81 26 35 71 137 32 63 80 61 5 20 54 68 72 34 0 0 36 0 88 30 42 84 16 6 28 97 8 80 7 108 114 77 36 63 104 52 177 24 170 59 0 79 63 138 65 0 40 42 76 49 45 105 53 53 194 121 72 82 30 71 0 48 24 0 63 116 51 15 63 50 63 111 136 0 28 109 105 98 48 12 0 45 58 102 42 64 35 54 0 20 153 78 56 46 8 39 79 43 69 106 147 135 58 21 46 80 109 37 175 6 6 0 8 33 119 67 24 61 59 21 38 48 111 0 68 125 7 15 18 27 0 34 0 18 51 84 35 135 56 3 97 75 0 77 84 52 172 24 73 23 118 70 49 72 90 9 0 107 48 75 24 44 38 81 28 128 103 0 64 0 96 42 61 103 104 6 52 93 70 52 103 28 0 56 0 99 28 136 37 18 34 113 80 25 93 58 189 105 87 59 0 36 0 134 3 124 30 62 24 87 103 90 54
104 27 21 88 35 90 18 100 98 97 78 81 0 126 118 42 58 64 249 35 146 48 0 120 0 96 50 132 115 47 85 42 58 137 85 0 35 60 75 160 47 28 40 57 62 21 44 16 100 113 0 0 28 92 9 173 7 12 102 69 120 100 55 35 54 133 49 139 100 96 126 70 43 184 98 42 30 81 0 56 62 76 0 46 25 24 86 0 71 32 59 178 27 94 89 121 113 77 129 104 131 0 0 10 138 48 80 0 67 94 73 96 103 116 80 103 39 104 61 146 79 179 123 0 129 48 0 50 24 92 2 134 12 179 36 186 8 18 67 70 166 84 45 178 98 152 76 47 4 48 76 75 71 47 129 26 96 0 55 30 12 28 53 14 38 99 46 8 80 37 81 117 56 49 45 192 84 0 121 0 45 91 24 0 56 152 41 44 126 106 60 0 18 0 73 28 101 49 34 78 0 48 123 75 71 27 100 25 133 241 29 21 72 42 38 74 64 93 174 42 63 102 47 141 158 90 0 127 104 116 18 42 83 118 24 134 184 3 106 87 140 0 87 22 103 84 146 84 12 60 109 5 49 69 107 120
70 110 0 31 89 40 18 91 0 85 68 38 23 22 63 149 162 8 40 22 56 10 77 25 39 0 24 18 96 15 49 68 11 15 151 20 5 9 122 150 81 0 25 15 32 118 7 56 14 69 64 112 95 3 63 35 8 2 9 3 15 37 99 103 95 76 135 93 88 82 74 97 42 106 70 88 150 33 4 57 20 75 50 99 0 0 42 0 42 63 63 28 14 44 58 12 44 63 89 0 46 0 0 18 157 7 4 5 72 12 18 98 188 0 36 63 61 34 42 30 21 48 97 8 64 70 3 62 56 117 40 88 6 22 60 20 115 10 145 54 99 162 0 105 82 26 26 47 27 49 40 25 99 5 49 9 6 84 8 54 24 0 108 0 16 67 0 4 27 10 76 42 2 34 10 0 0 5 24 1 56 7 10 57 6 22 88 36 4 43 0 8 32 27 104 20 135 48 16 13 152 12 0 81 49 14 0 0 0 48 40 26 18 189 5 126 83 78 70 62 101 29 129 82 91 6 4 90 95 36 10 6 12 79 46 0 116 13 38 39 66 19 36 14 67 0 53 36 35 121 60 25 48 38 72 58
89 72 12 64 32 87 47 58 76 3 33 103 102 25 95 12 116 53 121 77 98 43 118 130 12 48 200 105 88 25 46 31 0 67 115 56 50 147 141 46 155 167 148 19 74 38 17 89 36 18 140 45 9 46 82 77 88 33 39 18 30 38 81 26 38 11 12 91 194 0 29 27 0 20 94 89 54 34 32 46 0 22 6 68 0 76 36 0 92 9 95 70 28 1 41 24 62 127 0 84 110 55 147 0 16 69 134 68 79 15 58 79 8 167 22 175 113 223 68 40 147 99 8 53 149 52 137 86 48 63 48 32 21 35 68 46 42 33 155 98 131 12 80 136 26 42 74 49 100 36 11 72 87 66 12 83 80 84 64 18 41 0 76 84 38 71 78 110 77 76 57 84 199 6 0 1 7 49 48 109 152 53 64 117 52 41 53 75 18 6 55 10 117 135 92 63 65 21 45 12 58 76 40 23 83 31 43 49 55 92 0 3 64 37 58 61 86 80 78 47 64 22 28 144 63 63 47 0 141 42 101 32 123 103 169 160 39 10 81 82 18 62 40 12 91 14 74 79 69 84 48 27 117 143 137 121
27 66 6 49 45 0 63 39 0 74 54 57 27 7 45 28 6 21 33 0 30 108 42 40 0 14 30 45 80 74 45 24 0 76 72 24 51 114 60 42 72 85 21 57 0 69 52 4 20 28 66 0 12 34 40 0 0 18 0 51 51 0 81 51 4 0 28 0 18 8 0 0 18 0 0 0 40 9 12 0 30 117 16 26 24 0 9 0 40 0 18 57 79 84 21 0 9 7 56 0 0 0 70 86 0 0 15 56 54 81 31 108 33 130 0 67 0 27 6 0 12 7 48 0 29 0 27 18 7 56 14 18 18 56 54 61 0 66 35 10 17 72 27 54 4 20 0 0 36 4 0 115 77 12 27 72 0 33 24 9 27 45 70 3 28 77 81 70 88 0 0 66 0 20 20 24 48 67 21 88 53 105 16 0 42 67 32 77 60 18 0 15 59 40 31 9 26 72 0 6 80 0 24 105 63 37 73 12 9 1 0 60 60 93 65 66 71 9 160 83 0 0 50 29 0 0 12 128 20 67 16 71 79 79 56 0 34 6 0 20 84 28 0 93 0 28 42 12 60 12 54 0 52 36 85 4
145 64 41 42 32 0 50 56 75 42 64 8 49 83 58 56 0 19 10 92 63 29 35 92 89 21 108 120 111 0 2 64 0 50 73 16 48 157 10 100 43 18 69 141 88 15 66 208 63 73 18 53 12 12 72 24 128 0 0 78 88 64 0 5 61 22 0 20 16 51 24 0 0 68 132 78 12 48 36 85 70 89 117 32 93 89 73 73 37 58 43 48 70 70 18 42 102 91 64 86 21 24 61 20 62 92 20 0 57 109 1 121 93 123 78 88 21 28 72 19 37 78 92 121 32 33 51 0 37 34 66 65 0 173 0 18 0 125 63 76 53 12 0 93 215 0 33 12 0 15 77 143 42 0 52 16 56 77 54 20 6 77 75 12 78 45 0 45 53 94 48 48 84 26 44 55 81 65 53 6 21 18 88 34 63 107 28 81 68 111 64 0 83 57 98 8 90 100 41 0 9 27 55 0 0 65 13 8 80 102 36 31 0 81 98 92 55 8 156 71 77 105 13 32 24 9 65 9 80 32 53 63 56 9 0 32 56 58 80 0 178 209 31 81 9 34 180 20 112 121 77 24 79 114 0 1
15 0 21 45 91 14 18 0 142 7 28 80 13 108 132 0 120 52 102 105 140 73 193 86 81 36 128 41 45 9 30 110 28 33 17 6 0 117 124 96 135 28 4 67 0 87 42 58 131 48 45 81 0 48 63 48 30 65 92 115 51 0 122 10 3 20 116 117 95 87 152 22 45 12 93 16 109 72 5 18 0 7 33 0 76 21 40 0 66 7 104 119 66 15 3 86 0 136 9 0 44 0 74 105 0 84 49 12 72 42 27 72 91 7 45 28 55 36 30 120 24 129 72 108 79 0 40 35 243 0 44 0 96 0 18 54 75 54 53 96 97 51 81 9 1 33 20 0 74 5 27 104 156 28 61 28 109 63 16 72 38 40 32 40 39 70 85 68 131 12 45 68 41 77 60 33 0 36 32 0 85 0 48 48 45 72 188 0 7 69 3 36 114 41 82 0 117 24 48 0 78 68 0 27 42 49 28 36 48 35 86 55 7 35 0 196 14 56 88 36 16 22 0 172 0 64 27 8 40 0 4 0 35 116 2 26 0 0 44 200 41 90 52 85 79 7 17 63 0 111 22 0 18 57 0 0
0 117 0 68 54 72 120 64 109 21 106 3 27 45 0 98 36 0 99 118 99 31 170 10 72 0 190 66 32 0 36 45 5 4 162 38 7 47 82 136 88 85 9 140 36 21 14 77 95 67 169 87 57 75 34 77 98 34 63 68 131 214 99 59 142 12 76 142 77 143 47 12 34 0 107 32 72 52 51 156 75 43 24 43 125 119 28 24 64 12 75 35 29 23 50 80 121 99 12 109 14 107 10 23 99 48 68 16 114 18 46 27 44 61 140 147 117 179 27 126 89 126 9 63 43 33 49 0 179 91 116 58 35 80 46 15 91 8 4 66 79 116 87 0 15 63 43 113 14 84 119 21 108 128 39 0 85 16 16 17 74 2 72 39 82 81 69 46 92 51 1 0 54 63 86 19 134 43 84 9 66 34 79 0 0 105 79 56 33 28 129 121 152 39 53 88 0 104 43 36 87 37 44 100 47 0 35 110 35 48 32 18 130 12 84 101 78 56 36 50 54 104 68 15 42 0 78 62 125 7 11 2 155 82 62 35 0 12 72 124 108 81 13 70 49 118 57 24 79 52 81 16 93 50 129 63
42 12 36 55 48 6 85 24 55 49 56 32 42 42 102 0 0 0 132 0 76 52 101 90 8 0 87 15 56 0 44 135 21 89 138 35 14 0 7 0 24 27 49 61 98 34 36 8 145 110 68 0 95 36 0 0 126 4 54 27 36 100 72 77 97 0 6 60 114 119 41 32 4 24 14 51 0 48 99 0 173 38 9 110 65 0 6 0 113 6 12 38 32 80 75 6 24 83 32 35 84 80 64 0 27 9 110 86 63 10 94 6 60 0 84 66 135 66 46 41 28 4 116 0 8 17 64 81 84 15 75 4 0 6 6 64 15 49 12 60 48 12 49 0 10 126 38 0 60 33 58 90 4 72 72 16 112 23 52 3 2 32 48 62 114 28 21 61 19 8 14 12 8 40 56 83 4 21 0 54 80 66 65 30 10 93 2 77 40 0 24 18 112 17 30 52 0 78 42 88 87 12 73 42 25 72 20 27 41 72 30 192 70 21 74 21 38 46 6 18 0 88 33 0 48 42 29 120 105 114 54 8 0 84 86 91 0 70 0 84 177 49 21 34 40 66 119 32 36 47 63 0 164 57 0 36
0 45 88 66 21 25 63 56 73 50 7 35 40 49 15 56 135 29 7 79 112 66 42 59 0 63 0 21 0 131 33 83 0 24 202 3 21 0 196 90 45 35 70 64 15 20 0 105 75 56 89 72 64 0 24 63 147 0 78 35 77 61 9 17 63 57 0 20 0 120 32 59 9 0 59 100 89 6 62 148 0 48 109 0 47 63 97 46 101 49 0 81 23 6 60 90 114 10 127 0 38 70 36 14 0 0 69 28 27 92 0 35 0 12 56 40 121 172 49 110 23 142 0 12 58 0 160 24 23 88 167 32 80 18 70 2 55 15 64 56 161 109 85 49 98 0 0 0 73 88 25 0 39 0 28 57 47 30 28 49 0 10 81 0 82 8 0 125 148 63 4 0 44 73 0 5 127 131 56 0 108 0 56 19 38 35 21 0 56 160 49 64 89 40 168 0 0 90 95 25 128 45 0 117 31 0 85 103 43 85 0 0 119 36 36 28 59 0 76 68 84 12 30 0 85 12 69 55 114 32 3 35 148 77 70 77 83 59 125 43 32 11 0 30 20 89 68 69 0 24 70 54 45 93 89 77
60 72 76 63 36 94 27 49 76 71 30 16 55 58 60 14 77 4 99 36 36 18 162 212 97 0 72 21 12 42 75 0 102 83 43 66 24 173 135 12 204 35 86 22 63 24 53 57 145 76 95 95 56 135 84 88 24 78 92 72 21 18 3 102 78 21 47 28 58 86 12 91 72 24 75 128 27 0 8 40 55 129 69 28 64 18 115 0 76 30 52 188 4 48 39 83 0 32 93 52 63 118 90 48 27 28 117 14 97 63 0 100 18 56 9 118 52 25 27 101 79 45 188 66 151 54 30 53 101 96 66 101 128 43 77 83 98 0 43 79 224 75 99 43 49 51 58 30 87 72 127 9 79 75 138 74 87 42 24 111 0 72 68 4 115 83 15 43 36 34 99 9 7 8 105 93 42 40 92 29 80 77 75 58 0 80 21 61 39 70 47 140 125 83 8 6 25 6 0 78 44 119 63 103 96 130 42 53 56 21 77 54 45 31 70 5 118 36 103 135 193 6 116 0 36 24 73 106 24 77 0 33 88 106 72 39 179 48 36 160 84 0 0 0 54 45 169 110 128 0 54 66 45 139 91 95
50 78 3 20 31 46 48 154 58 28 48 72 83 75 38 125 77 42 25 19 31 113 114 24 23 46 92 114 48 26 75 30 81 113 51 0 43 44 189 190 12 153 56 103 26 40 108 56 85 190 68 0 15 54 21 96 53 92 0 12 64 43 80 67 137 0 18 90 57 52 27 81 0 8 105 54 61 35 83 16 0 70 131 0 4 63 42 27 32 2 74 34 1 20 47 75 0 100 144 36 74 40 155 6 4 77 30 40 42 62 4 0 91 118 0 95 189 4 120 44 78 35 50 24 200 33 141 33 76 63 25 8 44 150 131 9 66 15 111 0 106 10 36 10 4 31 9 64 92 176 21 30 117 24 52 112 68 0 65 27 58 16 22 52 204 14 45 49 1 28 6 77 20 50 8 0 124 48 72 17 27 27 27 0 134 57 144 140 33 138 0 0 200 18 59 0 15 3 44 80 101 173 28 91 40 12 24 10 9 5 30 27 55 57 24 20 92 76 81 75 13 61 53 29 105 63 52 28 92 34 39 0 64 106 28 115 196 21 16 204 211 46 14 84 0 113 35 21 24 136 82 0 133 31 47 32
0 27 63 46 24 15 60 171 0 45 18 28 38 63 67 37 16 90 28 78 0 87 218 6 12 8 198 44 0 0 58 48 24 93 77 115 72 85 0 90 72 75 99 203 14 0 31 0 35 24 0 21 8 49 45 53 76 12 0 147 26 77 69 57 12 26 64 118 29 83 15 14 0 3 12 85 36 42 86 22 27 0 0 7 0 124 143 20 5 0 111 0 62 8 45 18 64 67 72 0 0 64 80 0 0 83 78 132 30 53 74 28 90 0 49 0 32 51 12 72 126 4 153 81 0 161 36 28 200 40 26 71 0 50 9 1 3 16 6 79 162 137 39 32 0 36 35 48 36 36 90 42 100 36 60 96 45 96 24 0 119 18 41 18 62 49 27 0 51 1 58 36 36 84 141 0 6 9 0 54 18 54 99 0 0 0 75 0 13 49 0 0 69 39 142 19 90 30 24 70 0 21 126 69 25 24 63 0 18 134 36 57 8 0 24 84 81 36 90 42 16 0 15 49 27 0 36 75 0 6 38 0 0 91 0 0 3 63 18 56 0 40 24 27 67 24 0 9 36 52 0 9 23 0 4 30
0 81 0 65 24 0 6 103 0 8 19 98 18 33 72 21 167 24 42 32 82 56 132 54 24 36 29 40 0 4 1 0 2 53 0 0 17 54 12 0 154 0 0 18 33 103 22 43 36 7 72 70 60 12 73 0 16 0 36 38 0 32 40 3 0 6 12 63 126 108 32 70 0 0 0 88 64 68 3 9 32 104 18 0 48 76 83 12 34 58 72 32 64 39 45 16 15 24 0 0 18 0 12 0 16 0 0 14 91 77 44 90 72 0 27 0 28 58 0 0 42 104 81 72 142 12 101 24 48 16 63 48 52 102 26 0 73 0 38 40 80 81 28 45 63 21 76 74 32 30 101 34 39 59 21 104 0 151 16 16 50 0 50 24 72 52 0 36 57 18 32 36 10 36 28 24 56 52 80 61 54 20 48 9 51 89 27 0 65 20 0 15 90 24 76 12 0 35 44 0 50 0 18 12 0 58 49 20 32 65 18 0 0 0 22 122 78 42 84 67 41 24 69 36 6 42 24 136 38 45 19 0 0 27 34 61 115 0 8 36 30 52 10 0 126 25 45 99 20 56 94 24 0 10 0 63
176 12 47 166 10 27 24 68 32 65 22 54 5 133 75 36 30 39 62 104 56 54 67 105 75 23 124 83 55 31 24 55 30 45 40 25 38 49 30 108 118 47 40 106 0 79 35 0 75 53 44 10 90 17 18 109 34 45 0 38 88 52 76 94 75 68 31 2 18 35 8 10 32 75 103 95 66 21 33 47 15 34 84 30 0 30 165 13 55 10 89 95 73 79 21 116 41 62 5 143 41 71 37 125 3 32 79 20 81 36 25 54 63 42 74 35 57 48 51 109 84 128 137 0 77 79 64 62 85 36 72 105 51 139 77 40 5 16 1 187 24 59 15 35 56 66 79 9 36 79 83 86 160 8 35 66 42 41 16 50 20 47 36 15 29 38 0 37 84 83 25 53 0 51 87 85 87 74 55 127 88 111 20 157 54 131 81 9 78 35 35 1 42 11 127 50 35 20 7 0 77 84 96 32 122 65 76 0 108 109 70 54 20 7 38 30 90 95 66 171 20 51 46 34 18 82 56 69 61 40 44 1 14 98 14 0 81 60 24 109 16 157 0 73 54 3 116 67 50 5 51 0 5 60 57 59
68 107 82 89 175 41 123 77 105 35 30 102 0 3 123 19 58 96 77 94 16 129 113 148 92 48 153 92 66 62 67 74 48 120 216 114 6 200 162 44 83 51 116 163 66 94 59 32 77 25 98 72 125 74 0 35 6 0 72 165 121 93 143 69 49 28 69 4 43 66 137 88 57 78 108 43 57 46 42 103 66 107 86 72 18 23 103 19 42 72 74 132 49 186 189 35 21 54 35 0 112 75 115 65 15 35 0 49 138 24 13 122 81 125 75 55 199 102 227 78 254 127 186 10 133 16 37 24 101 60 129 75 10 60 132 0 93 66 5 97 205 64 164 0 102 86 44 82 100 163 111 141 99 24 51 153 0 99 0 121 44 5 135 45 53 122 27 50 162 10 198 60 54 14 28 6 46 8 108 0 61 83 111 71 8 42 68 126 55 94 77 100 24 33 57 59 41 186 68 35 171 100 75 78 36 89 38 132 29 112 83 68 82 214 90 180 38 97 222 83 92 96 123 84 63 168 38 23 24 45 36 86 80 123 42 104 71 135 78 115 189 124 57 97 45 134 109 32 34 7 90 0 8 90 86 106
84 0 35 26 18 100 162 185 104 32 0 107 36 0 95 30 24 17 26 62 42 114 100 42 146 0 154 136 6 0 6 76 18 35 71 0 30 97 57 123 61 36 90 75 0 42 107 52 20 140 56 74 6 168 18 55 125 0 54 0 72 18 98 175 12 14 24 36 4 0 67 48 0 50 208 54 63 126 36 143 0 53 28 7 101 45 135 0 104 0 89 75 29 6 9 44 157 78 121 27 0 2 52 0 8 16 94 0 91 99 12 118 77 0 78 112 28 68 17 99 187 171 100 39 54 3 49 8 70 118 63 103 76 16 54 96 105 0 44 69 121 63 81 46 0 116 32 17 0 55 110 52 73 35 62 30 0 12 56 0 0 36 63 9 28 219 53 39 99 2 36 109 117 8 68 72 111 53 54 20 40 4 0 87 0 52 8 32 68 100 14 149 0 105 60 0 55 45 12 68 130 36 90 6 62 0 0 64 100 157 28 0 37 0 102 46 26 154 34 75 28 24 93 90 43 104 94 79 91 64 72 55 20 35 4 0 48 61 0 49 0 68 4 0 0 38 14 16 34 73 63 18 33 64 72 76
42 127 32 66 48 0 24 12 12 68 0 51 104 12 167 44 132 73 43 105 38 70 127 20 112 56 56 30 32 29 5 60 18 40 132 145 24 138 17 74 132 75 65 0 0 122 97 125 38 78 63 77 99 24 212 40 49 0 0 69 79 0 39 3 40 14 56 76 12 72 0 3 7 0 84 126 98 96 26 112 44 37 0 73 111 66 125 64 98 75 120 35 105 65 39 24 87 89 126 71 60 46 77 44 14 29 82 32 123 63 73 155 132 0 0 149 4 96 32 57 48 7 41 111 164 0 65 24 103 18 70 134 80 130 36 4 0 20 62 56 137 0 54 94 16 50 94 53 0 63 63 67 38 75 32 89 90 68 32 28 42 0 10 45 97 47 101 0 80 0 5 42 57 42 62 149 108 16 84 59 30 0 88 12 68 135 17 48 120 84 68 70 107 55 136 0 125 42 136 111 14 75 5 0 31 6 125 48 44 44 0 36 8 23 99 24 0 73 67 139 8 125 71 49 7 35 66 209 111 79 8 50 0 94 2 56 138 90 16 99 60 49 18 39 0 73 0 0 74 88 97 0 18 0 32 32
26 128 31 8 4 55 100 8 18 99 0 44 0 92 27 0 27 48 121 24 24 39 102 43 135 32 38 133 32 24 33 0 42 31 84 107 52 62 13 42 20 63 0 76 0 88 0 16 45 22 4 113 148 74 120 79 48 0 35 129 81 28 87 33 40 0 29 114 2 162 32 16 85 63 33 31 0 61 57 48 121 72 66 133 16 6 33 15 59 0 18 33 51 96 141 81 0 76 132 67 12 101 30 36 21 0 8 116 147 8 52 36 63 48 16 276 84 24 36 74 54 88 110 0 39 28 31 28 41 30 48 50 58 79 18 56 79 43 111 104 31 37 55 38 12 8 180 87 15 91 69 24 42 0 42 18 60 75 124 0 8 45 6 20 51 21 64 0 182 12 128 57 16 35 48 108 75 55 0 8 83 156 43 0 145 88 23 76 88 96 8 32 52 26 37 32 0 0 0 0 18 1 0 8 0 13 9 6 12 81 12 32 14 96 21 87 17 65 56 0 16 36 88 0 35 51 82 66 48 48 78 50 0 31 49 89 16 121 5 81 5 52 81 67 0 35 59 33 38 12 54 64 18 0 101 9
26 0 34 0 107 27 7 18 0 54 0 54 40 105 0 0 51 54 114 2 35 3 0 17 7 110 74 6 18 54 20 4 18 26 22 0 63 0 10 25 10 39 62 67 13 96 15 0 52 14 0 0 0 61 0 0 0 0 54 15 26 48 12 87 30 54 16 24 6 14 0 41 36 0 0 0 0 21 6 8 9 17 99 18 0 0 0 1 4 0 0 73 71 30 0 45 3 49 57 68 0 30 24 7 9 20 36 0 7 44 48 0 14 68 0 89 46 4 17 45 45 16 18 0 20 0 0 0 68 0 55 6 0 0 0 11 47 1 35 11 45 0 16 39 0 2 3 0 5 0 11 9 47 36 0 80 64 13 0 6 54 0 0 84 0 51 9 0 6 4 7 71 0 0 18 6 53 35 10 0 0 6 43 3 54 45 1 61 50 33 0 1 0 0 8 7 5 36 0 24 0 48 0 0 22 10 24 0 0 71 0 33 0 7 1 39 47 106 88 27 0 6 1 4 18 8 25 10 0 30 0 36 40 0 66 0 61 0 106 45 39 9 56 30 16 51 6 18 0 0 15 0 4 18 63 6
96 0 0 58 4 42 47 59 64 114 77 28 104 21 61 0 12 28 92 52 103 33 130 70 30 4 129 46 12 44 3 9 59 152 0 18 19 8 43 124 146 147 76 13 12 78 117 9 9 54 0 59 45 12 42 0 81 28 46 12 27 12 0 26 162 4 74 40 130 49 122 78 65 39 76 137 44 96 30 18 22 64 28 0 60 80 172 0 40 68 0 107 0 144 18 61 90 135 100 70 57 0 48 0 21 86 0 0 119 179 6 91 17 40 27 24 82 4 32 120 88 123 104 0 28 0 80 46 50 42 88 58 46 51 63 0 41 13 16 47 163 75 61 12 100 95 22 9 42 80 78 66 91 62 43 102 49 32 8 56 24 48 62 49 191 106 21 68 30 24 124 46 119 14 65 84 42 0 57 48 107 156 0 60 84 109 22 49 97 102 39 54 100 35 140 7 0 84 10 33 14 35 26 14 16 55 12 62 69 29 62 0 45 33 4 97 20 38 83 20 82 38 72 44 97 35 73 98 81 15 166 21 95 18 52 79 122 53 44 78 122 56 0 15 58 0 74 24 27 29 110 42 50 95 28 14
89 68 75 97 112 191 8 72 108 125 66 101 129 34 66 29 116 95 91 104 40 83 181 161 14 0 165 10 92 103 56 73 21 174 141 72 15 89 113 119 162 158 110 90 98 76 80 92 152 109 66 99 133 97 84 114 101 6 0 110 83 96 134 74 111 9 16 199 40 54 37 20 103 21 83 49 69 184 104 44 134 205 35 12 65 12 76 41 133 40 69 144 74 64 109 63 40 146 60 149 87 136 99 24 28 43 38 49 155 93 9 1 57 63 22 140 158 105 184 101 48 103 71 56 102 77 98 66 16 141 57 0 93 187 60 63 73 49 76 20 109 111 56 109 82 0 84 49 40 181 90 112 37 43 42 185 148 18 10 179 75 89 117 12 172 208 83 9 203 15 120 32 21 15 71 16 78 61 100 73 347 76 88 21 99 78 85 132 148 135 44 34 141 16 14 77 92 129 67 54 15 126 53 119 55 98 10 21 77 85 87 87 58 227 40 57 125 15 60 20 119 107 86 56 151 34 155 0 146 123 270 36 68 77 34 228 114 118 79 110 98 126 34 27 44 126 81 67 91 58 66 60 21 48 87 78
0 0 41 0 28 32 42 104 51 49 0 40 56 0 20 0 18 40 74 174 42 10 119 32 49 0 97 157 0 20 94 76 0 24 76 46 0 32 96 70 98 48 56 102 0 141 60 15 177 42 0 32 2 70 16 52 54 48 0 60 12 0 45 32 75 0 56 57 90 83 13 20 81 30 54 8 33 55 81 24 63 90 105 0 59 14 82 20 68 0 78 54 0 44 54 26 48 84 30 32 12 28 83 79 49 8 92 89 10 6 10 85 35 20 0 136 9 69 6 36 82 152 18 18 6 20 72 24 25 44 6 99 131 0 21 0 38 82 57 50 35 61 10 90 4 18 78 12 0 75 15 36 66 25 52 54 160 71 0 63 8 36 0 65 60 114 8 123 72 100 65 24 0 35 119 84 52 12 135 7 26 33 12 0 29 0 35 72 56 13 26 36 170 85 130 4 0 41 9 9 0 0 13 0 56 180 21 27 0 89 36 0 24 91 29 28 72 4 46 108 39 71 40 0 0 38 78 61 173 38 39 28 0 20 18 57 6 54 10 48 97 17 8 66 0 18 12 153 11 39 71 59 0 113 132 24
77 39 41 104 34 59 61 19 78 36 122 103 30 33 165 42 7 21 0 56 18 18 33 9 1 24 68 67 90 0 95 88 85 56 107 6 29 69 49 0 47 18 61 13 54 74 24 34 74 49 30 0 2 117 0 58 37 0 0 60 73 82 38 49 30 0 79 56 71 63 0 89 9 97 103 32 21 1 123 24 141 80 86 60 61 12 24 20 154 94 59 0 65 78 60 104 48 140 0 54 29 0 86 12 2 77 49 16 16 49 44 89 135 125 73 238 78 71 125 24 14 6 6 27 62 26 7 8 0 30 93 31 53 18 18 84 66 48 9 48 77 16 143 32 70 6 0 3 81 0 0 115 102 0 24 114 187 28 60 54 0 50 60 104 75 20 21 112 76 52 49 36 63 0 63 103 162 0 60 111 98 14 24 40 34 16 112 72 21 91 21 82 114 57 48 69 73 108 82 99 12 24 80 8 19 63 59 39 14 8 118 78 36 27 31 112 35 6 53 115 21 49 84 57 77 58 0 52 79 28 21 117 130 72 7 214 0 56 144 145 163 26 30 37 14 14 29 16 0 32 87 27 30 44 61 16
150 96 72 78 19 69 24 27 0 72 118 79 49 108 16 57 20 12 36 10 107 105 126 54 0 18 115 78 133 8 10 10 82 48 31 14 18 89 8 36 12 63 0 7 46 8 131 60 5 20 42 0 40 9 84 27 10 0 0 18 79 89 9 70 50 95 117 58 12 37 18 28 25 76 106 42 3 6 0 242 82 12 57 44 24 28 14 101 35 41 21 0 56 55 0 166 113 85 2 103 48 0 69 4 18 89 18 0 63 81 122 58 77 210 6 139 57 80 61 32 89 0 15 0 10 12 105 12 56 8 95 4 71 88 0 79 65 15 0 10 31 73 28 77 2 29 0 77 70 18 88 42 93 20 30 62 103 19 88 84 30 63 46 12 75 6 0 63 33 54 9 36 68 23 0 0 138 63 154 0 102 27 32 36 127 63 16 24 17 70 66 72 91 10 55 97 34 121 32 0 0 12 36 12 10 0 62 74 24 35 51 13 0 0 54 14 12 35 36 0 63 10 15 72 58 0 40 80 46 6 9 0 117 19 44 151 84 72 138 6 107 160 0 46 4 54 0 99 120 45 48 20 9 8 12 63
56 44 0 76 145 30 40 0 21 67 31 0 7 20 84 39 66 80 96 60 234 70 72 149 94 54 63 86 49 33 67 55 72 82 23 5 21 91 103 195 64 133 15 43 18 0 14 75 126 58 72 127 11 24 15 2 42 18 189 80 154 0 157 5 70 10 0 51 0 48 112 0 54 59 21 122 0 52 37 50 15 27 23 48 13 18 7 15 40 0 110 161 71 139 48 91 33 61 78 84 25 1 142 93 126 0 59 0 68 8 0 30 12 45 72 32 66 45 63 0 31 0 81 127 87 0 88 71 93 24 87 137 84 72 63 36 80 25 40 96 42 82 0 32 86 0 87 15 126 24 68 85 170 72 163 81 75 45 24 5 54 17 78 83 94 36 104 7 127 63 54 50 141 6 40 26 42 127 73 63 80 106 93 37 12 57 77 0 75 14 48 18 80 0 4 0 27 12 40 63 88 0 35 102 50 0 36 40 71 55 0 105 36 52 48 18 55 74 110 63 24 0 7 40 21 48 77 1 0 84 5 18 35 69 0 87 0 0 25 168 56 118 41 155 0 133 56 91 77 10 3 9 58 35 97 48
127 0 0 0 42 0 10 12 219 0 90 109 151 76 80 67 96 62 109 0 24 68 136 32 12 27 75 114 210 26 56 0 39 54 75 82 18 101 70 31 32 75 164 45 122 72 9 216 78 75 33 16 0 22 0 8 23 110 18 36 37 0 88 93 65 50 48 187 151 178 146 15 4 7 174 29 28 0 139 60 18 34 54 28 21 20 127 50 195 60 116 51 49 51 27 18 54 39 6 48 130 213 175 71 54 99 27 8 72 24 42 0 53 41 14 0 185 14 15 78 50 49 4 31 144 9 25 107 128 84 27 0 15 30 45 66 81 83 60 80 188 52 98 79 123 75 16 89 10 17 41 119 134 72 130 22 122 131 79 78 102 38 0 89 72 38 196 122 45 109 32 9 0 72 63 4 125 106 81 52 58 12 143 0 123 30 119 97 60 136 67 18 89 0 76 32 179 14 107 116 90 21 126 18 126 41 42 70 36 132 123 0 0 139 92 21 56 54 16 64 54 69 17 89 26 55 4 50 143 24 73 0 18 142 96 233 0 17 94 165 61 51 33 24 28 48 18 138 36 107 155 18 36 161 61 36
179 56 0 64 94 21 105 18 0 149 0 8 116 14 113 11 90 79 86 55 138 144 130 170 2 32 81 99 172 64 92 72 79 194 168 82 74 0 84 104 78 86 7 32 100 42 155 99 141 89 0 0 30 169 0 73 82 24 12 235 102 42 167 38 105 45 56 29 77 20 64 44 8 40 15 56 90 91 76 43 118 102 154 0 45 36 186 40 128 85 54 96 20 119 90 147 24 55 12 48 63 182 43 16 28 148 17 20 24 90 91 101 42 93 28 94 14 51 67 104 214 3 24 138 113 0 145 50 98 82 4 56 81 86 32 9 94 71 81 58 264 125 154 86 76 4 0 74 74 100 156 172 56 4 57 16 16 96 0 0 84 113 0 32 91 94 62 16 83 111 125 24 64 48 0 52 242 142 136 56 221 44 162 72 117 70 0 96 100 43 38 53 173 20 133 56 115 15 3 77 81 0 138 59 64 32 91 48 44 104 36 81 0 167 76 56 73 102 103 18 131 76 32 144 30 85 65 26 79 8 0 0 113 36 54 104 76 134 76 105 210 80 28 78 18 117 0 40 189 125 86 42 87 60 34 116
39 18 4 28 120 0 40 48 54 78 68 0 67 80 4 8 64 42 4 51 18 79 82 116 26 20 73 54 72 78 42 0 139 92 92 0 27 73 8 38 30 42 27 32 0 12 21 7 35 40 0 0 15 25 0 30 12 100 18 8 32 38 26 60 47 48 74 29 45 54 44 30 21 4 102 73 42 6 78 42 0 49 14 24 15 16 73 42 23 0 58 119 101 20 50 0 6 56 44 63 93 79 32 30 61 44 26 0 37 19 48 27 12 0 32 24 93 22 9 68 95 0 75 18 34 8 74 40 16 87 22 22 30 55 66 32 30 6 44 117 302 72 72 50 61 6 0 43 22 52 42 135 30 36 60 22 16 15 48 90 4 46 14 81 80 0 21 29 4 91 0 6 0 65 62 15 4 37 104 18 139 159 12 6 162 42 8 75 97 86 24 0 108 13 21 16 117 38 42 13 81 14 0 8 37 77 0 0 62 52 48 21 27 81 144 87 44 48 31 111 4 36 14 30 28 75 12 144 129 33 136 2 84 87 50 0 104 0 54 68 74 0 0 31 77 45 30 191 30 81 47 60 89 75 96 75
38 62 56 89 0 70 24 66 12 38 82 1 0 10 20 68 63 72 92 69 16 12 102 80 55 0 40 201 44 13 79 23 5 24 215 71 31 44 10 114 93 40 102 6 0 62 16 41 56 21 35 9 30 31 9 62 19 18 30 10 118 104 141 0 87 9 50 118 139 98 12 32 46 20 95 154 71 24 30 30 10 81 58 40 108 76 82 20 23 0 1 35 42 157 202 120 11 116 19 28 54 57 0 18 18 35 144 73 27 4 62 24 54 48 0 144 64 18 101 30 71 42 48 96 61 10 97 12 8 12 95 9 45 43 114 4 0 25 34 138 105 6 54 9 100 60 140 73 87 128 0 16 10 66 54 73 17 14 36 42 9 6 40 21 34 18 37 7 13 33 45 8 24 20 27 36 78 44 60 9 22 14 42 0 38 98 0 8 38 108 83 4 135 0 62 58 39 0 128 10 52 29 32 59 0 66 97 52 94 59 66 33 0 114 41 99 0 30 32 191 0 40 72 0 0 66 33 103 107 15 12 54 48 127 44 70 36 140 100 28 57 78 79 82 97 113 20 161 24 42 39 20 0 18 58 69
10 5 9 0 0 6 17 41 30 119 2 6 18 115 28 10 0 0 91 38 103 81 9 101 73 126 66 21 20 84 81 81 0 28 57 19 63 0 166 24 63 50 142 49 73 47 40 92 145 15 24 3 57 97 24 40 148 0 90 50 44 12 40 82 0 99 54 18 0 62 107 20 111 25 20 105 24 0 59 22 21 81 61 30 0 1 94 3 5 43 12 118 5 46 6 36 18 9 0 2 4 1 74 9 35 20 106 27 14 0 20 30 15 57 2 114 114 43 3 77 59 40 0 68 81 18 125 16 0 64 133 53 56 29 12 5 0 6 50 52 123 8 0 81 50 0 18 66 42 35 0 67 14 0 42 0 90 25 49 64 0 6 48 15 50 45 9 46 103 42 78 0 42 33 125 40 81 135 159 36 32 50 48 0 0 36 19 66 44 4 23 36 108 68 136 47 40 27 28 0 2 0 33 0 40 72 8 24 18 19 0 0 4 18 8 90 0 6 68 95 137 77 32 0 20 81 43 0 144 0 0 72 45 7 36 55 102 21 6 45 46 18 48 27 45 7 0 54 0 64 6 30 0 0 69 21
112 59 4 27 86 104 196 34 236 81 45 58 38 21 65 43 0 100 54 170 129 48 117 49 90 12 57 102 95 92 87 20 33 135 228 56 31 36 88 4 97 54 93 79 22 32 101 54 182 116 24 36 50 222 11 5 87 40 80 209 101 105 117 56 68 12 58 20 63 39 15 39 35 17 137 3 47 95 6 100 65 67 45 26 35 26 186 15 88 18 60 83 48 36 144 55 22 110 49 56 109 16 29 40 91 38 13 10 71 16 19 69 59 72 0 55 124 55 41 109 203 201 63 67 46 20 51 24 120 32 70 87 158 20 84 121 60 54 35 30 202 108 32 17 73 8 13 63 65 20 54 138 69 44 58 62 22 53 12 33 71 61 47 43 102 222 71 83 72 56 45 12 2 0 0 93 122 0 74 32 123 82 83 126 67 99 80 102 50 72 9 50 74 8 90 28 63 71 12 30 0 9 23 12 63 46 118 72 50 152 22 50 20 101 41 60 102 16 23 9 56 69 43 119 58 96 73 100 64 43 45 8 64 39 33 50 84 61 54 167 79 86 85 51 0 66 35 82 37 60 48 14 63 164 225 71
57 16 24 74 12 42 18 42 40 110 48 259 107 148 109 55 147 77 74 62 0 71 116 98 106 24 158 83 144 23 104 50 2 88 183 48 15 46 72 69 137 15 76 101 36 150 146 114 108 49 59 62 24 71 82 0 34 24 4 129 10 110 109 36 24 68 29 112 40 82 68 59 111 36 85 107 37 99 70 60 126 73 100 130 92 56 200 16 18 74 30 64 28 85 137 161 0 182 0 15 91 105 77 24 139 51 0 135 123 60 18 139 135 44 94 77 136 36 96 145 86 155 38 41 76 86 49 12 82 40 57 112 56 87 81 148 69 55 13 84 181 99 83 108 55 110 146 90 41 123 78 120 112 148 12 136 127 190 76 27 55 0 117 42 164 13 59 105 64 75 152 35 60 60 92 65 73 80 95 139 0 53 86 36 197 84 99 52 58 46 16 60 64 72 11 119 38 29 44 36 14 10 128 35 89 119 32 0 110 230 3 36 24 91 93 34 48 267 121 4 66 53 115 107 113 158 0 175 78 25 19 22 0 92 42 128 144 161 0 195 16 174 103 54 54 67 60 68 98 72 98 114 48 60 96 45
18 123 15 20 0 31 32 71 101 35 50 70 44 43 78 64 17 96 95 12 47 0 20 89 59 51 40 68 32 52 79 12 30 46 59 177 18 57 52 76 104 46 117 39 117 123 55 19 63 115 21 18 5 69 66 76 24 32 0 130 67 84 54 64 60 31 8 3 40 66 46 0 44 32 18 22 31 19 32 22 20 6 87 8 40 0 172 44 32 4 27 128 46 63 66 27 10 41 84 53 44 56 48 0 46 84 63 64 102 24 3 0 58 63 41 50 74 36 24 24 80 9 49 27 77 27 93 48 83 37 58 36 56 0 42 35 7 0 72 155 16 66 92 27 3 38 74 37 108 153 77 72 0 16 43 49 37 71 7 5 76 22 83 68 67 111 58 35 35 0 44 0 0 15 94 61 3 36 21 0 66 68 65 24 12 106 29 36 86 14 47 21 49 35 131 20 9 24 0 60 100 27 28 27 76 17 0 0 50 100 115 28 0 54 0 24 119 58 52 78 91 80 34 72 0 40 17 16 71 84 0 0 12 127 89 58 52 119 121 113 24 102 101 23 9 79 8 0 85 34 35 4 0 75 30 93
33 78 10 74 0 68 15 93 104 66 40 175 70 24 51 39 21 54 86 69 160 42 36 0 0 81 15 42 64 55 35 61 43 138 159 42 0 47 120 129 103 24 78 175 86 66 49 38 260 80 71 24 0 28 60 24 2 12 93 43 61 0 138 68 199 0 21 85 125 142 56 35 66 0 54 52 9 58 51 32 24 28 123 48 144 0 24 0 88 18 0 80 46 114 109 56 35 114 48 171 97 24 203 32 126 108 135 185 117 0 64 58 63 3 54 24 220 0 134 32 72 56 45 99 149 73 169 60 64 9 103 0 59 80 132 84 0 94 53 90 36 36 24 60 125 66 99 8 49 153 42 27 70 160 30 12 32 0 55 9 116 4 74 123 199 62 162 41 181 62 30 15 16 9 0 138 93 63 80 64 24 25 62 0 99 106 90 79 143 77 194 48 32 59 0 35 70 21 89 90 69 100 76 125 34 24 90 60 77 20 65 53 0 115 56 0 79 49 52 49 52 86 42 122 21 42 104 25 92 48 76 24 16 181 12 66 96 12 0 230 132 64 98 59 0 117 63 42 15 120 118 27 76 27 36 8
8 56 20 9 0 42 22 0 76 7 24 83 88 63 60 22 131 83 80 36 114 63 103 68 28 34 21 20 34 93 20 100 20 0 78 60 51 14 96 184 72 62 33 17 0 108 137 32 73 28 56 33 14 18 14 7 8 18 2 75 26 40 28 52 9 60 21 40 99 50 76 76 20 77 43 47 118 0 14 8 47 0 61 20 75 12 227 0 0 0 15 68 0 32 78 76 28 129 37 18 123 18 0 17 24 73 81 39 83 14 73 60 18 0 38 4 28 50 9 61 65 117 16 12 54 32 52 43 66 50 126 4 0 59 152 54 0 29 46 117 88 39 48 15 0 62 35 36 14 117 55 70 26 29 10 104 52 21 0 25 23 0 72 47 0 147 9 28 54 24 44 36 3 8 42 23 28 29 0 40 70 109 10 0 51 85 42 0 44 56 0 4 129 0 40 16 9 35 16 4 58 12 74 47 0 42 78 25 102 141 0 0 0 18 1 102 10 151 45 74 113 14 78 96 42 79 44 65 97 0 10 14 49 66 41 33 23 137 74 88 102 62 99 53 58 0 25 0 32 64 40 0 0 47 17 56
43 8 10 38 18 74 81 90 95 8 0 40 66 4 52 101 72 91 30 76 27 88 45 112 148 24 39 56 62 56 90 12 9 0 72 30 18 69 120 54 64 5 61 15 16 39 6 66 64 145 75 51 5 111 94 84 35 72 0 58 0 0 88 27 21 21 27 6 4 171 28 8 133 27 157 45 136 20 48 40 49 93 140 8 8 6 3 40 54 0 18 7 35 35 54 10 144 23 171 36 87 18 8 0 112 46 62 56 63 48 26 96 87 0 22 84 55 9 17 0 246 250 122 12 37 55 39 42 114 137 98 84 6 57 0 40 0 90 155 7 54 74 0 139 13 60 72 24 45 0 86 138 10 9 53 58 7 56 21 69 52 12 0 35 65 120 14 95 95 78 0 0 0 55 30 132 114 61 1 0 33 72 0 0 32 45 71 0 76 0 8 70 48 34 125 32 0 45 36 22 138 10 6 91 0 48 103 72 0 137 103 57 74 58 6 93 79 25 98 75 54 0 49 26 72 87 114 109 77 70 27 0 47 66 30 0 99 87 44 222 133 181 60 24 0 60 66 18 24 45 82 0 48 43 144 81
96 127 35 0 28 30 56 41 251 75 67 60 132 186 100 24 34 143 4 102 65 67 67 63 78 7 188 66 45 111 6 94 104 80 13 85 136 162 93 84 232 69 150 112 20 121 149 177 161 24 0 214 12 77 106 48 9 7 0 60 91 5 88 85 0 28 14 5 51 128 106 76 58 0 73 100 10 0 164 74 167 84 167 65 0 16 131 0 64 48 36 52 39 94 103 163 104 20 160 144 191 81 0 56 57 106 262 162 195 163 7 122 61 35 42 91 31 93 76 65 96 128 104 17 27 75 65 64 52 16 212 76 142 52 9 62 86 63 76 133 117 0 115 12 72 63 199 66 19 15 113 110 94 144 90 120 85 53 72 99 78 59 72 183 193 43 105 83 0 149 112 32 100 28 0 173 84 63 15 111 177 124 27 52 112 117 61 12 110 105 9 71 164 32 134 95 143 92 0 48 45 95 49 124 2 72 77 0 159 94 25 136 8 97 63 24 92 116 111 79 40 40 110 68 156 234 41 32 36 0 36 35 197 12 71 180 118 217 190 323 130 154 133 76 37 16 134 81 43 87 101 42 12 152 84 88
207 6 0 42 18 6 28 61 64 48 20 99 41 54 24 22 51 15 60 74 104 78 71 48 40 61 90 81 133 118 0 81 27 31 58 53 117 36 112 40 39 53 7 5 21 95 0 197 22 46 5 3 99 70 100 48 38 9 72 153 85 20 18 91 56 0 38 18 18 4 95 2 95 67 70 24 84 33 44 88 18 64 42 58 75 66 128 2 139 52 0 14 52 80 34 32 13 53 3 51 27 23 76 11 20 14 57 0 87 48 25 25 36 120 69 40 96 99 104 159 18 131 28 6 74 48 72 2 58 84 132 13 49 66 18 41 41 123 122 6 37 10 35 60 21 6 0 0 47 37 62 127 124 25 33 38 31 82 51 0 40 22 22 8 138 0 43 137 78 104 36 45 100 16 34 85 52 67 22 54 159 80 86 71 82 179 62 48 85 87 76 2 258 40 133 102 120 0 60 0 5 0 74 18 97 6 27 0 71 75 0 12 14 96 42 26 10 72 48 0 4 76 24 16 71 14 0 85 21 30 10 6 0 23 111 90 66 133 47 123 28 136 74 11 54 18 18 82 174 178 107 30 74 0 55 5
65 72 45 54 73 80 7 63 41 42 20 77 24 53 6 6 48 26 71 114 43 85 36 66 40 0 119 12 34 79 61 115 9 2 62 27 18 62 72 50 56 68 96 46 18 32 18 109 33 63 70 15 107 58 56 42 31 24 0 18 4 79 125 9 81 6 54 0 63 48 0 38 174 60 117 24 24 57 68 0 109 80 4 0 30 7 42 27 4 35 9 64 9 31 0 37 63 186 20 75 126 74 65 0 16 6 46 0 30 0 0 56 20 18 45 24 54 113 69 90 0 9 0 15 12 38 26 36 27 20 72 12 0 24 32 69 79 25 42 68 33 42 81 86 6 0 12 161 0 96 16 0 40 15 16 38 44 30 0 45 66 34 0 70 73 42 0 102 15 89 12 0 0 18 20 21 89 51 107 0 58 36 0 20 97 14 83 4 92 113 0 0 5 54 12 45 119 120 51 51 9 64 34 0 56 8 93 27 25 66 0 28 24 122 80 20 56 73 0 0 138 30 58 51 169 39 0 54 71 0 3 0 45 39 0 95 88 65 66 84 42 39 20 18 0 36 6 107 10 89 102 30 102 21 82 25
101 45 6 86 83 172 69 129 74 137 55 0 45 0 95 10 82 75 10 28 37 34 54 36 54 33 71 48 64 48 32 56 14 80 169 0 6 93 15 221 72 123 43 96 0 83 55 4 44 47 36 104 39 49 28 140 5 34 9 68 96 0 54 27 77 40 110 24 103 137 34 49 0 88 40 76 16 28 30 99 0 126 40 0 40 10 86 14 140 92 75 8 0 163 52 124 39 71 53 64 107 92 47 42 45 0 0 83 24 77 5 69 10 32 56 149 81 38 33 8 32 55 94 24 20 40 8 48 40 60 91 180 0 53 121 8 159 9 64 112 164 54 63 76 77 23 9 20 7 86 64 87 46 32 10 25 40 54 4 57 37 10 91 56 36 49 36 36 83 36 6 0 36 0 0 30 46 19 229 9 40 81 28 0 10 28 20 116 69 103 75 72 24 18 18 0 80 35 12 0 121 35 6 0 78 47 20 0 0 48 24 45 0 187 85 0 46 153 24 208 60 54 15 36 52 51 40 86 154 15 44 8 0 93 52 57 47 44 38 96 131 4 0 0 18 27 54 109 18 61 180 69 30 46 122 32
34 16 56 0 36 0 0 24 48 81 82 47 94 86 13 7 61 0 8 18 40 48 95 58 28 0 49 0 0 5 185 64 66 19 111 33 64 49 54 22 12 6 60 80 43 56 25 93 189 78 72 0 0 57 38 15 65 168 44 69 19 62 109 10 250 26 62 65 0 33 18 0 67 82 138 47 42 48 83 84 44 0 0 29 0 75 145 20 1 55 2 83 89 137 46 80 34 61 42 21 4 152 81 28 42 73 32 158 0 8 51 4 72 77 12 34 119 36 28 48 101 40 16 21 140 4 63 55 16 103 89 69 86 21 153 24 49 5 40 69 102 128 61 44 56 32 2 85 186 159 28 28 103 4 97 28 74 0 28 65 0 6 10 51 123 30 0 65 172 8 82 30 0 134 20 100 167 81 65 72 16 38 17 41 252 3 80 44 107 7 89 37 108 15 142 36 20 4 0 7 0 0 72 0 37 40 80 16 4 99 42 81 0 64 135 4 0 121 12 63 64 22 0 75 118 24 0 12 43 78 16 65 32 13 41 112 150 72 0 118 14 0 54 35 5 52 20 80 0 81 83 43 89 100 93 114
82 40 0 54 17 34 3 80 6 84 2 32 30 45 79 35 23 63 106 56 0 39 10 22 85 10 40 16 64 10 12 30 0 45 95 0 18 115 18 9 83 14 14 11 12 0 0 84 5 12 40 0 40 31 7 127 66 5 36 4 86 41 85 0 42 0 35 18 10 99 18 10 72 114 45 0 50 30 2 93 43 24 41 14 18 24 17 4 45 61 57 70 30 54 36 55 78 58 0 27 28 6 10 40 4 20 65 8 0 74 0 0 47 94 52 67 0 77 0 0 34 0 90 28 2 67 56 42 30 55 51 28 25 93 0 2 85 91 80 20 80 64 2 65 24 22 12 122 0 60 20 32 9 3 136 66 18 52 12 49 36 0 22 35 9 44 0 31 118 40 45 0 18 39 0 0 45 54 30 0 48 81 48 16 0 5 16 2 57 27 0 4 90 38 99 43 81 63 20 4 2 65 0 33 24 0 15 0 0 32 20 26 45 63 39 10 65 6 68 55 49 10 0 14 80 24 0 41 20 64 15 0 19 15 95 3 40 48 3 98 0 40 10 0 8 23 0 0 54 50 26 54 43 6 101 36
10 61 73 32 25 69 72 79 106 81 129 79 162 102 168 43 29 27 20 40 69 20 108 51 187 5 85 50 24 80 8 0 8 78 72 10 11 83 30 0 106 192 64 14 29 0 45 186 93 78 86 27 38 81 27 30 23 0 18 21 184 0 31 96 47 20 0 103 24 29 45 45 81 72 112 73 137 6 45 40 35 63 0 0 9 3 99 27 56 40 48 44 60 89 128 65 0 82 186 33 0 30 151 6 69 34 26 4 71 40 37 0 56 24 36 90 56 50 54 122 9 26 24 42 50 6 160 46 0 16 54 68 80 0 8 60 49 0 118 130 216 8 56 15 34 34 59 59 15 55 2 0 33 73 47 162 31 59 0 31 37 47 6 36 2 65 36 112 50 87 0 80 52 0 78 35 50 0 48 8 35 25 9 21 74 122 0 70 88 0 127 9 193 51 129 0 0 3 82 26 16 55 8 0 34 24 11 25 107 36 0 42 0 9 54 61 40 142 15 175 16 105 33 0 16 0 40 62 64 66 70 14 13 33 152 109 80 21 37 73 154 90 104 8 39 121 72 0 12 42 57 0 121 64 87 51
34 0 0 72 42 54 72 105 0 24 24 193 0 22 72 128 26 49 14 7 123 74 84 18 102 66 82 62 106 83 58 51 18 70 150 14 87 63 33 137 179 0 149 24 6 4 1 72 94 80 6 0 8 43 16 64 28 0 108 30 48 24 0 24 78 2 12 36 90 48 34 69 72 5 12 67 50 18 33 24 12 95 72 12 72 4 94 35 99 36 17 78 24 0 42 16 0 115 70 37 0 0 51 102 25 0 74 108 51 114 55 64 88 24 147 16 152 38 67 60 73 55 12 18 0 9 108 153 38 45 125 126 78 63 0 54 63 14 20 100 99 63 48 62 69 9 15 0 123 0 19 50 82 145 0 58 42 68 114 35 151 0 104 29 32 87 99 78 58 62 30 157 16 0 93 24 29 73 62 178 3 129 85 48 117 13 0 19 28 52 92 8 12 60 54 0 75 13 40 0 46 48 79 30 67 18 88 43 4 33 6 72 0 87 8 28 68 110 0 110 66 0 45 40 48 0 0 9 0 46 0 2 0 85 24 8 72 0 55 104 131 64 61 77 20 24 68 70 67 39 34 54 7 36 87 18
149 60 9 30 55 33 21 67 90 91 65 0 71 0 69 45 6 33 123 63 31 50 0 91 92 6 74 108 0 36 106 65 111 52 53 14 25 135 4 53 19 94 91 25 0 46 63 56 85 69 158 76 21 140 88 84 7 195 42 154 92 8 150 17 68 0 70 35 100 117 81 10 0 111 107 0 3 8 102 58 85 139 110 0 59 6 5 8 116 6 69 91 43 84 59 71 39 81 45 0 48 137 146 60 97 0 74 74 72 42 0 147 126 112 41 24 94 29 93 64 7 0 19 77 18 19 65 25 43 57 139 18 85 11 87 81 62 8 0 42 77 53 42 24 48 24 30 50 37 45 36 75 173 44 30 40 56 102 108 5 16 80 48 163 51 0 150 102 18 48 9 93 96 3 0 90 20 69 77 65 70 93 70 0 74 101 159 142 69 118 34 82 25 69 39 7 169 10 56 0 6 12 4 81 38 39 93 41 96 60 56 62 35 21 109 89 44 3 53 114 33 36 38 110 5 0 97 83 87 20 156 0 90 39 113 164 66 0 117 164 168 143 65 158 12 49 92 86 76 59 48 7 91 75 82 3
23 27 82 37 26 36 137 40 18 22 0 76 214 104 108 15 112 66 103 83 15 116 102 91 40 4 73 74 30 3 111 80 76 37 127 12 66 75 34 83 112 21 75 143 73 131 77 20 127 54 40 94 5 49 46 18 81 31 51 100 33 27 154 80 48 4 46 56 81 153 53 84 0 6 42 87 15 112 61 32 102 56 149 51 40 0 20 42 99 20 21 49 1 148 60 20 42 154 85 67 52 80 85 66 0 32 86 237 143 56 111 26 102 0 9 146 123 0 32 46 129 40 144 52 54 16 37 63 14 40 61 125 36 14 42 91 146 10 28 32 115 30 44 36 71 141 40 35 18 159 54 42 39 72 72 60 45 49 115 44 24 46 45 6 101 24 12 62 22 56 48 12 5 21 2 117 100 80 94 38 26 33 36 31 86 32 54 38 86 0 25 104 51 22 47 108 35 32 58 40 7 4 19 28 66 65 68 46 83 86 18 60 13 62 60 0 51 100 86 54 28 51 47 26 81 152 50 151 134 123 12 15 0 37 64 58 185 18 0 133 119 104 27 102 12 148 92 111 46 64 143 108 121 20 54 33
155 7 6 6 63 36 6 97 31 8 66 112 69 2 130 46 78 116 88 0 36 22 101 12 16 106 95 154 0 113 72 119 137 71 66 30 0 40 143 0 24 81 116 144 22 64 46 31 115 0 40 16 0 60 12 32 31 64 24 4 1 24 69 37 0 8 12 4 53 3 78 34 31 10 138 37 92 12 54 84 0 36 36 22 71 66 106 91 93 7 38 88 65 48 0 48 68 60 97 10 50 0 135 12 21 150 0 8 139 36 0 33 0 174 8 111 238 171 195 62 92 79 63 52 65 26 14 63 119 118 134 150 70 10 54 46 0 0 0 92 112 127 75 58 32 30 54 72 145 105 56 33 108 78 29 87 0 42 143 0 93 0 72 160 98 15 0 68 31 51 0 116 52 36 63 8 0 10 0 44 32 105 82 113 12 0 44 94 0 52 48 0 0 67 68 42 0 26 104 91 38 30 0 93 33 16 6 0 40 134 142 81 63 171 72 14 2 91 30 93 19 4 54 156 112 61 48 0 8 0 0 0 26 62 214 220 60 56 75 209 54 85 82 12 24 81 10 0 18 21 0 6 43 91 32 68
62 35 37 59 42 49 34 74 89 25 74 143 115 93 18 54 92 49 32 104 44 72 119 146 12 0 53 127 130 9 34 107 58 157 175 35 42 206 83 52 124 71 98 148 21 195 145 106 77 6 64 66 4 66 71 108 138 6 3 172 48 146 35 49 34 0 85 36 25 8 0 52 26 32 56 14 57 0 6 152 40 55 32 75 18 101 60 45 20 120 20 50 91 2 72 125 5 78 40 73 70 120 56 0 16 24 32 120 119 15 114 66 155 243 2 145 36 94 7 111 62 97 49 69 40 60 78 37 65 8 54 99 34 24 95 0 66 44 119 46 39 40 43 18 16 12 98 71 60 9 125 0 18 85 2 95 80 20 86 64 0 118 108 41 26 68 25 91 32 167 20 12 122 7 14 72 128 106 21 23 0 71 140 32 111 9 157 42 33 123 0 45 200 72 120 107 78 64 37 0 0 61 44 7 20 36 61 24 94 7 79 44 56 111 14 56 92 113 75 28 68 38 28 63 8 36 10 17 49 69 6 57 246 10 106 81 38 91 136 115 51 42 56 45 75 7 71 0 65 87 40 34 42 75 109 0
118 151 35 59 206 14 0 138 73 23 32 55 58 81 111 33 177 114 200 0 69 33 20 178 36 23 60 25 6 164 7 124 18 42 202 15 0 129 125 26 63 65 223 83 85 187 45 123 100 41 121 117 74 57 84 49 66 15 149 63 62 77 87 102 66 22 45 54 136 102 49 70 24 54 266 24 12 38 50 128 69 140 122 9 52 21 105 36 61 48 52 229 46 133 154 64 16 30 48 3 13 132 67 30 0 0 90 19 90 28 83 140 20 84 72 28 55 214 122 134 120 84 49 21 81 15 106 16 49 115 44 48 113 45 106 15 152 9 83 0 120 102 188 76 132 30 122 115 9 91 142 66 84 129 151 190 62 76 121 42 104 18 69 66 20 96 69 163 84 35 0 111 80 19 23 45 107 6 21 65 51 33 17 9 83 119 14 58 110 47 107 13 201 79 51 0 40 9 115 94 44 77 0 72 0 74 6 90 30 162 121 5 115 44 59 24 176 211 123 31 89 0 162 0 122 90 0 107 0 126 0 18 56 69 130 255 221 128 125 133 40 54 40 11 61 129 89 135 5 22 157 51 7 101 21 228
56 54 14 7 24 0 48 135 59 64 72 30 123 0 30 144 0 0 102 63 9 0 15 10 59 30 27 27 5 0 72 6 12 73 124 81 11 96 54 133 73 89 62 60 42 0 0 0 89 132 40 68 20 0 10 144 57 42 42 76 163 146 0 0 72 48 40 63 40 48 0 0 64 71 69 65 10 0 0 13 36 0 79 70 0 0 117 0 0 0 66 47 2 18 131 73 0 87 54 24 105 10 14 6 0 19 72 94 0 10 56 29 132 117 26 129 171 57 29 0 131 30 15 0 36 24 118 123 48 0 106 0 12 117 74 18 94 15 22 0 90 35 5 87 0 56 61 82 0 59 2 6 0 75 12 0 84 42 122 0 12 0 75 39 123 8 27 89 0 18 0 45 5 53 40 20 75 72 0 0 59 10 90 48 0 40 73 0 18 141 18 0 68 57 101 69 66 40 0 15 2 42 20 69 32 0 20 18 115 30 0 47 32 5 56 0 81 71 0 118 60 52 6 79 81 2 5 0 72 66 74 64 63 90 70 0 54 0 126 53 174 0 1 108 43 0 126 31 54 25 5 0 82 33 0 0
149 0 54 97 84 96 4 93 92 35 0 24 8 40 115 27 39 110 159 65 32 71 48 235 33 0 158 27 39 80 103 35 44 57 68 18 55 137 85 52 88 38 154 57 24 84 0 12 153 117 124 80 185 30 105 80 98 69 84 72 48 0 67 30 166 0 30 21 105 41 0 88 48 15 139 67 45 42 96 32 33 20 36 119 40 20 120 0 68 93 36 214 0 48 45 127 50 51 0 45 36 193 158 0 0 0 145 131 23 27 0 19 108 123 72 80 113 57 153 50 23 106 186 20 97 14 81 49 28 84 208 18 27 25 131 12 24 35 64 46 163 0 112 0 0 31 58 30 109 52 82 86 145 0 204 62 9 12 27 68 63 12 75 77 61 76 20 0 88 0 14 36 10 101 24 108 69 8 30 97 81 54 90 89 12 18 76 15 85 108 50 10 69 0 14 0 14 12 28 0 10 76 59 30 60 58 102 28 12 28 89 112 0 150 36 42 66 0 160 156 134 27 4 23 150 99 95 20 18 113 89 21 35 36 24 144 78 132 0 34 76 0 5 51 4 101 41 151 14 48 163 53 19 99 16 93
47 0 21 36 0 69 0 61 0 7 7 117 14 174 42 54 0 85 135 0 27 75 47 87 7 24 174 134 21 0 122 9 9 12 75 32 59 5 67 82 66 11 104 29 10 20 0 10 89 85 35 0 46 85 67 48 21 39 15 33 81 0 68 75 141 75 58 210 73 72 27 60 57 7 29 18 0 65 33 74 36 55 68 54 83 16 41 0 7 0 8 97 50 68 112 8 27 12 114 78 19 44 8 0 8 57 70 108 36 44 120 38 104 6 6 42 90 83 8 128 68 33 0 6 99 0 81 61 10 82 30 49 42 0 0 137 98 41 141 108 100 0 28 82 0 80 48 37 1 9 5 31 18 144 0 90 0 23 102 77 79 62 81 54 26 54 57 16 25 42 14 121 59 0 0 71 26 30 0 20 104 67 1 28 54 66 9 10 85 44 53 9 75 0 37 126 69 77 69 28 0 14 137 113 65 78 165 12 72 210 0 38 0 92 15 14 75 50 120 42 41 85 1 113 18 56 0 129 75 35 7 42 33 37 9 0 0 56 0 37 54 49 105 54 0 117 47 23 107 62 20 54 40 77 56 72
40 16 72 2 10 40 33 52 105 37 20 85 16 84 14 21 103 4 45 18 197 55 177 44 34 77 0 99 97 35 56 53 28 47 36 52 17 45 103 38 81 22 93 193 18 135 0 62 108 0 89 164 83 2 0 56 51 12 63 76 68 20 130 36 72 0 53 4 81 163 120 70 14 35 9 92 156 0 44 65 47 35 53 81 49 8 19 36 7 97 12 128 14 81 58 77 26 53 81 72 0 70 94 63 8 1 111 97 142 0 91 73 106 44 40 104 99 41 64 0 127 164 81 14 0 8 110 16 96 185 67 110 4 7 157 115 72 104 115 101 0 80 9 36 18 12 6 18 37 21 0 132 84 11 8 16 35 88 20 78 0 53 84 35 18 85 107 99 278 49 98 54 143 24 0 30 67 120 121 80 97 66 61 83 135 14 42 4 63 56 77 8 138 113 90 60 95 40 44 0 63 20 47 48 101 0 111 8 145 65 0 65 25 117 26 126 16 0 181 77 36 99 63 72 26 22 29 112 93 0 0 15 64 92 65 84 87 29 71 126 162 80 101 78 126 7 36 71 91 114 101 94 9 36 48 9
201 23 62 62 56 40 33 88 72 52 29 94 168 152 42 49 88 35 224 128 4 67 77 56 46 79 102 20 20 130 56 59 93 16 102 65 67 31 88 36 99 105 126 149 88 126 119 100 24 57 44 91 42 128 46 0 83 0 76 94 94 82 75 101 8 36 150 53 95 0 13 0 43 64 21 17 21 51 14 76 116 38 152 56 41 7 147 50 6 80 48 1 82 30 49 39 45 64 71 30 21 34 79 2 0 91 89 215 104 0 24 37 0 64 14 227 41 97 90 41 87 45 79 56 55 80 77 90 70 14 19 31 115 157 26 70 137 24 100 92 220 14 5 173 211 43 67 101 121 63 0 126 91 114 44 0 126 54 98 49 26 61 92 19 194 70 35 81 162 17 42 37 46 0 32 0 127 32 5 3 141 40 0 102 32 94 66 128 151 89 69 21 32 46 8 64 45 21 68 24 46 0 0 49 96 72 102 53 201 135 0 81 0 7 24 48 25 53 121 36 59 83 36 70 91 110 72 85 92 46 139 100 48 99 27 28 217 42 66 131 52 209 42 7 18 77 105 93 98 35 0 24 53 73 86 94
90 0 59 0 40 34 0 98 77 12 55 24 79 85 14 56 54 69 28 114 54 40 129 30 56 4 22 142 0 44 64 50 125 117 96 58 5 8 49 36 0 174 18 51 16 108 102 18 22 62 8 18 34 116 24 20 26 44 12 16 13 20 16 141 0 81 126 44 66 8 25 20 27 129 54 72 56 6 54 159 169 10 123 35 42 0 166 45 8 74 4 93 80 71 12 37 40 63 168 126 63 0 145 18 62 104 54 162 118 60 18 34 14 0 25 167 163 87 161 105 38 8 75 0 66 145 12 74 33 10 77 98 64 127 0 33 23 94 41 6 74 102 49 61 116 2 82 24 172 48 0 97 101 93 9 75 173 0 68 18 88 15 106 44 124 46 92 141 64 14 39 137 82 4 78 10 168 54 18 10 34 106 60 59 0 26 62 172 29 48 16 0 48 43 90 30 51 78 69 52 60 54 0 22 99 28 72 0 137 131 14 100 80 36 39 39 68 32 154 32 40 114 92 57 14 16 128 12 0 78 165 158 72 112 12 52 22 6 56 143 4 173 191 29 24 62 80 93 35 30 36 40 102 92 0 38
98 78 15 8 56 85 0 28 56 53 0 25 40 90 34 27 15 49 60 91 0 30 6 9 62 0 68 30 72 141 41 42 0 31 123 92 27 78 90 126 193 1 98 27 0 24 56 38 15 15 59 43 19 58 63 42 13 46 78 74 38 0 12 115 96 35 14 129 64 39 63 0 78 36 35 17 0 82 4 20 5 52 99 11 32 0 100 0 6 0 24 33 90 106 20 71 0 100 6 8 61 32 24 124 72 72 0 64 60 63 18 148 76 62 1 42 41 36 15 2 7 89 48 12 24 78 55 63 66 71 0 120 124 24 156 43 8 110 166 136 48 99 98 124 6 41 45 17 8 83 2 76 35 10 54 20 57 0 40 66 0 2 87 101 54 98 75 48 54 81 0 27 0 6 6 59 34 15 0 66 87 88 11 76 35 131 7 15 12 15 35 5 36 70 6 10 0 37 19 36 29 78 4 18 39 36 42 13 0 101 21 42 48 42 85 28 25 208 52 100 39 30 9 53 63 40 76 104 56 12 6 38 0 105 66 40 142 99 21 123 32 177 90 68 6 3 56 72 90 60 65 32 0 28 132 0
125 0 0 15 6 101 0 85 134 87 18 121 16 48 50 41 28 0 94 16 92 50 83 136 50 4 80 74 44 7 7 90 8 88 84 4 92 60 45 58 65 157 89 66 35 92 137 91 103 79 20 76 39 140 26 123 84 64 2 0 74 0 16 158 15 72 12 24 65 51 40 88 0 59 57 160 121 3 0 165 143 40 5 10 32 0 81 48 28 33 0 108 106 0 0 190 64 38 24 106 58 16 168 21 36 35 80 0 45 87 37 66 66 86 25 57 92 54 104 35 92 117 75 15 63 30 22 60 38 12 127 55 72 21 93 200 9 71 190 17 113 54 71 64 29 76 151 46 0 84 0 69 34 32 97 56 0 0 72 0 0 32 18 42 47 36 36 70 76 166 14 74 72 152 35 89 93 8 63 71 100 35 42 0 0 151 134 103 71 66 85 72 57 119 149 40 0 16 0 40 79 60 8 48 48 49 38 0 54 74 26 50 24 33 0 40 66 212 142 106 19 64 68 115 106 248 50 199 0 0 65 16 64 90 130 71 132 172 4 52 116 112 32 72 42 0 12 127 54 34 60 6 87 18 48 111
63 52 31 12 6 3 52 0 0 0 59 85 72 83 0 50 63 30 175 44 96 36 63 27 33 9 112 15 95 35 75 16 18 8 62 124 9 126 30 4 24 0 90 18 65 97 9 16 98 27 35 68 63 82 32 72 30 0 8 29 134 124 18 13 27 15 113 135 39 72 76 16 30 115 66 14 60 15 12 81 77 27 0 59 11 29 80 21 24 27 54 31 28 12 0 91 24 43 49 64 12 16 0 36 119 5 9 18 24 47 123 160 117 72 6 141 0 114 0 84 56 90 68 18 19 44 77 150 14 40 109 41 84 127 66 31 86 47 31 75 41 91 79 12 22 3 0 118 24 129 4 110 16 54 31 56 24 146 56 3 126 148 25 17 127 72 0 127 164 69 0 21 0 24 0 0 82 4 117 42 103 104 20 31 173 3 19 0 39 70 4 30 53 18 93 58 16 58 0 0 23 2 1 69 34 60 29 16 44 43 16 2 24 7 3 14 80 32 42 0 58 21 0 30 191 2 10 51 84 0 75 83 78 42 72 0 9 0 109 36 52 60 66 132 12 30 3 27 228 8 47 103 77 93 80 5
0 0 30 20 0 0 0 63 54 16 0 52 0 0 63 0 63 56 167 16 59 53 66 97 0 3 166 152 7 12 107 5 75 90 43 18 66 72 15 47 13 73 81 180 56 49 8 49 101 25 84 56 35 63 21 48 112 48 0 106 6 48 76 50 21 7 42 30 45 79 21 19 6 10 0 71 0 16 172 4 132 15 210 49 42 34 43 0 132 0 81 83 7 36 51 113 56 18 108 56 64 144 116 56 14 52 40 128 0 22 0 5 12 68 7 81 9 0 40 81 78 0 18 101 113 0 14 12 27 48 1 74 0 97 48 72 86 16 21 24 49 43 35 28 42 0 35 0 28 22 35 82 156 44 0 0 133 39 47 0 72 0 0 45 96 46 54 0 3 46 53 42 14 6 14 0 18 14 0 72 15 54 121 0 38 0 68 126 35 8 26 22 122 68 58 56 56 0 2 28 50 15 40 64 0 13 103 9 28 178 39 55 32 57 19 28 122 6 23 0 63 27 49 0 0 49 0 187 56 32 119 7 0 97 66 16 0 1 0 63 40 0 14 36 7 50 87 88 0 101 78 91 56 8 52 12
146 57 28 42 14 3 104 84 60 98 0 55 98 27 0 153 0 104 30 153 66 47 99 53 98 125 96 86 172 190 56 9 3 91 138 74 18 158 81 216 247 62 54 0 36 111 104 122 21 233 0 153 9 6 69 112 8 0 0 95 85 32 156 96 118 16 54 142 5 51 82 40 185 74 137 12 112 54 8 113 47 83 94 0 0 7 6 0 74 0 0 16 15 93 117 23 16 178 112 101 69 31 55 36 115 0 64 193 82 99 25 91 163 17 127 60 128 0 90 144 51 68 0 10 89 28 49 43 44 123 92 146 113 145 9 0 0 66 167 7 70 140 86 118 7 24 106 0 141 56 82 29 86 79 131 34 15 31 131 0 15 10 0 66 113 229 147 110 200 182 153 94 80 105 28 96 46 46 0 82 34 1 55 17 131 86 52 61 39 18 100 0 49 43 44 71 71 0 54 37 93 121 10 45 12 63 18 16 52 79 48 94 16 129 69 0 20 103 4 81 2 64 116 23 68 32 56 12 29 70 42 47 56 76 104 40 36 131 118 4 56 112 127 161 26 96 31 29 89 46 82 24 90 80 64 24
30 24 0 40 6 9 6 12 3 1 11 68 72 16 12 19 5 22 66 5 29 68 119 8 1 0 40 19 49 40 70 18 49 70 14 37 82 6 12 33 117 0 27 26 96 67 48 63 89 3 35 40 47 12 72 21 63 0 0 9 36 19 42 112 64 6 21 74 0 0 49 3 10 24 124 12 6 40 10 0 40 46 4 30 20 32 128 40 29 36 0 52 51 101 13 109 2 0 17 8 52 43 92 20 0 79 20 38 64 106 40 8 18 64 0 24 42 36 22 40 49 71 58 0 125 0 140 66 49 57 20 103 0 16 0 16 32 6 96 51 13 99 135 27 23 16 2 3 64 92 35 48 57 8 32 7 48 18 9 0 46 36 19 3 104 109 45 90 40 88 4 31 0 13 12 34 93 34 6 45 46 12 82 7 85 23 78 8 14 3 40 4 102 0 54 0 16 0 27 45 23 10 16 10 24 0 77 29 40 61 80 138 0 109 12 6 70 14 9 16 9 41 22 108 54 18 0 3 32 19 10 27 82 49 70 85 16 56 30 18 8 48 21 73 5 0 16 24 38 113 90 63 0 20 9 30
66 6 126 168 14 18 49 45 0 79 8 57 59 47 10 50 47 37 107 49 142 126 144 143 56 108 40 116 36 91 78 102 50 153 169 9 8 0 68 8 221 44 84 206 45 65 125 90 186 25 98 79 57 142 21 21 68 26 90 176 73 87 48 95 192 101 20 66 12 132 53 4 121 44 36 153 6 34 0 174 108 69 78 30 130 67 62 68 102 39 24 71 29 116 5 73 3 61 102 215 51 102 136 48 66 0 57 138 65 60 81 130 24 0 90 144 160 57 42 151 190 89 102 80 105 54 242 27 162 68 118 129 63 77 152 45 81 112 98 106 79 57 25 63 46 79 83 86 92 48 64 51 63 65 80 29 59 32 132 22 19 63 64 42 36 82 50 100 236 89 0 36 26 44 31 84 95 110 99 156 81 42 94 89 124 144 172 71 99 80 140 47 107 162 52 75 16 34 150 80 118 15 66 30 56 12 47 126 31 44 109 60 67 132 40 14 128 62 45 35 106 23 16 10 5 96 126 138 115 26 9 54 40 47 85 15 82 116 111 116 30 60 20 155 64 85 68 0 128 63 161 85 110 90 35 154
0 30 72 46 30 46 4 40 9 49 14 14 14 0 10 97 0 7 31 28 41 51 14 90 19 6 136 68 0 36 0 110 24 30 30 6 64 14 84 141 42 104 0 126 14 74 100 14 45 43 21 0 76 12 21 147 0 27 0 53 41 0 6 64 171 12 28 16 56 0 82 11 32 80 22 40 34 36 37 101 21 95 99 0 114 0 41 0 136 0 24 40 0 140 70 22 99 144 18 32 17 44 82 55 0 84 21 118 6 16 15 41 84 38 56 84 31 25 23 123 56 72 147 28 15 98 116 70 97 39 90 9 6 27 31 16 10 6 20 60 78 15 98 36 40 0 0 83 44 147 7 4 32 11 0 10 58 28 76 72 18 8 0 87 59 107 45 103 66 85 3 73 84 0 18 10 8 72 78 14 36 9 18 0 24 101 22 54 0 21 10 79 22 30 0 0 0 56 43 27 39 70 1 0 0 98 35 165 58 71 24 50 0 77 101 31 37 91 50 96 5 15 0 65 0 15 161 35 48 0 123 0 15 70 11 20 35 42 9 35 74 48 45 105 3 57 9 9 28 98 0 0 10 128 45 26
98 32 0 0 42 0 0 14 0 126 0 12 72 54 46 8 56 55 94 71 0 32 58 88 0 0 122 0 141 118 68 0 47 146 158 0 82 28 105 0 106 10 88 0 25 0 26 88 157 16 7 10 45 27 36 0 32 0 54 87 32 0 107 0 50 16 8 72 100 124 28 0 34 0 155 24 31 48 36 146 58 180 69 16 87 72 182 32 54 64 34 34 8 20 64 12 36 137 24 28 156 30 63 32 0 20 50 66 190 48 36 58 31 40 0 102 28 82 104 24 151 73 0 0 20 54 8 28 36 118 22 16 77 100 0 28 17 90 95 85 222 56 25 70 147 0 20 47 14 97 86 91 6 70 70 120 109 0 49 154 0 0 0 0 54 104 135 10 90 40 117 0 4 0 216 114 86 38 139 108 45 90 64 0 5 40 14 0 20 24 88 92 126 0 78 70 90 28 120 18 48 0 140 140 0 81 37 108 0 106 36 48 42 152 9 45 0 10 35 36 52 40 68 14 62 82 25 40 32 124 0 0 0 8 0 63 15 95 28 84 118 0 21 83 64 219 35 0 96 56 123 58 56 0 0 66
145 3 60 81 124 179 90 98 119 111 47 65 221 68 102 23 21 116 61 62 137 90 184 36 70 73 298 76 15 7 7 177 42 25 78 84 64 74 6 108 16 57 104 142 55 73 95 38 72 124 35 68 108 120 60 30 95 50 31 110 85 0 140 134 153 92 107 94 84 40 46 130 164 37 99 128 107 131 48 58 46 53 26 9 68 57 133 16 123 54 46 23 27 152 23 135 161 42 111 13 53 23 3 59 33 73 61 141 174 74 119 27 115 71 45 30 97 37 65 51 182 104 74 90 42 0 54 54 122 36 53 95 130 67 108 104 63 69 30 66 150 132 61 70 24 156 24 13 71 63 83 64 125 125 21 40 44 71 26 42 99 36 27 52 115 67 42 5 114 82 67 32 36 84 66 119 56 81 111 34 97 44 99 104 139 170 268 108 70 61 54 91 130 18 155 113 134 72 72 76 2 61 40 47 60 100 59 42 139 143 0 112 0 211 40 49 74 87 95 3 71 0 62 128 80 49 64 164 3 32 46 8 0 106 94 7 89 116 43 53 93 126 49 95 0 65 53 61 36 61 98 0 146 139 96 126
152 48 121 0 165 24 80 35 48 67 65 19 76 113 24 51 72 51 93 141 51 112 112 91 105 0 77 54 80 30 36 41 104 72 88 157 164 56 67 76 81 73 31 79 0 110 0 108 45 64 78 126 120 32 143 0 21 63 8 175 8 7 131 97 129 30 0 165 4 70 29 52 54 74 94 90 27 100 137 103 270 53 154 12 36 48 143 44 116 24 3 49 142 133 96 98 73 176 36 51 72 43 137 36 0 105 55 141 15 157 15 13 0 37 51 54 56 15 54 91 56 101 118 69 78 94 59 36 80 36 79 114 128 39 57 71 120 99 212 74 74 85 70 126 75 15 18 42 102 81 47 34 156 20 219 102 134 64 35 78 9 40 0 79 222 84 44 36 205 133 192 18 107 55 12 203 57 83 28 90 86 108 76 12 102 123 127 2 74 71 69 60 137 48 89 66 10 13 72 0 45 58 15 5 35 0 57 40 6 72 27 104 1 122 84 56 9 141 0 70 0 20 41 46 72 43 39 32 45 91 132 21 7 53 10 161 141 151 50 46 123 140 62 160 14 55 96 160 98 133 54 130 95 113 48 45
69 27 0 74 6 39 45 108 104 0 5 91 78 18 78 6 72 25 36 0 89 62 182 138 115 6 73 98 18 62 0 8 154 127 10 28 78 46 59 74 174 88 45 53 40 39 136 26 133 25 44 25 31 39 32 59 10 8 45 58 78 0 0 44 60 0 30 36 77 0 62 0 20 89 0 5 72 3 20 45 32 29 12 0 0 28 38 78 57 35 34 9 20 49 43 101 40 185 70 65 10 0 41 0 63 16 122 82 48 108 43 67 0 48 117 21 84 49 0 110 18 59 142 24 12 8 0 0 166 6 49 135 40 59 0 108 0 25 30 96 17 0 45 33 31 76 12 17 9 156 4 101 25 76 83 36 39 0 68 0 65 9 2 24 82 81 96 66 52 76 44 103 8 25 25 134 96 5 48 12 34 14 45 0 54 26 12 20 28 26 51 120 65 23 12 24 40 70 10 81 122 79 27 51 23 100 77 5 64 47 45 69 0 0 57 46 44 64 24 121 25 54 56 117 7 80 22 45 32 77 50 15 53 18 28 95 62 56 38 88 117 4 24 61 48 38 54 35 39 86 16 32 83 33 0 37
113 95 10 5 0 0 9 18 31 35 61 84 36 222 136 32 110 64 29 108 127 101 119 0 8 90 52 137 47 140 58 6 42 69 57 83 17 78 55 79 49 27 96 35 40 92 26 78 95 0 84 45 92 13 121 107 87 106 72 75 25 11 176 45 34 18 44 16 37 96 78 45 93 33 119 150 217 15 38 0 45 81 54 0 15 99 3 0 6 35 2 64 57 68 63 111 100 72 140 16 38 96 36 4 113 82 56 88 137 63 92 143 92 37 2 142 228 83 45 44 8 202 52 18 52 12 149 117 190 158 192 115 88 78 6 14 9 140 117 51 92 158 14 131 25 18 80 40 56 82 166 103 0 24 83 104 6 64 52 0 142 61 64 120 107 128 62 72 286 187 30 103 73 33 0 137 72 80 128 95 109 27 141 52 200 0 7 0 54 168 16 14 101 36 170 0 73 5 28 61 3 29 0 54 36 8 2 0 60 54 66 6 40 83 68 16 30 125 42 51 54 54 51 16 124 107 140 26 48 2 54 38 2 7 49 20 64 36 24 110 0 248 130 6 20 15 27 36 131 83 132 56 154 9 12 60
127 115 24 58 123 46 31 10 24 184 50 74 48 68 39 21 190 53 13 222 45 75 139 81 118 47 138 134 17 33 156 35 52 17 176 69 54 88 164 101 76 56 141 35 87 102 48 21 16 36 88 36 81 26 114 107 144 123 82 29 0 45 154 60 72 16 103 37 58 36 63 92 126 121 126 151 56 102 9 161 55 93 66 131 84 81 62 32 128 75 20 31 55 89 24 157 90 135 79 14 52 52 102 15 3 56 135 66 72 182 86 5 36 119 15 216 90 196 40 46 107 111 141 14 28 89 99 75 63 54 185 78 48 49 50 39 105 42 44 85 115 224 15 144 47 65 84 93 112 116 68 30 60 68 81 106 40 77 96 63 150 26 42 70 115 198 45 56 309 32 108 75 146 21 36 117 88 144 124 9 80 64 5 129 186 5 31 0 128 114 47 16 82 110 59 133 72 81 3 14 0 48 75 24 84 0 110 0 36 112 0 99 48 92 80 3 75 140 115 51 157 81 0 71 166 30 30 94 84 15 63 109 59 37 96 168 113 89 41 191 21 25 6 7 89 45 39 99 19 72 95 141 129 68 105 14
267 5 69 9 91 43 152 32 7 71 0 12 90 64 13 0 42 97 146 40 9 69 48 0 67 130 130 27 145 190 120 108 23 0 138 18 99 68 2 50 63 12 113 0 10 100 53 100 15 93 30 17 99 48 0 0 121 68 21 33 61 118 51 95 0 0 56 105 105 30 6 27 136 24 130 42 59 180 88 96 72 31 54 52 84 57 53 0 12 104 12 64 0 164 117 45 9 3 3 64 16 0 24 6 9 0 99 0 93 59 25 0 105 72 19 119 60 81 37 105 185 6 122 16 12 0 58 0 0 0 106 42 21 26 97 3 0 65 103 33 132 0 0 118 25 72 0 96 21 51 18 27 72 96 48 4 0 23 24 10 6 64 74 45 101 89 8 40 0 100 97 0 45 3 48 42 15 0 29 0 60 10 79 53 39 82 16 67 136 88 0 3 97 50 112 76 80 27 56 1 0 8 37 35 48 9 27 27 78 135 48 24 45 152 54 84 0 56 134 34 9 27 129 37 90 10 0 83 89 8 43 80 0 45 57 0 175 47 66 62 50 120 45 0 16 30 35 26 119 71 67 69 56 58 165 54
66 32 9 66 52 18 18 11 15 32 0 56 38 7 0 51 0 0 78 0 87 150 125 96 7 42 19 39 32 57 124 43 69 18 69 21 45 37 19 141 45 17 54 45 50 49 9 39 25 9 46 7 38 0 0 35 80 0 18 56 0 16 4 13 81 74 22 49 16 40 72 86 68 25 28 40 12 39 0 32 3 18 0 0 84 31 10 21 40 24 56 29 42 28 72 46 0 13 28 32 0 48 3 81 0 81 23 22 19 0 103 5 61 82 15 74 66 32 0 26 19 0 69 0 43 0 62 116 81 36 32 72 83 12 115 44 41 32 43 112 127 90 15 106 17 51 8 28 26 7 30 72 72 52 12 71 71 36 47 0 0 14 47 0 15 138 0 15 131 129 24 34 6 34 30 9 9 85 23 81 99 132 40 63 38 10 68 86 45 88 0 44 36 25 68 24 76 19 14 21 27 15 11 29 16 54 0 9 25 45 75 0 15 28 0 49 1 85 10 36 73 20 45 32 0 9 0 46 52 90 9 64 10 146 80 0 15 32 25 12 0 22 66 47 24 35 72 81 123 28 0 53 37 36 109 80
72 0 4 84 28 110 54 267 93 64 32 64 18 126 186 56 35 19 86 34 43 127 36 156 48 40 58 152 5 59 81 100 49 112 184 82 6 113 91 126 44 135 51 105 21 61 0 39 56 54 75 98 59 54 39 68 97 102 54 49 2 87 55 52 88 51 119 18 106 87 27 14 21 21 54 9 43 48 110 240 85 123 120 0 15 55 70 4 129 82 66 39 16 37 18 51 72 9 166 57 21 86 81 16 81 56 63 14 111 31 56 97 84 85 19 100 114 110 60 138 72 177 27 71 70 35 163 62 103 78 125 128 137 18 6 47 19 20 122 42 57 38 35 46 31 2 96 6 61 46 128 78 157 87 68 70 45 104 39 64 5 72 18 57 102 49 39 33 60 98 18 104 106 4 0 90 0 45 4 49 34 28 97 86 57 99 91 61 72 121 10 100 189 58 89 85 101 76 48 71 14 50 1 84 24 35 0 106 4 13 35 20 100 73 7 84 0 101 42 45 34 0 124 25 65 40 86 114 0 28 85 0 82 88 61 88 181 0 31 47 115 112 21 15 36 102 80 95 12 86 36 64 38 32 167 96
153 5 63 23 121 32 104 58 61 75 71 86 92 17 14 72 72 2 54 35 149 114 164 0 14 175 149 24 24 83 27 121 24 106 94 106 0 69 60 145 97 93 119 52 28 32 30 82 204 74 12 0 74 14 0 66 95 2 38 150 18 21 91 55 135 90 127 116 171 109 89 40 87 71 104 16 55 95 122 130 82 15 107 6 21 33 131 33 80 38 97 32 12 43 66 52 30 73 207 15 108 105 130 18 181 82 73 24 119 12 20 38 128 105 73 74 181 113 36 34 190 26 135 39 82 16 86 30 157 71 109 93 73 16 48 27 66 0 21 168 83 149 70 152 54 63 33 93 35 9 33 21 116 61 116 13 3 76 122 84 69 28 32 131 104 52 66 19 171 71 78 111 0 34 31 12 59 125 50 16 27 22 99 32 127 26 28 92 41 144 40 27 36 28 182 76 169 36 6 120 79 18 21 50 59 14 31 12 73 86 45 82 0 66 159 67 9 94 65 102 111 21 157 118 56 11 35 54 135 46 34 30 12 85 42 83 141 44 66 109 126 52 62 112 15 155 10 81 62 108 0 18 23 28 12 58
45 0 54 115 60 0 2 39 15 36 0 103 30 72 21 2 98 58 85 202 109 52 268 51 2 62 73 115 36 51 126 25 42 103 48 108 31 6 38 96 72 32 54 66 69 99 0 45 54 0 67 46 28 4 72 56 96 4 40 79 59 28 54 24 88 17 158 142 157 15 113 0 45 90 18 95 82 53 19 32 0 43 52 0 17 46 87 42 77 84 0 152 129 0 38 123 86 174 52 44 56 0 12 2 29 0 112 78 94 14 106 205 12 52 64 16 126 101 89 111 92 155 156 3 68 8 128 45 157 77 9 21 15 102 111 25 24 20 127 40 91 146 73 84 18 235 15 63 58 15 27 63 144 0 87 33 127 18 36 78 27 46 6 37 13 102 40 16 56 12 67 87 81 66 58 71 18 23 128 9 95 73 0 32 122 14 95 27 74 50 32 0 133 22 97 46 71 58 4 82 58 22 44 15 44 0 36 10 60 50 18 41 53 72 10 91 58 56 45 49 40 30 4 143 7 97 25 93 92 41 61 2 105 131 22 172 92 5 30 174 114 28 35 87 152 11 60 119 44 115 37 101 7 16 57 45
42 44 12 0 57 14 54 60 12 100 6 42 15 49 54 0 78 0 45 74 87 0 164 53 40 6 132 104 106 0 127 0 41 102 150 37 18 42 14 56 54 4 59 22 18 100 0 0 128 22 6 27 66 14 67 0 29 98 91 18 45 40 21 36 5 24 80 48 158 44 30 48 67 36 92 67 103 41 9 66 63 56 15 69 72 42 136 0 16 6 84 36 38 30 96 14 26 70 109 5 66 3 3 40 51 57 57 21 159 9 60 146 75 6 33 93 88 82 60 30 124 78 113 18 54 9 96 36 129 27 107 105 31 66 72 3 18 30 49 66 187 0 78 37 106 3 79 61 9 63 35 33 17 18 69 50 27 79 48 35 0 20 18 42 36 42 67 85 0 49 30 36 18 19 74 78 25 41 117 36 37 48 45 30 72 67 5 40 33 48 35 0 159 0 67 0 0 33 49 81 90 12 9 0 0 98 61 37 40 104 66 79 30 38 0 103 95 23 18 18 42 54 0 66 63 60 10 75 168 55 87 44 0 49 36 87 0 39 5 121 23 0 12 102 78 40 0 119 36 54 60 21 12 134 101 75
44 181 41 69 53 121 30 47 51 64 78 92 132 100 32 7 163 108 77 36 45 84 249 274 104 0 52 148 104 0 75 24 28 192 150 56 21 163 21 16 57 226 134 80 67 68 87 75 184 106 200 47 119 257 68 0 141 21 0 24 0 155 220 83 45 3 55 132 49 132 82 65 121 24 150 10 0 69 16 120 247 107 4 4 72 9 32 12 42 43 0 146 103 84 35 0 32 121 0 154 103 214 88 89 86 6 0 12 152 66 7 115 65 106 54 64 104 148 81 278 193 153 36 58 101 64 39 52 42 141 80 20 34 89 78 72 169 75 77 16 170 255 45 45 94 42 97 72 114 93 126 186 193 72 72 156 119 119 0 120 88 143 90 8 112 69 63 189 27 44 84 40 57 0 92 0 72 137 93 42 170 256 188 59 133 81 24 77 188 34 7 75 122 99 29 93 27 148 0 0 53 44 36 0 190 16 132 33 9 229 20 63 105 0 109 51 145 36 142 75 100 28 129 16 80 64 105 176 90 45 153 56 264 114 90 91 145 96 0 100 6 60 81 54 98 123 95 90 54 0 150 176 113 81 103 94
14 80 104 0 141 72 36 0 376 32 103 68 96 72 138 0 60 96 45 71 125 44 57 110 137 23 81 73 241 240 14 4 53 80 73 7 25 119 62 121 105 127 73 8 80 4 99 58 167 191 68 54 44 62 16 97 83 9 46 8 15 10 36 124 44 44 30 21 70 110 0 35 96 132 163 71 6 85 151 0 24 70 171 8 29 31 110 0 285 0 27 146 23 223 166 173 88 14 74 147 43 24 86 33 8 45 98 107 42 37 13 47 0 54 78 24 161 15 21 40 59 113 122 43 24 12 87 52 0 30 69 9 59 36 122 57 82 47 49 41 83 44 71 75 93 88 54 92 30 36 56 153 150 0 98 32 54 35 26 15 0 0 0 56 219 186 115 118 36 185 18 0 0 104 20 163 114 65 68 75 119 59 38 39 59 63 39 109 76 23 12 72 129 98 74 21 3 37 8 117 138 0 81 20 63 28 51 19 19 111 63 48 8 272 78 6 101 64 93 126 119 173 179 49 66 90 33 42 104 93 112 0 122 212 107 64 34 147 142 189 167 100 80 42 63 0 183 203 73 25 84 18 51 261 121 156
68 0 63 76 0 72 89 72 175 63 4 42 1 1 152 55 0 21 69 60 167 75 36 87 130 24 20 165 8 32 60 65 16 45 91 0 9 63 84 190 194 63 36 16 0 167 159 42 8 113 54 118 84 22 163 35 94 63 13 5 15 42 128 234 49 3 28 81 53 46 128 158 114 252 45 157 0 85 40 107 0 128 3 38 49 18 76 0 63 64 21 85 13 132 54 102 60 195 0 128 40 5 61 4 28 78 56 4 94 163 32 34 93 41 0 85 304 38 25 96 58 111 107 25 31 24 55 16 8 8 67 48 6 81 2 48 43 0 80 20 94 85 0 33 19 42 19 10 21 103 92 61 108 25 94 18 130 84 95 24 56 4 36 61 109 150 8 146 90 73 56 73 107 22 18 9 76 77 9 50 88 14 63 78 132 63 21 118 21 106 75 26 124 74 101 46 75 0 56 0 63 95 9 9 94 78 2 59 93 123 51 11 2 25 22 31 211 162 48 49 86 178 75 85 96 6 117 36 72 0 129 0 56 61 39 31 36 98 40 14 125 17 13 101 41 13 104 6 53 20 70 27 18 93 36 135
2 75 107 83 14 37 28 57 74 82 12 57 123 5 12 85 28 0 30 158 49 2 25 61 20 14 65 95 0 50 52 10 27 8 132 139 47 4 127 44 70 89 82 26 10 42 57 0 101 100 12 25 0 96 12 32 63 21 33 34 21 72 75 45 0 0 72 51 13 14 0 17 75 3 5 74 50 72 80 24 73 14 112 4 12 40 121 0 38 0 15 14 16 137 48 42 45 102 56 10 40 110 46 3 112 197 60 73 0 13 21 9 27 21 26 88 79 60 131 102 65 0 45 6 48 36 50 30 62 28 45 87 34 21 72 20 15 22 75 101 133 81 58 18 14 48 0 0 171 95 2 49 107 113 31 10 114 7 6 54 22 0 0 30 151 103 0 0 25 18 92 61 60 4 18 167 121 35 12 0 71 24 16 8 18 64 0 7 8 14 34 18 130 33 96 56 0 14 15 18 81 16 2 75 51 36 6 6 64 133 44 112 40 14 95 5 38 119 69 89 78 76 26 45 35 67 4 25 140 43 27 0 0 229 21 126 116 40 19 24 125 63 67 77 16 9 46 21 63 24 2 21 13 48 14 75
127 0 66 24 66 243 97 44 102 117 0 83 203 94 61 23 67 57 174 3 164 82 36 122 155 0 257 15 102 66 0 150 4 36 111 34 48 98 39 138 60 46 95 84 10 51 0 30 77 73 32 103 135 23 35 63 0 15 97 25 57 112 107 83 142 7 48 104 115 75 153 27 40 32 27 85 0 134 40 103 117 40 82 63 0 9 39 24 106 15 120 40 53 167 4 160 137 21 44 42 72 33 125 0 116 85 78 59 80 56 27 65 72 84 91 61 57 54 28 16 126 32 225 32 201 77 20 62 120 113 127 155 12 74 155 88 54 35 45 110 51 184 116 51 5 119 36 57 97 85 26 8 152 81 84 14 0 15 18 60 144 67 35 51 68 80 85 37 178 35 27 24 68 29 0 0 154 21 137 86 54 175 124 0 150 157 80 24 123 44 42 116 23 47 183 20 42 91 32 24 121 11 81 66 22 0 155 30 88 100 63 215 19 129 100 107 120 230 71 95 58 57 68 142 256 20 36 72 84 18 144 0 109 128 91 49 158 12 45 0 130 71 83 16 30 63 70 4 24 2 6 50 85 110 70 80
64 37 0 58 14 30 0 0 6 28 39 89 0 135 28 21 88 79 115 10 66 45 55 73 8 54 46 63 75 40 15 18 28 71 18 56 0 92 221 48 30 119 135 7 12 2 98 48 64 5 104 0 4 79 44 202 0 12 0 49 67 82 0 46 69 20 64 15 82 114 35 11 9 78 136 164 103 2 44 23 37 119 84 88 86 16 0 32 42 20 4 44 43 49 10 110 36 23 14 58 128 72 63 0 26 41 81 0 93 63 66 94 29 104 21 136 56 8 49 93 113 75 64 0 40 129 53 94 63 16 26 0 104 84 79 62 73 42 0 40 118 72 23 168 65 12 43 70 65 81 76 119 50 0 121 60 201 83 48 122 88 60 60 0 69 48 10 43 168 111 127 34 76 42 76 18 15 23 80 22 45 152 90 74 33 16 45 41 59 43 59 84 63 110 56 88 24 38 59 63 28 50 14 36 15 72 21 88 29 97 57 1 45 53 81 21 40 119 109 86 83 68 32 89 46 116 57 24 63 0 0 25 29 46 198 0 20 63 18 86 82 14 59 0 0 92 100 48 147 0 89 83 90 76 77 102
40 48 97 84 96 107 58 35 90 90 49 6 117 113 100 87 73 67 66 167 95 18 94 135 19 9 53 306 152 127 75 0 96 113 84 82 51 137 48 127 20 64 160 113 59 0 118 71 72 22 71 25 31 68 80 61 108 155 105 77 56 25 30 18 114 24 100 42 148 113 57 74 40 67 45 81 85 83 55 44 55 98 61 3 133 24 108 24 82 75 32 107 35 114 114 78 52 104 16 48 53 90 75 125 22 74 56 15 197 55 0 207 42 91 30 42 186 57 51 62 92 0 79 88 40 14 5 141 42 96 19 145 100 92 84 68 100 83 49 108 220 24 5 102 179 143 20 81 24 0 247 55 118 70 64 37 150 36 53 0 0 116 18 36 84 66 98 116 53 173 30 49 69 36 117 51 100 155 108 96 67 128 89 27 54 179 70 137 72 57 66 94 63 117 155 20 45 151 61 34 11 92 23 36 93 14 103 8 89 66 41 0 16 175 139 74 15 195 169 141 178 87 126 111 47 10 8 133 92 93 31 69 77 84 130 41 72 18 42 54 166 127 83 8 48 0 145 150 195 34 152 5 57 92 298 140
89 86 0 96 87 22 18 32 6 57 54 69 34 0 128 33 92 180 77 89 119 155 147 16 61 54 148 126 43 140 45 56 48 138 72 0 30 24 18 56 159 105 50 45 66 70 189 73 129 121 54 36 58 192 72 17 46 16 120 39 0 0 195 122 23 42 12 27 61 66 19 30 101 118 74 151 0 171 7 125 140 113 111 23 26 4 73 83 94 0 91 159 95 63 47 84 21 35 19 7 0 7 145 94 30 18 61 72 22 60 0 80 15 135 119 0 48 169 38 0 12 179 132 81 5 44 119 0 0 31 124 0 147 64 14 0 0 109 92 78 71 165 136 127 25 127 81 75 96 93 0 91 124 32 178 72 39 35 42 9 67 101 166 45 95 176 63 41 299 167 101 32 8 0 0 182 43 78 142 47 84 81 74 74 52 12 11 52 46 0 10 72 48 52 80 88 35 40 2 16 42 0 5 0 85 30 135 22 86 78 40 39 94 67 48 53 194 99 91 83 59 78 178 99 49 37 90 42 130 107 110 4 145 20 26 72 82 85 30 56 17 109 18 159 9 15 80 27 36 71 36 0 15 109 4 192
125 52 51 44 104 51 72 7 0 24 21 159 118 93 36 0 0 3 98 32 0 104 82 16 54 40 98 10 40 9 39 92 23 54 73 80 12 68 3 80 67 55 33 10 2 87 53 24 1 10 33 99 18 27 63 0 32 0 0 83 0 47 34 102 19 28 70 97 0 21 0 37 69 24 43 0 93 60 6 54 61 48 36 3 13 4 26 4 17 27 53 0 37 27 106 20 9 12 0 0 0 0 31 12 15 0 0 108 89 69 28 2 86 18 109 128 81 15 30 4 75 8 0 0 48 33 71 0 88 0 26 23 51 123 32 54 8 0 56 0 16 22 14 80 40 24 31 30 96 9 5 36 50 45 71 22 45 76 16 34 6 42 12 18 75 72 27 27 145 1 54 0 52 6 24 0 29 157 6 11 103 50 90 20 132 3 105 48 0 5 39 4 36 0 21 77 3 77 4 0 0 32 9 0 12 0 51 30 68 77 21 53 0 36 20 0 0 4 0 18 27 26 2 36 15 0 23 0 45 28 45 88 35 9 28 0 56 93 0 52 54 106 0 98 0 41 86 0 4 0 6 70 44 78 0 15
9 50 18 28 40 20 85 0 42 33 58 78 50 85 78 0 165 11 192 28 114 127 251 98 48 58 35 62 91 89 50 72 7 107 68 0 45 96 47 80 255 95 50 163 4 35 76 54 61 0 88 88 28 11 108 36 54 24 134 70 97 24 119 42 152 10 46 35 54 31 51 4 18 0 141 42 149 56 60 28 69 176 0 0 135 36 170 0 61 8 55 129 64 83 36 28 27 41 92 133 70 2 115 102 42 0 149 40 151 109 42 22 96 135 48 73 132 61 26 20 97 12 48 42 56 78 115 8 143 109 90 42 86 113 101 6 0 25 62 50 199 127 174 42 54 64 87 43 7 158 111 69 112 36 128 118 135 44 60 84 0 10 48 1 91 75 109 0 49 72 63 91 18 24 126 20 17 45 146 135 140 109 12 0 121 63 40 74 91 108 102 57 132 40 60 20 15 20 14 63 49 4 113 68 50 97 143 50 62 30 37 54 6 124 11 54 56 48 22 76 50 0 156 36 46 52 18 63 98 38 54 18 138 100 82 21 152 55 82 61 66 26 18 154 85 0 10 63 20 52 124 30 59 65 48 8
40 75 12 46 9 86 115 113 113 48 24 44 103 5 81 51 76 81 117 69 81 107 54 110 74 30 87 125 0 10 128 70 19 58 100 54 31 97 166 27 39 90 140 103 7 252 103 78 134 110 16 104 125 49 48 52 54 59 0 125 39 48 34 39 48 27 73 61 62 225 40 72 49 44 29 20 109 16 66 129 45 148 62 105 24 60 136 37 97 111 30 124 0 55 62 42 25 191 99 84 65 50 185 49 123 83 80 105 0 8 0 54 134 85 29 267 114 91 94 98 164 63 95 7 45 51 120 18 135 63 132 120 88 51 108 32 83 63 24 102 186 35 4 50 6 43 55 35 28 12 55 100 6 80 18 5 168 63 0 131 73 16 68 70 24 130 77 82 27 40 88 42 29 12 92 103 78 64 54 75 13 46 42 66 67 27 26 15 96 79 30 70 105 0 104 94 82 53 88 62 30 48 30 28 59 88 0 103 33 119 54 34 19 124 132 218 8 82 182 36 77 147 139 19 20 60 89 89 209 15 39 84 47 120 71 84 153 25 72 101 140 163 47 40 12 127 5 32 171 25 150 72 34 104 123 63
278 9 20 32 111 46 57 77 188 74 21 67 141 44 167 23 74 68 90 102 129 136 139 112 144 6 133 21 101 95 14 72 138 257 91 0 58 212 181 174 20 103 177 43 27 230 148 125 164 45 87 34 35 36 117 77 139 72 60 162 97 30 49 63 107 32 21 120 43 50 134 16 40 140 213 102 12 236 77 38 86 115 74 138 153 101 250 32 117 66 42 166 90 210 25 134 94 85 133 112 83 84 119 51 27 49 49 132 91 128 84 248 7 135 86 35 72 111 115 156 97 144 151 120 155 54 143 73 117 113 125 135 148 76 49 79 127 133 40 52 167 48 94 16 118 107 33 117 56 98 26 166 117 56 65 97 116 53 56 85 99 38 131 85 163 131 63 49 68 123 40 42 143 33 111 5 100 28 158 8 99 196 108 111 134 54 139 59 102 164 22 87 263 83 153 95 149 171 70 140 125 74 89 30 83 106 97 42 89 148 102 160 48 45 58 145 11 67 129 99 107 123 35 131 100 56 80 0 180 74 112 69 133 131 170 151 108 52 86 446 0 137 72 96 148 2 20 176 77 360 144 58 39 112 60 20
56 4 0 148 2 28 48 24 24 54 20 24 70 67 83 0 27 3 46 31 58 104 49 85 107 0 51 36 9 0 60 22 12 42 35 3 40 35 0 8 127 16 6 33 9 0 0 27 75 6 10 39 43 45 33 45 4 1 63 15 78 48 8 4 115 58 7 37 68 46 26 62 48 4 101 0 0 6 0 20 0 31 36 0 31 49 75 24 97 24 31 32 9 79 16 29 20 4 0 93 53 72 8 16 0 30 38 0 43 18 18 10 30 23 38 32 0 16 55 28 44 52 70 47 98 20 44 0 50 40 33 16 0 75 24 20 58 25 72 133 134 20 17 0 43 38 76 21 72 6 9 42 69 36 24 15 51 46 20 8 18 12 6 0 82 8 21 10 20 43 9 0 0 8 65 15 10 12 80 0 10 20 0 72 2 11 146 33 18 16 46 20 136 10 0 42 16 7 38 6 0 14 8 19 32 56 31 0 0 28 59 0 21 42 0 29 31 0 30 4 33 10 12 10 72 32 22 32 62 32 31 0 21 75 56 24 40 0 53 15 74 0 14 62 72 69 20 0 6 72 29 0 42 92 68 54
23 27 0 32 0 96 92 12 64 77 3 0 21 18 59 36 0 48 12 61 8 7 17 112 66 32 18 63 40 9 72 18 0 9 103 0 0 3 30 55 17 45 74 46 0 0 28 112 42 50 70 24 0 91 0 24 24 81 63 46 73 21 84 20 4 6 45 83 2 48 0 0 0 0 24 93 16 46 129 73 102 70 136 0 24 9 57 0 34 0 0 14 14 114 85 51 3 55 62 0 14 32 0 0 54 75 4 0 8 0 0 3 33 36 39 0 36 24 12 24 54 69 62 21 62 4 62 33 30 0 56 2 19 0 56 17 1 4 0 10 178 54 68 8 96 0 39 28 28 0 36 8 64 18 79 35 0 69 0 56 0 6 18 27 0 84 16 20 65 15 63 36 75 18 0 63 40 54 32 7 89 12 22 7 29 138 26 64 30 25 62 36 174 0 36 72 84 0 92 28 73 27 2 8 3 8 0 113 27 44 36 54 60 67 20 66 40 9 34 84 0 0 96 0 0 48 68 0 0 0 0 0 40 36 32 0 26 36 23 7 153 80 18 0 0 128 12 76 0 21 45 30 65 39 97 90
49 0 16 71 0 58 26 72 0 34 4 20 82 0 27 29 42 93 91 24 62 36 36 183 6 21 4 39 71 81 0 8 6 111 132 24 34 26 12 63 255 109 24 79 64 16 21 20 97 93 4 59 21 62 132 12 26 0 96 46 1 84 67 141 32 77 47 86 54 66 4 5 16 32 54 35 50 65 48 0 52 156 107 48 57 16 66 0 30 16 18 63 4 127 30 10 0 8 90 70 58 53 83 44 116 72 198 112 48 129 84 13 44 0 0 19 98 4 7 59 20 45 98 45 3 66 151 72 48 74 136 68 82 33 98 23 0 8 78 49 96 68 98 27 9 48 82 12 73 127 0 0 46 0 65 0 57 56 12 18 23 32 49 54 158 106 87 92 41 31 36 20 16 0 6 65 68 52 30 105 21 19 38 87 92 13 74 4 107 54 73 0 52 12 12 14 9 38 17 28 0 40 6 0 44 37 70 19 72 101 36 172 30 101 104 72 11 58 64 27 32 8 48 80 2 32 0 64 56 80 40 14 16 48 86 47 102 57 18 20 81 108 69 72 66 16 94 96 6 4 24 12 69 6 15 70
170 77 0 67 0 54 103 100 48 167 0 28 41 54 0 35 6 25 82 35 90 12 118 32 50 87 96 81 95 51 30 0 37 10 87 56 52 79 82 80 119 4 37 6 10 104 74 19 23 117 59 21 0 155 125 35 15 51 3 93 119 12 68 158 32 6 69 56 54 12 32 35 12 50 71 8 0 44 63 17 68 164 92 12 58 4 36 0 107 6 18 0 55 100 42 139 33 0 118 34 21 28 21 24 69 49 49 25 88 82 1 69 59 77 42 75 49 45 53 28 65 73 77 3 50 3 55 23 2 21 50 97 162 100 14 40 124 46 81 22 78 0 25 116 1 4 133 5 27 26 141 167 66 108 7 6 63 96 64 1 42 0 0 72 92 62 133 93 90 84 0 0 57 26 5 78 43 21 69 26 102 33 66 6 30 216 8 107 176 63 68 9 84 68 20 56 78 2 0 52 32 27 15 63 36 34 37 0 0 10 0 114 0 70 18 24 70 83 132 62 33 25 28 72 46 73 19 145 63 121 67 16 5 125 0 0 72 128 0 0 72 60 9 34 12 83 34 40 60 12 127 12 8 90 60 57
56 62 15 95 18 25 12 73 24 14 0 84 62 0 72 0 0 79 45 81 132 183 258 123 0 0 125 49 16 7 127 119 0 117 27 99 35 0 56 117 76 23 0 47 45 138 91 4 61 111 0 15 29 64 0 22 40 64 0 117 0 32 119 62 165 76 60 89 9 0 110 14 54 48 56 22 49 59 0 104 0 58 16 19 16 37 149 0 0 24 82 55 21 68 191 58 0 73 12 88 6 44 19 0 0 0 0 74 29 2 72 45 60 0 64 76 12 46 21 109 132 64 44 72 86 10 66 69 153 28 56 24 72 66 20 25 49 15 36 110 117 168 115 78 18 16 44 0 115 47 51 0 169 81 33 0 79 118 52 0 46 66 12 0 116 89 57 47 178 0 121 0 6 63 42 41 21 103 48 0 53 18 70 154 65 0 210 39 12 8 4 108 168 0 14 16 49 40 0 0 61 12 0 9 50 12 0 12 0 92 48 8 20 14 50 49 0 92 35 16 12 14 82 101 42 21 0 16 28 8 12 48 35 120 92 0 0 87 2 91 0 73 42 96 48 0 4 21 12 63 0 63 0 0 82 48
68 64 84 36 26 55 43 73 119 28 30 42 75 0 96 63 9 88 103 114 97 6 19 4 21 27 79 19 99 0 64 33 80 120 31 68 20 18 24 34 85 190 28 44 68 74 133 24 64 83 8 14 64 36 46 0 93 12 58 55 16 54 54 116 28 16 80 48 111 138 14 60 103 127 63 12 0 49 36 80 69 56 6 3 22 47 133 115 102 59 0 104 39 10 35 0 32 91 17 87 124 4 48 0 120 56 83 50 119 85 20 93 32 0 0 0 102 95 0 26 147 128 108 0 0 64 27 36 37 35 95 130 28 16 90 36 71 14 32 4 136 42 10 43 0 90 42 72 25 39 14 99 103 12 65 106 36 40 0 66 79 0 0 6 166 109 33 21 35 11 58 34 12 14 14 141 0 19 48 8 75 96 46 18 0 0 42 54 88 102 31 12 14 30 97 44 66 126 0 54 88 29 52 48 90 6 34 16 19 80 35 50 28 18 0 20 81 80 42 37 117 168 25 78 108 186 17 30 143 0 4 0 58 88 61 107 104 175 20 191 106 24 39 0 0 7 98 96 105 0 66 0 0 24 28 37
36 23 0 88 82 98 10 67 122 30 25 61 8 41 186 94 62 77 24 28 96 0 81 59 123 6 125 8 53 60 30 36 0 5 39 14 10 58 2 133 185 14 41 0 4 26 76 63 7 18 48 9 57 38 70 90 69 62 0 1 18 38 4 0 57 25 41 116 79 78 14 2 68 63 66 26 103 72 14 6 14 60 54 6 34 74 54 0 4 48 0 0 16 32 80 15 56 156 31 175 249 15 5 2 2 45 9 31 145 45 16 97 108 11 96 7 157 79 33 16 116 161 33 9 117 2 83 162 94 0 79 4 6 13 77 34 62 44 119 115 148 0 0 36 29 14 38 81 34 56 14 89 40 54 79 99 8 64 54 77 6 8 123 45 18 99 68 64 0 92 45 78 54 54 0 35 33 3 21 4 94 121 0 36 0 68 133 1 12 29 51 30 32 57 68 19 63 57 42 45 63 7 13 0 97 6 45 12 6 14 9 2 0 25 0 101 94 70 144 151 164 70 36 86 25 126 43 15 94 0 1 2 23 120 25 7 13 183 16 108 166 43 25 81 85 0 124 16 11 70 80 13 18 138 37 150
16 32 0 0 26 21 36 0 0 0 40 35 0 14 75 25 131 8 26 74 7 16 101 77 4 20 130 8 10 20 7 24 27 8 15 0 61 14 36 8 42 70 96 63 8 0 73 20 13 0 40 30 72 0 32 0 76 0 50 114 10 32 22 0 16 2 25 25 28 8 34 8 20 0 30 35 22 48 81 0 176 10 56 49 30 60 56 0 40 0 24 18 28 13 45 84 46 64 0 0 18 49 20 0 0 0 8 81 62 0 21 32 32 76 0 38 0 58 42 0 71 35 77 6 81 64 24 0 0 0 72 0 8 49 18 16 93 51 1 44 28 40 15 68 28 24 67 160 10 28 36 35 42 64 46 10 106 49 68 40 24 0 63 56 14 0 0 32 0 30 35 0 24 0 10 41 12 40 24 2 47 33 42 72 7 37 0 0 12 0 16 32 53 28 20 154 0 36 15 0 30 6 37 25 8 63 18 40 84 83 0 0 0 0 0 28 37 2 0 0 59 13 42 52 28 124 67 61 4 36 79 0 12 1 36 46 79 0 16 87 18 86 37 41 6 7 0 0 15 41 0 28 40 37 76 0
0 21 45 7 2 25 55 8 0 87 56 0 3 131 143 124 14 76 53 42 8 9 91 16 0 27 62 39 0 5 0 4 0 15 36 88 12 15 32 97 0 51 50 15 0 64 104 0 23 18 12 9 40 69 0 0 16 0 0 3 0 0 6 74 58 110 12 42 12 5 15 0 37 45 0 16 0 15 114 207 142 70 62 0 0 134 16 63 25 21 0 12 18 90 69 56 12 64 79 48 68 0 24 48 2 67 0 40 37 24 13 46 0 42 21 81 6 14 40 33 39 7 12 27 128 0 49 64 64 49 6 131 86 0 86 58 15 36 80 32 48 60 14 104 1 42 38 2 51 15 42 27 0 66 48 18 9 0 0 72 72 19 32 44 81 7 2 40 34 82 16 56 122 0 0 23 68 32 49 86 56 36 77 12 18 0 0 70 84 135 14 119 81 60 46 49 15 22 65 30 79 14 0 42 2 0 14 18 3 54 21 76 72 6 44 26 64 139 104 16 38 0 0 0 14 64 22 146 45 46 24 36 32 138 6 72 81 87 0 81 73 108 56 0 0 155 35 103 154 26 76 0 84 124 63 0
188 158 63 18 84 92 90 41 27 97 83 45 68 0 49 114 70 14 27 27 60 146 98 63 28 43 34 70 103 65 88 0 67 162 296 122 114 60 63 148 107 215 153 90 64 58 63 14 76 29 185 56 32 7 93 30 97 0 61 114 78 15 300 93 110 46 120 5 99 24 43 21 38 76 149 118 54 17 40 20 40 126 16 75 35 28 46 0 61 8 35 33 80 135 105 48 75 101 28 39 120 100 111 154 70 90 142 94 67 221 87 0 27 140 0 197 98 78 46 19 127 65 33 0 73 59 93 165 105 158 18 154 116 27 105 16 31 9 63 157 59 202 24 122 11 54 80 13 49 16 57 95 177 8 48 125 58 107 30 60 46 14 111 56 216 66 54 129 18 109 71 13 33 2 15 0 134 32 79 175 82 155 82 64 92 10 50 108 95 66 0 9 93 68 34 45 89 29 14 18 0 21 18 10 121 31 117 40 59 153 69 136 30 145 106 12 67 185 38 104 58 9 164 92 48 0 25 15 136 98 34 47 110 190 98 62 104 18 18 43 18 174 99 66 20 30 149 123 133 125 110 31 72 15 93 9
87 0 80 127 42 12 7 53 76 50 37 101 94 81 107 17 12 117 185 48 37 77 0 0 18 9 36 81 59 49 116 106 26 60 138 13 5 32 4 8 54 20 69 49 42 95 12 66 62 56 27 8 49 81 6 69 0 63 32 81 0 0 45 111 66 22 26 146 173 151 0 57 0 77 87 60 2 71 86 33 89 40 32 18 7 4 23 36 104 0 95 154 69 73 122 45 11 67 6 11 6 28 50 33 16 108 101 4 8 54 54 0 108 0 128 71 146 92 36 7 24 37 85 22 14 50 48 16 0 22 39 31 14 105 71 50 55 49 20 107 172 8 9 32 0 81 53 94 7 28 0 0 41 82 94 66 56 54 73 0 20 83 0 91 89 18 24 6 16 73 20 0 0 59 0 36 7 0 6 0 66 41 56 0 0 40 226 91 99 59 10 99 79 56 97 56 53 36 186 63 7 0 108 56 42 28 4 0 35 28 177 11 16 85 6 100 107 122 106 71 7 214 56 65 55 8 21 142 168 56 86 7 16 61 33 97 96 0 122 168 52 71 7 39 44 77 22 57 24 21 6 6 58 67 3 113
154 32 30 87 84 34 46 31 18 16 45 76 104 69 36 48 42 123 84 134 150 131 81 24 66 81 135 0 77 45 59 109 78 165 51 0 75 41 95 132 196 0 77 142 49 44 49 127 216 58 8 8 29 118 0 39 95 24 96 154 10 21 0 132 129 51 28 136 0 23 109 26 0 101 132 98 41 147 51 0 0 34 54 65 131 63 135 7 72 78 48 232 67 6 178 24 3 0 32 16 78 65 27 49 12 0 34 46 38 59 21 115 95 35 92 119 95 21 35 49 62 30 28 0 70 6 114 24 81 18 93 12 72 51 132 47 72 57 143 0 201 117 68 79 0 22 67 0 146 45 62 27 84 84 113 0 127 63 148 71 45 8 161 9 10 137 9 77 216 58 69 23 63 27 54 5 32 156 123 8 84 29 209 92 22 77 138 172 63 230 52 42 83 164 109 88 232 18 29 40 99 38 84 61 36 121 35 10 67 105 72 56 30 70 45 107 231 27 132 75 36 64 18 101 2 125 0 115 160 63 49 105 47 81 147 36 131 116 45 56 0 57 5 60 0 9 39 45 104 148 72 28 94 22 96 96
88 48 0 65 1 157 81 10 105 79 0 22 59 19 5 87 17 4 114 28 32 16 128 125 72 0 80 0 94 59 85 0 39 72 113 90 42 10 55 103 104 20 136 28 48 119 76 89 75 72 17 36 7 165 79 96 35 0 27 104 70 32 88 6 90 58 33 40 4 42 0 0 76 0 32 30 8 83 0 23 41 36 36 60 24 16 93 40 13 3 20 105 25 40 70 111 27 53 12 49 4 32 24 16 40 94 6 87 22 28 45 45 112 157 12 0 72 124 18 121 127 105 56 0 48 100 105 79 65 55 172 0 27 0 52 103 24 19 65 93 67 78 75 19 28 11 28 35 20 73 74 67 51 0 5 44 52 60 117 20 0 18 42 48 10 167 71 19 35 69 73 71 28 30 61 0 82 57 27 65 104 136 60 21 129 33 24 0 81 32 36 44 76 6 158 64 12 26 0 6 10 9 37 0 41 8 212 90 59 205 0 100 0 40 41 64 56 47 38 144 30 68 52 58 38 0 96 89 128 8 45 46 72 114 52 72 90 64 18 51 63 65 74 141 15 90 9 25 90 59 17 44 36 6 72 126
137 32 72 20 13 49 2 18 9 69 26 42 12 6 81 46 0 23 0 21 0 44 9 81 6 0 147 81 0 0 18 35 10 50 40 6 12 0 7 28 23 0 78 81 9 0 72 9 13 7 12 8 47 0 0 88 38 0 43 1 18 21 27 15 104 12 48 27 57 76 7 52 36 15 60 134 8 6 17 121 20 98 26 0 96 36 63 36 0 9 0 80 54 22 5 35 53 20 0 24 47 21 77 15 18 29 69 4 66 22 8 37 9 21 50 96 155 91 135 65 70 0 0 0 0 43 70 43 0 53 161 32 0 9 51 48 71 14 56 105 113 99 38 15 26 47 25 82 0 55 73 27 19 46 43 5 81 9 72 9 32 8 0 124 53 0 30 69 36 126 7 76 72 118 37 15 6 33 75 54 20 22 66 65 46 34 42 42 39 32 32 38 0 49 86 29 0 75 64 6 36 32 6 0 4 0 0 2 2 0 66 0 0 35 29 15 18 150 63 111 129 44 0 27 102 190 5 0 99 15 0 19 12 105 62 64 7 0 67 9 13 0 5 22 48 9 8 48 13 16 88 8 20 9 61 96
44 63 21 36 108 45 57 54 101 7 74 129 80 84 0 32 36 75 0 45 85 96 68 45 87 56 66 103 47 14 103 50 57 54 59 70 9 78 22 77 154 225 8 69 49 118 159 125 103 135 68 137 21 46 6 80 73 16 44 15 0 64 67 32 51 36 39 0 35 0 2 4 65 91 39 17 0 36 0 74 59 37 47 54 66 0 174 32 45 0 50 18 104 23 0 2 45 45 35 95 59 42 84 158 86 12 72 89 20 1 35 43 42 81 47 36 58 93 127 62 39 71 36 8 16 23 45 78 12 51 27 179 72 78 0 0 9 31 22 66 31 198 108 49 72 46 161 18 102 35 43 22 103 11 75 82 49 84 34 91 33 62 115 14 38 82 0 104 100 159 76 18 60 56 50 96 54 28 67 29 18 140 39 106 24 0 77 65 46 58 0 0 45 51 69 112 99 43 16 0 0 79 48 0 161 105 131 0 72 8 0 50 28 79 37 12 56 38 72 115 59 160 83 0 4 92 122 15 97 44 84 0 146 43 5 20 73 16 104 130 54 35 89 116 42 27 99 27 90 0 48 46 3 140 132 78
30 6 16 0 9 74 135 36 104 16 9 3 5 1 36 0 2 1 35 14 14 87 7 74 166 8 70 24 0 0 5 63 0 0 218 93 38 63 56 16 4 80 67 69 4 4 16 56 63 27 54 63 40 49 0 18 9 24 63 23 14 0 6 19 36 37 30 46 30 15 62 20 20 0 0 8 16 20 0 64 0 0 0 0 30 4 84 0 49 13 5 40 8 81 0 34 62 19 60 0 20 0 14 0 11 33 0 27 134 50 0 2 21 9 108 86 99 54 23 53 63 63 73 6 13 9 3 15 57 4 6 31 3 78 36 0 0 0 40 22 70 54 5 6 26 24 1 35 35 0 55 29 9 45 6 6 6 0 0 50 0 8 4 18 4 58 0 42 30 36 12 65 0 6 19 17 93 53 0 63 0 0 31 10 99 65 18 68 0 10 0 28 3 3 90 0 3 10 0 20 2 11 9 2 25 0 63 81 0 12 0 59 9 12 23 102 8 41 83 24 16 69 65 8 20 62 56 36 33 17 30 0 41 18 0 33 22 0 1 0 22 39 25 33 0 49 24 14 56 35 0 0 74 51 56 53
130 29 50 77 34 22 20 125 24 12 14 131 192 92 18 9 164 46 13 79 75 22 123 68 43 97 119 148 83 46 0 6 15 95 54 0 37 6 23 129 122 24 179 54 24 153 96 28 93 121 135 73 57 15 16 15 42 0 44 24 68 22 9 68 126 69 56 20 91 9 12 89 92 77 66 79 103 52 136 39 148 41 147 52 157 19 221 25 40 133 20 164 28 70 99 110 0 23 52 139 49 62 47 33 54 146 141 25 130 62 111 104 45 40 128 64 60 22 124 74 99 28 53 7 46 42 114 77 0 40 119 123 98 33 119 34 39 40 7 67 71 31 90 124 40 113 90 13 0 139 124 66 136 82 24 113 88 12 0 18 68 73 15 54 50 14 0 38 182 143 60 59 78 49 34 72 140 142 49 24 142 49 40 91 96 195 0 47 26 98 83 57 188 72 44 136 66 54 57 70 99 123 29 5 51 65 124 12 164 127 0 30 0 89 96 35 36 117 229 8 12 74 52 61 12 53 83 65 120 53 29 62 34 1 30 88 36 84 24 56 189 56 155 48 0 90 36 121 157 73 129 27 13 54 16 42
143 100 49 41 108 38 48 105 103 36 76 99 77 192 176 110 81 27 30 96 23 51 116 57 46 8 219 114 36 135 84 93 4 10 108 14 0 33 32 207 175 0 120 21 72 86 72 53 133 65 65 47 79 94 44 110 0 72 65 80 68 20 16 60 62 94 126 127 135 76 63 32 25 18 30 41 36 83 31 0 97 73 28 6 32 9 163 35 3 9 110 88 66 156 131 84 28 59 49 24 20 30 0 20 45 36 78 28 14 96 50 69 221 7 18 4 124 132 39 81 37 31 35 30 67 6 124 209 110 52 86 52 99 0 36 34 54 0 83 105 170 108 125 39 35 92 111 93 63 93 27 154 136 0 16 122 27 108 111 0 41 72 140 63 35 58 25 42 82 44 56 35 50 87 78 30 16 61 36 6 106 96 8 0 59 145 124 50 133 0 25 43 182 64 122 0 5 9 42 42 25 0 12 4 136 75 6 41 82 128 18 0 38 46 0 141 138 116 210 114 19 36 180 34 63 137 9 123 36 15 21 30 0 16 6 15 108 78 45 91 98 242 171 87 24 18 18 52 134 25 3 9 0 111 36 202
118 30 36 26 11 54 86 46 179 19 48 109 0 80 90 0 81 63 143 56 76 44 40 219 118 9 94 51 59 76 0 38 21 80 118 42 28 147 72 52 155 4 205 0 43 33 42 162 111 100 106 97 185 164 110 60 164 16 189 103 124 15 90 21 9 0 60 50 23 13 40 28 69 45 96 34 118 55 12 42 115 6 24 75 112 56 191 20 101 112 36 191 68 69 66 66 27 5 31 72 44 56 28 14 20 0 203 74 60 40 44 38 90 40 16 62 88 24 71 89 8 30 78 66 0 0 58 23 57 0 128 32 190 78 42 151 32 44 91 154 165 46 124 4 66 48 112 45 36 84 48 138 63 12 92 5 76 58 24 34 96 42 37 76 80 54 3 73 36 74 24 9 4 58 72 65 15 18 65 40 114 86 60 211 182 29 15 9 106 99 45 4 120 16 45 15 32 27 25 35 12 8 12 0 43 58 151 14 69 185 0 95 0 121 70 48 49 21 72 133 27 93 39 48 21 7 12 130 62 32 26 38 65 21 59 92 79 88 106 70 51 66 49 0 39 148 92 104 39 0 90 14 116 76 172 33
48 0 0 90 45 116 53 143 133 89 15 101 63 13 115 0 98 110 87 70 317 101 166 117 16 64 39 214 123 80 47 87 32 261 168 15 10 138 106 112 85 45 132 45 31 27 147 12 110 162 112 15 75 130 36 8 207 59 157 35 73 63 78 21 63 17 103 57 69 55 52 48 56 54 45 63 28 69 27 102 105 190 117 51 92 29 114 24 80 8 74 58 0 47 37 143 82 70 134 27 37 121 145 23 108 4 84 65 48 108 75 19 23 94 0 110 105 147 46 96 123 139 113 81 51 16 136 52 130 61 21 93 146 116 9 111 87 80 89 60 112 51 56 163 65 78 79 28 54 0 53 103 118 225 20 30 72 66 76 0 120 76 8 94 230 91 221 79 71 93 6 157 124 14 50 196 70 75 125 78 24 20 52 64 30 190 14 179 100 75 74 65 128 93 30 47 149 9 7 119 6 106 37 91 86 15 67 43 127 120 40 115 113 140 63 45 31 159 179 78 10 104 217 201 79 34 40 77 66 83 26 35 126 172 204 21 174 105 94 91 72 84 57 131 31 87 116 35 3 3 176 14 12 18 111 134
99 0 55 132 111 29 177 9 80 64 31 70 6 92 126 82 110 77 107 120 40 184 134 54 6 129 159 83 129 91 52 169 62 68 236 123 23 6 224 144 50 141 98 67 54 88 120 60 42 24 87 0 40 43 0 207 214 64 0 116 109 117 50 49 156 100 47 79 31 47 88 59 6 10 36 47 68 64 76 183 83 44 37 6 16 71 210 62 92 84 41 75 18 71 98 199 131 100 48 16 139 104 71 0 0 20 11 152 52 92 87 34 192 62 64 57 146 218 227 172 124 45 64 31 47 55 138 80 106 12 58 0 56 72 82 58 71 37 87 19 218 52 75 80 124 113 29 50 75 45 113 128 41 0 70 30 137 0 158 72 96 0 0 66 43 0 3 17 10 63 20 56 104 67 45 0 56 8 175 90 124 21 36 42 93 165 120 53 96 138 21 64 54 8 72 0 21 70 40 36 109 94 121 72 48 0 57 103 55 105 21 29 72 141 16 113 66 48 140 133 40 16 9 46 42 181 76 94 32 0 53 18 184 103 0 242 36 59 114 97 155 136 0 166 30 93 52 81 148 26 144 0 43 79 144 52
40 7 0 46 0 66 56 64 63 77 0 0 54 33 27 7 48 37 6 9 147 14 82 19 46 81 132 0 17 68 0 0 12 63 9 62 8 0 42 8 72 54 38 49 0 44 24 47 123 7 7 64 81 69 36 0 0 0 145 101 70 0 8 100 21 0 0 0 0 30 37 27 63 9 35 59 54 0 2 63 59 53 63 84 0 50 40 41 0 81 0 110 24 48 30 33 81 13 63 26 99 0 27 0 0 8 0 0 63 19 0 155 81 24 91 35 161 23 129 0 114 45 81 0 35 36 177 47 18 0 131 7 108 6 0 35 0 62 112 98 69 0 63 4 6 0 180 26 82 21 0 91 9 30 16 30 53 69 108 25 0 0 108 0 81 9 18 90 181 33 36 12 24 0 56 0 97 81 114 9 0 49 150 63 20 57 10 27 21 0 0 141 0 72 55 30 18 82 15 45 35 0 0 0 0 0 42 15 9 24 0 0 0 85 42 59 45 59 117 15 116 27 73 28 72 112 75 72 61 7 42 18 105 25 45 31 54 207 79 51 0 0 0 7 0 49 25 0 67 25 30 0 73 126 46 0
60 45 30 122 228 149 10 24 32 22 0 184 38 64 120 71 54 71 47 20 40 37 63 120 32 10 151 36 45 133 12 44 54 109 48 78 33 9 49 115 151 68 242 27 130 52 89 5 70 33 110 40 57 34 0 30 4 28 177 38 6 41 81 59 8 83 8 8 0 0 44 55 37 112 32 28 93 135 153 80 30 26 39 72 21 0 8 54 35 90 65 117 55 56 33 236 28 72 0 0 0 65 42 98 36 133 54 16 93 72 144 79 158 54 0 143 84 142 160 24 10 114 151 0 6 0 54 17 27 118 0 36 89 58 125 132 3 40 102 40 177 18 174 185 0 132 155 6 45 118 58 58 90 78 74 136 24 51 40 102 90 40 68 69 70 83 45 81 60 229 111 72 22 44 0 89 65 36 20 14 119 14 111 72 61 93 85 112 18 42 16 46 28 103 0 108 57 58 139 56 0 140 30 63 0 111 54 16 28 132 12 54 133 127 12 77 61 250 156 53 0 122 0 89 137 86 5 158 137 4 60 22 92 43 84 101 256 82 54 87 122 28 106 30 36 145 118 81 76 45 33 104 19 38 27 121
148 0 99 14 54 26 0 0 29 0 15 97 26 99 110 0 34 106 72 42 84 78 15 20 15 51 121 15 58 170 16 195 42 32 45 57 31 30 41 26 87 41 49 8 0 121 18 45 72 65 42 33 176 6 0 0 41 0 15 7 27 75 57 43 56 8 0 64 63 17 63 0 48 0 89 0 64 111 20 52 126 69 45 0 64 36 40 24 83 0 43 50 108 157 5 9 8 12 68 24 120 43 75 16 72 81 93 25 23 63 66 31 35 0 11 48 17 123 5 50 124 43 9 19 78 0 68 28 132 58 116 54 64 3 9 12 0 50 0 32 57 16 47 9 0 3 17 124 21 0 18 18 29 8 14 106 0 28 0 48 113 3 0 50 5 73 39 6 29 49 6 56 58 30 17 120 12 8 5 36 78 30 22 24 26 49 32 0 50 0 2 2 39 0 114 8 38 31 52 0 27 58 10 28 62 48 37 70 83 46 120 40 40 139 30 50 18 45 50 65 9 64 97 140 69 49 33 35 46 20 27 16 66 93 77 54 105 106 61 54 0 181 97 24 5 50 55 9 67 71 93 60 88 104 79 45
44 8 30 9 66 4 46 27 27 103 0 81 31 69 0 7 9 93 22 31 18 60 0 27 32 0 33 45 0 84 21 0 162 0 72 12 0 21 0 30 44 20 17 0 70 0 0 6 41 53 29 0 63 55 0 24 2 93 56 6 5 0 93 66 0 9 46 18 19 10 59 10 10 16 0 82 63 46 0 81 38 52 58 123 16 0 70 0 32 21 6 64 12 15 0 6 0 49 28 0 102 0 81 6 8 55 99 74 52 0 100 48 12 0 3 35 93 42 25 12 76 0 25 0 110 0 32 90 35 10 9 0 84 7 94 34 42 0 45 55 158 61 16 19 0 80 131 12 24 24 69 97 39 75 49 4 0 4 124 32 26 38 0 43 91 42 9 63 63 36 63 18 11 30 0 19 63 33 49 47 48 96 12 16 42 60 14 18 0 27 42 8 42 101 20 32 15 57 63 39 33 5 0 48 26 22 2 8 115 2 53 20 0 144 153 14 46 104 67 81 14 17 26 50 0 52 36 96 21 69 16 21 10 50 99 35 71 94 10 31 6 0 25 0 12 18 161 26 40 0 0 8 93 0 44 58
40 2 63 9 24 30 24 93 39 10 45 70 76 96 95 43 18 40 67 152 45 7 106 24 36 0 58 101 33 6 70 64 17 28 24 0 1 0 3 144 37 76 0 36 21 36 15 145 92 8 24 66 0 0 6 16 8 2 0 70 112 8 179 60 11 1 33 125 1 0 102 0 54 20 24 0 66 0 0 16 7 100 24 0 16 71 24 42 34 20 0 0 16 36 6 7 20 148 0 64 73 16 86 0 9 72 28 1 51 25 16 54 0 0 18 26 11 16 18 53 32 41 0 30 140 3 40 36 168 79 2 81 0 4 8 24 6 25 16 57 27 40 16 12 0 2 35 38 0 7 110 12 175 9 35 50 65 6 0 24 38 25 6 26 24 7 84 0 0 128 36 72 89 56 48 0 24 52 0 6 58 8 0 0 0 79 76 0 113 20 69 0 110 16 44 0 48 0 40 0 36 44 20 69 73 0 3 0 24 52 83 28 4 56 36 0 32 70 4 8 4 36 4 67 22 72 52 2 81 0 0 0 16 56 63 16 15 57 14 36 30 150 54 40 0 26 8 97 41 40 0 24 42 9 20 0
144 43 0 92 9 48 45 63 62 91 20 77 84 126 36 0 36 59 48 74 79 17 218 162 36 0 106 29 30 131 79 58 64 193 94 85 85 27 75 89 42 120 74 55 106 28 51 0 191 26 34 44 72 24 0 72 19 63 108 73 14 24 123 9 67 36 18 60 69 65 64 42 81 100 85 118 40 60 38 102 80 55 157 27 118 28 237 74 188 65 42 195 109 78 54 144 100 11 125 63 101 18 70 36 90 108 60 84 89 66 8 13 113 48 79 47 47 80 54 35 115 35 241 18 81 27 105 5 185 170 56 86 77 27 124 127 83 69 91 60 82 198 77 107 39 51 39 63 18 68 16 170 61 5 103 0 0 33 9 158 59 2 41 99 25 59 22 102 68 128 21 9 30 0 18 108 31 157 100 42 213 143 45 64 142 65 88 6 131 80 0 50 12 96 55 0 64 101 8 63 40 120 3 93 34 18 57 63 28 86 162 68 0 104 18 110 47 1 61 110 63 37 68 129 64 103 63 100 93 23 147 13 115 75 102 45 178 42 104 225 45 104 166 33 53 41 100 132 158 83 40 139 69 45 107 42
181 68 146 22 53 100 7 79 102 48 0 16 145 90 45 4 82 133 24 70 36 0 76 70 0 56 168 38 56 98 42 39 56 96 78 59 102 6 45 92 59 72 36 35 20 153 124 56 83 66 9 40 157 27 56 48 50 0 69 61 14 110 0 10 36 36 38 0 39 72 65 40 232 56 30 0 0 84 0 48 45 65 0 87 162 52 38 0 72 89 96 32 89 166 6 57 81 186 38 158 61 6 32 0 18 30 27 58 66 153 22 0 66 59 63 40 52 115 99 72 67 0 91 0 74 12 54 0 35 8 111 5 136 67 0 38 40 114 84 14 36 105 13 65 45 24 100 108 86 91 66 24 76 120 112 72 0 16 24 174 151 38 45 12 138 150 84 92 59 104 48 0 16 0 66 99 110 72 67 27 70 24 88 0 51 91 28 32 141 57 6 59 63 14 152 73 166 89 110 8 18 56 12 45 48 104 61 85 35 74 85 37 0 58 128 8 60 0 120 44 77 97 20 29 50 15 51 77 64 5 143 6 59 76 16 151 88 155 24 44 0 48 48 23 4 155 85 84 130 112 96 24 73 89 0 18
32 15 11 9 85 104 12 28 77 0 24 91 32 35 105 42 78 85 24 84 123 12 24 60 74 41 13 56 65 198 27 0 7 27 72 0 0 72 218 249 78 115 52 21 14 48 78 18 34 81 54 48 19 12 45 0 18 36 41 6 59 57 93 57 45 60 9 90 64 10 24 33 21 72 112 66 48 4 190 78 111 12 93 18 21 72 0 0 67 28 0 81 18 49 34 184 63 72 49 99 75 42 21 27 54 12 35 18 63 27 116 28 9 72 0 154 0 74 87 119 157 87 52 117 41 38 48 39 6 80 36 94 52 0 192 119 51 18 18 45 109 0 85 135 36 80 12 51 1 146 0 0 54 81 34 107 57 63 48 14 18 82 148 45 48 68 0 43 21 63 49 81 0 18 0 64 81 18 30 0 56 108 1 82 19 88 39 72 15 18 18 1 7 122 48 91 0 0 49 0 54 24 48 63 36 0 23 16 161 242 5 3 97 121 18 86 0 152 49 78 97 3 60 170 136 81 51 36 0 0 16 75 0 54 120 76 34 48 0 84 179 44 113 18 84 90 0 99 1 69 0 54 45 45 0 54
159 0 42 25 18 27 9 65 14 0 7 45 15 115 51 35 71 67 70 24 80 10 90 44 39 24 80 66 18 0 16 0 6 8 3 14 1 43 2 8 135 7 44 10 0 0 0 63 15 20 20 0 8 22 6 12 0 18 0 90 18 28 19 4 0 74 40 108 101 15 10 30 48 24 69 30 81 21 7 126 0 0 20 52 6 1 69 0 72 5 19 45 28 66 39 48 43 54 112 64 20 0 84 0 9 0 42 12 97 20 11 86 0 28 78 51 142 60 96 175 53 54 21 14 12 0 46 56 91 10 92 0 21 25 0 7 45 0 45 69 0 41 2 65 0 0 4 0 18 42 15 32 61 70 154 24 0 66 81 0 0 0 20 35 60 78 20 132 30 0 45 141 72 49 4 1 0 0 7 64 8 0 23 25 27 9 63 54 48 29 16 14 11 3 24 24 25 29 99 40 70 10 1 0 0 0 17 17 17 101 0 27 0 27 36 71 47 31 93 101 4 37 1 54 53 35 17 8 0 75 8 57 4 28 0 70 0 27 72 0 36 4 72 9 48 21 19 24 63 75 21 0 4 3 0 67
76 6 111 72 98 64 16 28 128 58 45 84 126 129 111 0 42 106 227 43 93 9 144 72 24 104 199 108 64 48 140 40 56 134 58 151 73 5 0 64 16 123 86 52 100 56 95 57 153 127 0 128 15 133 0 57 118 69 58 40 96 48 208 139 9 89 42 137 127 166 152 8 43 30 42 60 50 143 56 26 0 61 33 16 95 65 115 0 144 0 147 73 69 100 32 97 0 30 144 120 50 4 157 24 18 76 110 16 87 46 41 0 46 57 5 40 170 88 69 28 57 48 147 133 32 36 83 40 106 52 5 70 95 143 72 128 35 64 89 85 123 109 6 53 75 56 54 17 64 64 20 105 129 94 18 51 48 15 0 0 73 70 28 95 223 84 190 18 48 72 18 0 132 105 144 51 42 0 52 59 161 50 126 97 79 100 193 72 97 48 14 0 124 57 78 58 195 121 34 156 138 68 158 117 39 87 14 5 48 189 40 128 8 169 10 48 36 72 90 16 24 82 29 152 88 0 24 110 126 60 142 66 53 128 12 134 40 0 48 276 145 56 141 84 120 36 0 147 100 58 73 62 89 0 60 15
150 72 63 112 0 108 152 225 121 18 26 81 12 94 36 50 76 24 129 143 190 19 173 46 158 11 40 212 31 53 141 28 12 79 185 71 36 54 15 146 144 98 54 65 12 0 131 127 0 143 35 36 21 162 18 92 67 139 9 59 56 16 12 105 139 17 117 81 114 45 33 69 73 77 105 146 133 162 14 26 53 40 79 14 178 59 158 94 12 18 64 93 114 91 58 83 41 85 49 39 18 38 60 0 87 155 74 84 104 117 91 47 19 16 102 56 157 13 110 59 283 135 149 4 106 76 85 96 199 54 42 91 101 191 8 30 12 37 89 41 236 87 158 32 0 110 20 91 201 66 90 43 52 20 93 76 127 56 20 19 53 10 206 38 78 216 0 121 49 24 101 79 107 22 118 0 78 41 14 0 76 108 32 82 9 71 49 93 180 128 59 58 83 115 104 21 0 19 20 20 89 115 123 33 120 54 21 120 71 174 63 70 107 22 40 102 151 45 136 99 30 91 88 172 75 111 72 37 78 44 117 41 32 274 68 74 81 0 16 198 39 196 118 102 59 110 0 90 27 136 141 44 180 126 176 132
86 40 0 33 13 109 71 29 14 0 31 26 32 50 0 2 20 12 3 33 28 18 37 12 9 0 91 56 36 52 39 48 49 110 25 96 52 0 8 8 0 63 44 40 13 24 69 14 141 0 36 92 88 57 21 119 45 6 0 63 50 33 13 17 78 8 44 0 24 45 49 26 36 35 0 97 6 48 28 64 43 78 8 18 20 25 99 58 71 105 65 0 34 18 63 112 71 5 24 104 20 38 50 52 0 36 107 60 47 105 14 78 33 80 56 50 12 183 15 15 131 125 36 0 86 0 8 0 44 86 136 52 79 23 12 12 77 68 32 12 16 12 8 1 0 9 21 53 43 27 24 9 103 31 23 42 12 137 16 24 33 26 0 0 77 10 27 66 124 77 75 12 66 22 8 16 90 48 214 44 93 40 97 12 22 53 7 15 0 24 14 0 24 32 45 56 56 151 3 6 30 44 43 48 59 54 104 0 36 44 44 84 25 18 0 0 105 57 14 82 53 45 28 52 78 21 32 30 143 0 17 10 71 18 10 113 110 94 70 113 46 20 8 81 63 0 20 63 2 42 76 36 6 81 16 64
0 0 83 43 78 0 8 0 24 6 15 14 73 0 255 44 0 123 105 77 105 20 26 84 54 74 49 45 0 3 149 16 47 10 6 66 50 52 41 66 28 13 43 106 0 88 42 24 95 15 0 32 16 21 0 0 56 81 54 18 0 59 120 56 64 0 45 4 42 66 0 97 7 0 0 51 16 109 46 54 66 0 84 0 12 3 4 32 99 28 3 79 0 56 12 27 21 69 32 80 27 9 6 36 0 46 20 35 8 26 24 9 21 36 73 54 76 0 5 66 62 16 18 81 78 27 35 0 9 12 53 54 48 13 72 51 7 0 57 27 75 24 29 8 0 7 0 96 10 0 0 0 70 48 24 0 67 0 0 24 43 0 0 112 84 73 0 12 69 98 53 52 15 39 25 9 72 24 0 64 0 18 63 0 160 80 3 80 146 70 91 84 32 59 83 9 154 21 54 68 0 18 20 28 80 0 55 64 9 24 30 8 8 0 19 0 78 42 75 15 117 52 104 0 40 45 0 82 72 0 12 9 48 131 79 0 116 0 63 91 65 8 10 24 0 36 15 72 21 94 32 33 28 59 18 48
45 55 88 132 63 130 111 81 56 67 38 57 46 121 122 71 21 67 187 25 70 39 113 94 92 10 72 132 0 101 112 32 8 21 163 18 0 68 26 10 70 114 67 32 11 18 48 0 69 39 18 75 29 79 63 93 17 39 74 34 8 0 50 3 112 78 39 62 70 85 25 34 22 11 86 53 42 68 89 74 85 40 82 20 76 21 81 100 109 84 45 193 70 93 119 117 50 16 98 84 0 81 18 16 0 35 15 41 179 104 16 2 108 21 93 183 99 96 19 2 38 9 21 12 52 0 9 63 45 40 2 89 26 56 78 128 28 56 44 40 258 100 113 30 25 65 34 4 81 24 20 8 63 64 88 115 53 56 36 56 34 48 90 42 25 67 54 0 6 16 0 72 35 21 60 58 94 38 66 36 81 148 5 0 88 102 49 45 49 14 36 49 70 61 16 63 5 170 134 27 35 129 52 109 27 49 30 40 1 100 22 38 0 89 0 28 27 96 86 63 43 68 30 0 63 0 34 162 59 71 9 39 8 55 120 0 106 60 62 125 73 73 180 20 20 62 97 108 116 8 50 33 35 20 49 69
225 126 115 50 78 51 135 28 98 112 55 67 157 129 0 52 48 0 25 8 0 80 105 75 16 21 101 0 132 129 47 25 76 72 115 106 108 56 70 3 56 28 64 2 16 163 101 199 39 56 41 72 17 7 110 45 46 0 21 130 88 0 54 40 63 29 56 97 48 63 72 59 56 16 25 12 63 12 76 20 127 109 12 1 74 49 85 38 124 89 8 52 57 123 45 70 102 88 64 50 80 56 26 3 24 53 12 120 100 167 18 1 125 57 77 74 10 85 64 49 14 58 18 0 2 35 29 64 14 42 148 48 43 2 54 70 35 86 84 105 24 27 96 87 82 44 71 0 39 46 56 138 132 7 151 56 45 189 42 36 60 40 0 65 45 48 65 85 53 171 14 0 54 52 8 209 76 26 86 105 90 71 81 6 171 25 149 72 173 201 36 77 125 33 101 20 177 82 3 5 25 34 0 0 64 24 146 16 58 98 40 2 16 119 99 62 10 138 64 46 0 3 83 67 21 18 90 11 125 54 126 0 48 101 40 63 156 51 103 56 32 121 58 40 51 24 36 72 155 143 138 135 79 12 32 63
184 91 114 127 161 258 41 39 79 81 49 70 66 54 56 30 95 12 61 16 273 4 91 18 127 105 220 0 47 136 62 40 109 149 24 36 14 52 101 94 152 267 63 55 63 54 139 45 174 115 79 48 74 68 92 0 87 131 105 93 24 73 85 14 145 13 114 55 62 2 34 33 143 115 0 180 77 185 25 24 102 49 99 20 7 79 78 20 16 0 14 116 24 262 71 181 138 58 195 85 10 80 145 1 105 50 0 50 62 59 43 73 89 49 87 52 140 126 28 84 88 20 105 89 47 9 178 67 63 85 232 94 112 64 54 81 188 68 62 50 38 36 30 70 42 36 30 175 141 85 11 83 111 64 36 65 45 7 36 36 111 131 162 57 236 36 118 115 187 72 72 79 107 0 0 48 106 186 195 40 125 18 127 0 80 71 89 43 68 16 94 105 23 5 110 80 0 171 48 91 36 56 36 38 133 12 60 72 98 70 82 78 72 75 72 88 61 24 173 87 253 70 150 63 206 0 63 0 24 6 27 6 115 122 77 44 142 62 122 205 45 79 72 115 51 32 64 14 94 13 0 24 21 85 62 174
231 61 69 126 4 58 32 58 4 72 40 59 93 87 76 105 6 28 24 51 51 84 62 127 32 192 124 40 0 72 73 6 127 97 20 93 18 27 19 297 77 109 21 141 10 84 146 25 77 37 42 0 135 54 54 111 93 118 83 30 27 51 19 7 124 45 44 18 41 66 74 104 80 56 118 137 106 53 32 58 18 25 50 102 25 29 45 60 8 67 61 54 33 115 143 92 43 112 161 77 73 79 0 54 33 0 10 58 111 93 0 10 155 90 63 92 163 52 103 87 62 8 169 10 48 28 120 104 47 98 93 126 153 57 64 79 0 73 87 206 129 83 100 90 30 28 59 29 46 101 34 12 142 24 81 58 35 0 97 0 0 25 75 67 189 192 35 27 95 48 54 130 26 21 45 25 13 94 180 78 115 125 25 150 53 84 49 196 63 64 76 12 0 35 105 70 86 10 44 108 0 76 9 45 86 124 81 33 131 63 119 30 25 172 96 81 36 76 117 230 21 115 206 36 30 32 31 23 54 61 121 44 84 91 52 120 168 44 63 42 181 75 0 81 72 42 56 54 136 9 87 66 36 37 66 87
6 6 0 46 18 27 66 6 17 44 85 25 63 8 24 28 16 10 47 0 66 18 118 14 8 63 27 44 12 56 18 0 91 62 23 60 0 37 84 4 26 63 28 54 26 33 35 48 149 4 40 0 18 52 33 88 41 9 63 35 8 25 17 48 113 26 76 21 82 27 24 69 65 0 73 106 0 11 32 27 0 0 63 0 68 26 0 42 107 61 39 62 0 6 0 49 97 9 52 16 85 35 126 0 44 118 21 101 12 114 48 38 19 23 56 25 80 66 30 114 17 22 147 31 0 139 60 12 68 26 78 64 14 0 51 63 3 0 7 5 88 9 36 12 42 57 0 14 60 28 0 27 87 18 19 24 4 33 28 0 27 31 61 0 116 35 15 64 94 52 72 5 23 4 10 0 31 88 96 42 46 0 114 0 38 35 46 51 0 40 35 3 0 9 62 0 0 84 12 77 14 101 0 6 5 58 66 15 39 80 0 85 0 16 7 0 0 3 46 20 72 0 3 49 12 0 40 56 63 10 94 57 8 42 31 58 23 0 50 92 50 0 54 3 4 0 36 0 86 0 58 84 27 36 17 17
164 25 0 41 38 47 44 5 104 70 95 138 0 162 35 76 87 44 108 227 20 115 158 145 85 18 160 30 63 127 121 107 12 105 64 4 111 161 240 45 227 53 196 64 10 45 32 38 179 126 115 101 67 14 94 88 9 27 21 54 94 88 49 110 58 99 84 74 109 71 100 18 119 0 89 78 60 32 54 60 0 126 64 14 91 43 148 58 92 0 113 161 102 35 66 129 138 265 61 99 65 107 104 103 3 70 71 90 8 78 31 127 56 85 6 126 27 18 83 183 91 129 178 25 117 93 93 72 153 30 0 53 119 63 107 125 35 97 126 138 144 47 62 106 73 33 86 93 107 51 47 219 63 45 84 64 103 49 11 256 65 103 53 58 112 65 66 183 201 100 51 46 4 70 194 120 100 130 48 54 49 21 73 11 37 125 32 9 43 63 44 59 109 17 89 7 49 47 2 70 99 79 111 27 5 107 72 66 41 75 41 157 70 30 71 128 49 58 134 202 104 35 44 30 56 136 30 79 45 0 78 37 97 165 40 61 115 99 93 217 87 61 61 135 28 87 39 82 72 65 47 27 26 121 72 19
72 0 0 40 132 68 105 61 77 68 120 70 21 99 187 113 64 81 64 237 77 65 91 125 48 0 139 111 28 171 182 57 0 53 72 69 60 98 36 122 78 32 154 83 0 37 0 64 101 96 138 54 30 53 72 45 73 93 28 46 112 154 67 52 147 58 42 57 29 0 6 5 38 33 44 89 22 15 90 151 166 102 0 134 24 195 77 49 86 60 15 76 56 63 58 69 42 142 18 18 51 6 81 16 0 25 90 131 90 119 75 191 20 50 71 117 8 126 21 72 186 121 20 84 124 0 15 48 94 76 34 193 80 0 131 107 22 45 64 16 96 96 54 122 12 66 21 143 162 9 158 36 104 104 90 36 63 0 0 0 81 8 98 44 80 106 36 121 90 62 12 169 67 62 50 97 78 58 3 120 35 83 65 20 81 89 63 0 144 56 71 76 131 86 106 0 42 84 33 46 98 46 48 150 31 28 89 68 113 149 100 121 64 63 88 109 54 91 12 0 21 21 65 90 37 112 60 142 27 52 28 27 33 57 107 144 96 72 76 150 74 75 6 51 76 129 42 60 44 29 0 54 85 104 226 61
98 54 44 54 26 18 34 32 96 19 66 102 27 27 20 20 68 0 70 36 20 10 90 18 72 0 48 42 120 93 15 18 16 52 60 86 48 72 137 85 75 36 89 3 72 63 0 90 61 49 120 17 88 71 4 45 69 0 45 65 37 99 25 54 28 7 24 24 14 59 34 21 81 54 9 76 56 57 56 12 113 12 28 84 95 40 111 0 5 95 0 84 104 50 8 112 0 111 2 27 36 34 0 56 0 21 45 36 4 24 69 84 67 40 96 5 76 64 180 90 47 42 87 45 0 92 105 45 30 0 41 45 129 41 79 94 15 195 48 99 19 0 99 92 0 44 102 60 54 107 20 214 8 0 24 18 108 111 48 25 0 12 55 0 49 13 21 135 115 112 84 24 0 15 44 0 14 36 0 51 166 112 64 135 68 36 0 18 26 24 18 0 53 148 68 77 14 64 56 39 6 30 61 18 106 18 18 6 50 78 18 58 42 63 26 117 86 59 151 20 0 64 48 33 25 54 54 62 38 38 65 52 21 153 59 30 104 64 40 91 88 79 105 48 77 0 56 61 152 36 27 98 6 28 105 35
135 90 16 80 64 15 107 9 345 30 91 76 18 74 36 21 6 5 8 104 0 40 133 35 54 0 124 64 112 137 16 0 90 78 18 66 26 111 173 0 146 8 56 121 66 109 65 140 131 104 118 93 96 74 127 185 70 16 104 125 32 0 90 56 205 26 48 26 60 80 48 76 80 54 72 100 44 53 140 2 68 81 83 52 109 74 142 74 237 91 0 112 86 36 153 123 68 41 48 73 58 68 113 10 40 79 116 69 120 78 62 0 52 127 98 68 138 126 36 56 36 45 43 16 98 92 77 32 63 32 125 0 84 68 126 44 78 32 18 32 32 65 33 42 41 74 115 7 16 67 62 176 179 16 117 28 53 61 17 28 40 26 27 60 178 0 75 64 37 171 85 14 36 66 39 111 73 27 60 54 153 95 63 96 96 81 73 104 63 89 50 24 114 78 76 96 15 99 0 72 90 92 75 39 54 84 87 21 50 83 54 8 6 122 3 0 116 20 0 42 31 187 136 20 0 36 42 0 127 51 10 38 59 66 54 93 136 99 107 128 138 165 192 23 28 2 110 102 25 58 104 44 44 117 90 32
62 119 129 143 138 123 160 57 45 51 15 163 75 54 19 22 81 15 65 112 8 151 172 70 57 24 135 133 88 42 108 82 89 92 152 52 42 78 93 54 63 98 103 99 7 18 53 30 14 102 79 59 97 74 108 91 109 33 97 128 51 64 147 113 40 5 72 170 52 70 68 93 54 16 256 60 97 155 42 170 88 86 50 20 36 20 132 44 250 8 83 60 4 78 107 28 85 131 38 59 97 55 204 22 6 18 73 82 155 142 53 12 152 31 32 157 185 30 105 182 105 30 128 7 58 49 78 18 152 66 57 64 47 155 64 85 128 23 119 30 176 20 16 74 113 70 12 68 19 121 51 83 125 39 62 71 96 0 104 0 53 35 11 0 137 98 124 105 36 29 36 68 51 1 68 129 76 89 71 55 72 81 13 0 66 112 196 125 35 151 77 56 0 76 55 14 104 88 45 67 26 233 0 35 115 0 15 0 9 89 168 8 25 213 142 135 8 28 63 19 9 8 130 106 16 99 0 52 62 165 110 80 28 50 37 61 102 35 95 98 124 80 60 94 36 0 77 50 107 0 100 139 65 112 123 13
