105 42 244 89 85 98 95 48 299 181 18 70 42 168 120 30 26 69 40 118 84 60 98 84 81 0 58 147 14 63 0 48 81 28 86 2 38 14 86 44 66 78 86 28 232 174 80 126 99 12 127 6 66 183 30 35 0 0 53 70 97 6 89 102 106 77 0 63 45 40 122 16 36 16 175 45 2 16 0 91 293 44 63 60 48 36 149 236 2 140 62 56 16 152 84 0 81 190 0 94 120 109 83 20 63 9 90 115 34 98 42 36 106 63 16 93 24 77 110 188 16 54 0 12 278 64 112 74 34 97 37 64 130 9 94 24 162 54 18 0 18 8 44 50 48 72 9 0 45 229 74 42 183 103 50 169 0 18 0 10 150 80 30 75 12 64 142 81 108 6 37 70 262 109 240 0 52 14 0 76 72 72 37 145 45 0 124 215 25 135 72 101 0 30 100 42 45 35 60 0 131 74 0 120 188 16 32 54 90 94 132 6 81 32 205 107 52 16 112 48 168 42 32 88 217 95 0 111 142 0 18 105 46 99 46 14 48 40 2 83 0 123 16 162 34 32 36 73 0 48 108 52 66 2 107 30
65 15 65 93 29 9 170 77 24 72 53 27 100 60 94 48 14 38 84 87 134 65 36 0 140 52 58 0 81 28 16 0 62 69 28 78 36 80 84 86 36 105 134 14 67 61 46 173 30 15 58 5 22 9 83 157 72 21 106 0 12 63 140 71 18 12 47 76 27 103 40 12 18 78 15 89 59 193 3 34 71 102 0 64 92 53 13 142 19 133 170 49 10 63 62 166 27 88 64 63 67 12 166 24 43 41 107 79 32 39 55 52 73 3 27 29 94 58 80 132 69 30 0 10 180 20 35 12 131 166 87 33 61 50 48 42 15 18 131 5 22 6 63 164 81 166 24 8 68 184 16 70 88 90 185 62 7 105 2 25 63 75 34 52 18 51 156 228 120 0 98 141 49 38 107 0 18 65 0 76 45 122 131 71 62 54 16 147 7 48 36 123 6 25 6 28 14 153 80 55 96 40 42 175 33 15 55 129 62 27 32 12 8 64 27 139 27 74 20 66 87 61 87 93 64 4 53 169 54 137 0 141 159 110 6 160 121 114 89 59 46 0 40 15 81 57 94 32 6 86 20 93 73 50 68 0
40 269 14 30 74 46 137 62 162 152 102 136 31 127 116 14 129 10 85 137 42 20 3 116 151 87 142 66 307 0 81 7 202 56 54 49 106 60 58 61 117 54 38 0 56 0 93 153 101 38 213 11 70 84 16 87 0 69 54 12 66 135 107 123 137 162 28 0 0 70 46 99 150 118 83 7 36 121 14 58 113 134 93 27 0 13 85 153 65 53 74 74 141 162 81 255 36 110 0 57 86 30 96 28 0 24 18 24 78 58 184 48 65 34 36 179 65 155 18 38 30 27 212 42 137 121 10 93 148 4 132 0 112 60 184 182 73 0 44 25 16 116 77 246 72 74 137 78 56 113 104 0 56 0 107 12 89 22 72 135 196 166 4 2 21 72 42 46 15 55 44 102 92 36 129 220 126 0 0 121 195 77 30 80 66 21 0 85 40 146 32 69 27 0 63 0 115 24 88 31 69 13 25 67 0 59 134 1 141 42 66 60 94 110 68 37 24 78 0 33 35 56 103 90 93 100 63 111 72 34 6 133 78 215 122 65 105 97 46 2 81 79 48 115 91 15 48 87 77 121 86 113 20 49 36 100
3 159 43 0 48 12 0 35 6 12 0 5 36 54 90 62 0 8 3 4 0 3 95 104 0 132 63 46 114 50 0 0 166 22 90 0 90 114 0 63 0 21 9 0 3 0 36 114 0 18 0 10 0 49 34 0 83 14 15 42 89 54 0 18 107 12 0 7 15 18 14 59 12 0 24 44 93 45 40 14 9 15 32 75 29 174 0 32 113 81 171 54 54 137 10 0 0 9 36 61 40 1 66 139 68 30 15 15 35 9 9 69 15 0 0 2 26 21 57 85 149 129 63 21 0 9 81 12 24 99 148 72 56 0 39 54 30 69 81 0 12 6 45 56 0 156 0 48 54 98 72 42 40 81 66 35 0 0 60 7 18 0 24 0 24 25 0 116 48 0 5 105 57 57 68 36 39 36 0 47 110 91 21 87 52 0 0 17 3 49 127 6 0 72 3 54 44 91 18 18 156 13 4 48 54 15 74 88 69 18 18 0 165 51 62 39 40 0 12 44 45 1 68 90 40 16 57 38 30 117 24 2 53 0 27 27 13 18 0 78 164 12 16 9 85 21 0 42 51 78 35 6 33 111 60 12
18 146 0 44 73 98 86 16 98 9 54 0 21 0 152 18 48 99 60 80 54 63 0 0 69 123 118 12 101 17 81 81 86 0 164 1 17 12 36 43 6 6 33 54 0 17 117 24 17 21 76 15 23 36 7 133 37 63 135 90 84 50 115 53 200 68 9 30 2 15 9 23 5 83 38 26 64 83 25 47 56 189 42 114 70 24 72 63 84 11 18 38 81 0 119 126 1 18 42 72 92 51 145 122 12 0 63 11 14 57 132 36 14 0 8 116 45 85 0 26 108 81 49 44 0 2 111 29 142 73 99 9 93 86 31 137 3 97 98 20 88 72 4 89 6 40 64 32 8 123 33 0 96 5 0 18 0 42 139 89 16 81 2 27 14 0 20 0 48 10 95 47 226 0 18 36 94 0 0 114 47 81 55 97 30 33 20 29 107 32 45 54 35 72 23 9 0 0 63 55 152 50 63 12 37 15 30 17 132 168 59 5 0 89 13 93 0 4 13 14 23 81 54 42 81 9 81 74 114 93 18 0 48 171 129 70 7 14 38 58 7 54 4 18 89 50 111 29 33 0 57 48 43 125 20 77
65 67 9 80 45 63 41 18 18 24 42 50 6 34 6 13 75 66 100 33 38 20 12 21 160 63 39 24 139 134 10 42 8 121 56 31 25 26 0 43 91 16 57 83 129 21 0 129 11 0 34 30 111 49 39 4 93 3 92 24 36 35 12 72 59 75 77 15 67 128 76 134 160 54 68 0 1 70 0 49 0 79 30 24 19 11 48 83 0 92 0 36 126 28 87 65 72 79 54 17 12 110 62 102 143 43 60 16 14 72 107 179 85 3 8 46 42 84 121 49 42 30 66 65 0 47 42 32 41 185 90 102 0 0 24 32 10 28 18 73 84 99 48 58 0 3 36 116 157 42 84 0 46 71 24 0 36 18 0 53 1 66 45 15 12 45 78 0 46 24 15 13 21 52 62 29 17 75 14 12 0 36 53 64 6 53 0 110 24 50 158 92 101 93 28 9 57 0 53 58 23 48 149 58 44 7 0 9 18 42 72 26 0 40 124 51 14 123 12 6 35 141 35 39 69 16 88 53 43 14 8 90 8 160 163 139 45 40 37 42 66 56 94 54 65 0 9 24 34 63 16 135 45 15 28 75
90 94 33 16 71 4 153 47 69 152 66 30 61 42 101 184 70 6 0 132 14 51 22 0 71 34 0 0 45 0 25 30 0 27 33 107 0 0 45 0 0 0 35 8 10 3 34 88 63 27 0 82 4 63 21 48 54 0 127 0 27 63 64 16 8 34 80 72 20 9 75 53 40 57 16 11 0 58 63 42 9 22 88 14 27 0 90 74 9 52 53 27 28 51 59 82 0 39 14 50 0 5 0 48 7 105 63 16 62 16 45 91 21 0 0 132 0 83 0 36 12 1 0 19 98 2 0 135 26 58 54 0 26 23 62 12 100 0 85 49 96 16 12 86 75 126 56 90 27 70 53 84 40 2 0 36 72 27 54 0 122 36 32 15 0 35 25 92 82 6 0 110 78 45 42 82 25 21 21 164 24 25 45 7 44 75 40 6 46 196 30 40 0 23 55 120 59 92 73 11 114 30 72 75 52 72 28 35 64 38 2 56 37 180 48 69 0 163 129 12 17 67 57 14 66 27 3 12 0 74 51 78 77 48 38 7 3 57 14 77 56 40 8 54 132 6 58 89 15 134 18 48 48 0 51 0
30 0 32 0 122 73 87 45 24 110 127 66 98 39 54 15 18 15 12 94 12 55 32 73 222 97 76 1 48 117 6 4 88 24 109 8 0 83 0 56 110 94 0 109 54 172 27 87 42 66 96 21 49 113 155 185 0 80 199 9 108 16 15 107 54 54 0 141 64 60 11 28 74 94 48 27 4 18 58 126 27 129 54 0 105 45 69 0 60 56 42 14 18 42 89 66 36 58 27 122 14 54 84 158 0 89 77 44 10 20 30 81 55 1 0 7 122 24 63 105 91 42 123 36 15 64 87 18 132 129 240 5 52 133 31 20 6 54 0 96 0 15 147 107 81 100 74 97 24 86 126 69 89 34 73 18 27 30 2 114 27 5 145 63 144 192 89 63 132 0 69 0 133 87 57 6 34 50 54 12 71 72 42 0 23 96 54 0 71 0 153 18 10 207 11 48 0 101 16 86 66 2 27 116 35 123 30 0 46 144 132 53 12 51 20 151 18 27 0 24 0 146 117 40 112 0 64 0 92 68 0 30 102 80 116 61 42 84 81 47 0 49 18 99 69 76 12 32 32 37 6 120 48 78 0 48
76 60 63 0 27 203 48 23 140 0 33 77 9 5 132 6 2 12 19 12 151 67 50 21 68 43 48 68 35 116 17 38 52 35 18 36 0 54 4 18 14 50 30 161 62 62 116 18 18 28 0 26 53 133 20 63 8 21 36 29 18 56 12 14 11 25 38 56 82 50 109 49 16 0 31 133 83 6 0 109 104 21 14 18 17 119 4 104 4 15 4 36 12 76 32 54 61 30 0 30 18 67 17 21 3 47 2 48 24 60 118 41 24 7 0 2 27 129 30 43 31 126 0 6 149 7 21 48 65 8 15 54 76 59 0 0 49 43 19 117 0 28 54 33 26 15 6 36 91 71 26 18 126 53 49 105 44 2 52 61 20 30 56 40 6 87 0 61 14 0 134 54 81 141 4 0 24 41 87 42 26 29 84 137 96 101 74 8 87 16 110 63 46 105 61 0 48 39 63 77 28 20 4 6 65 28 9 99 68 100 32 83 86 30 24 36 50 27 0 5 8 65 201 67 8 76 9 21 75 4 21 61 102 14 120 82 15 103 59 40 25 36 44 33 16 24 33 0 26 98 56 90 6 66 40 9
77 118 47 49 82 49 213 54 58 254 81 138 36 172 121 64 95 108 62 334 156 43 108 41 161 152 79 117 312 103 174 46 108 150 178 105 71 158 0 88 115 81 62 33 3 87 109 84 123 34 62 19 108 135 42 160 119 56 63 38 116 29 112 54 108 60 35 192 91 61 167 189 78 105 125 110 45 135 10 191 0 110 135 86 42 23 225 128 90 52 66 81 24 90 24 155 36 94 81 94 45 0 158 116 84 0 171 24 18 9 170 222 30 44 49 73 186 81 104 74 89 0 101 46 141 91 38 130 53 78 105 82 86 178 160 161 90 75 78 117 155 68 26 60 45 177 32 115 161 171 72 63 227 5 25 67 198 4 96 89 72 111 18 72 42 3 7 26 135 43 73 12 133 194 159 18 89 66 142 161 159 12 44 229 175 115 73 70 87 206 6 147 32 116 147 109 130 89 0 12 63 12 68 221 0 85 34 117 16 116 87 0 503 56 105 110 80 163 151 8 117 24 251 24 165 143 107 89 20 27 70 114 42 110 68 64 43 126 294 30 90 133 66 116 200 103 149 35 122 180 71 22 219 78 131 119
63 65 54 10 77 35 177 60 6 164 42 12 50 0 0 106 81 39 0 94 12 46 68 7 102 71 24 24 104 128 12 50 57 45 103 96 78 54 24 24 113 62 49 51 0 33 129 61 45 0 36 51 27 42 104 78 12 16 0 0 37 31 45 78 51 76 24 26 54 0 7 28 0 54 6 24 66 85 42 128 0 43 24 8 93 0 36 84 15 69 0 0 15 95 32 48 37 0 4 4 54 58 68 33 81 38 24 38 93 0 0 171 37 15 0 114 14 43 6 21 24 8 78 86 55 24 46 0 104 2 64 27 42 0 73 12 125 30 0 57 15 81 58 106 6 131 60 8 24 8 34 148 49 138 124 0 0 27 36 70 39 86 0 36 0 21 18 48 43 57 68 71 24 14 0 74 35 74 17 41 86 24 34 51 86 49 30 16 48 56 46 61 36 0 0 28 90 27 24 70 56 15 71 2 28 0 27 95 8 142 14 35 82 24 70 68 66 107 42 27 0 48 16 0 82 41 0 25 81 49 49 50 54 88 31 0 54 28 35 12 36 49 11 48 72 27 71 35 1 6 117 22 36 0 79 145
135 93 56 8 70 28 144 60 72 144 92 144 27 120 84 83 54 69 90 137 0 124 22 152 107 91 0 74 126 66 0 5 81 117 144 125 6 12 42 135 76 12 78 28 64 67 118 80 60 0 90 18 22 102 206 54 114 0 41 70 150 130 137 22 119 0 58 117 42 82 32 197 76 0 88 0 0 117 32 189 30 48 122 27 120 44 167 132 78 58 73 111 0 74 16 0 18 232 56 54 36 12 28 24 76 54 72 18 4 30 104 0 58 52 38 48 147 84 102 90 77 4 46 12 85 48 116 8 32 21 113 0 4 111 135 141 86 66 36 21 164 56 115 64 28 18 0 132 64 253 3 18 112 94 86 54 16 233 24 27 75 36 30 9 0 70 114 8 111 26 91 98 235 140 128 34 30 94 8 196 117 77 66 81 109 118 92 137 8 27 92 152 54 96 231 44 0 112 16 84 0 53 54 73 0 17 48 69 7 4 41 10 84 48 61 121 39 52 25 50 81 90 82 24 10 106 16 77 2 106 113 38 109 118 2 0 100 60 4 110 40 99 20 98 28 36 154 69 12 84 57 72 112 134 133 74
48 100 11 34 30 62 54 22 89 93 27 130 0 96 9 39 28 68 124 0 35 32 35 0 73 7 103 81 101 79 31 45 42 78 107 89 27 53 35 44 27 0 120 79 107 63 30 52 46 0 54 64 33 91 11 92 66 20 74 14 73 39 35 156 19 216 79 40 107 49 20 117 10 52 118 15 52 61 49 108 9 51 20 14 7 54 32 43 0 43 42 116 54 14 144 112 5 91 3 56 24 135 159 48 79 75 24 0 0 44 34 57 32 49 11 21 98 12 28 28 31 24 49 2 31 12 15 0 20 72 96 41 0 52 24 44 4 12 34 79 61 80 29 60 92 106 1 101 78 78 0 28 85 92 97 63 0 38 16 66 4 95 60 4 6 102 62 55 108 0 44 33 55 149 116 30 16 133 7 7 15 51 128 27 68 0 12 60 37 74 115 97 62 65 34 13 18 8 47 16 16 52 0 82 4 67 6 27 0 0 55 37 33 45 82 100 30 148 6 29 69 90 74 64 118 6 0 24 20 0 30 131 16 63 64 102 56 12 112 5 57 59 101 42 23 56 4 34 28 46 44 53 69 22 16 0
0 50 23 18 12 93 90 20 72 161 39 28 18 80 36 24 0 3 35 39 8 0 58 163 45 46 33 9 114 20 5 0 20 20 79 46 36 36 1 40 73 76 0 51 36 15 12 45 43 0 118 29 36 0 40 12 2 30 0 38 22 0 69 30 62 80 20 21 55 9 32 94 40 34 0 48 0 41 17 95 103 23 18 64 74 0 15 42 48 103 15 81 0 29 55 65 27 95 45 9 0 8 46 50 0 72 24 0 0 0 39 48 7 20 49 35 24 32 50 14 64 18 171 32 81 99 0 0 24 118 73 99 63 67 0 96 61 21 11 19 24 87 0 18 13 24 56 15 0 24 56 25 67 95 0 50 3 40 11 2 0 0 69 64 79 0 0 0 62 24 37 24 0 69 19 33 87 36 45 27 50 11 0 9 18 89 25 28 0 0 56 49 90 0 121 0 76 24 21 49 64 8 18 74 0 15 32 0 40 43 67 10 83 35 79 0 5 0 0 21 0 21 46 4 6 4 61 16 21 78 36 0 25 155 37 16 54 36 120 64 35 26 28 54 16 25 84 74 119 48 0 8 12 53 12 53
78 8 61 64 20 10 8 9 18 45 0 0 0 118 124 8 27 8 4 117 0 54 8 93 102 14 16 40 0 0 0 46 72 0 39 16 27 0 4 0 33 24 8 114 0 16 42 0 25 0 40 16 10 0 0 0 4 0 18 44 0 32 0 0 20 16 0 4 0 68 96 0 8 0 72 8 36 41 49 2 0 10 12 24 16 63 28 40 4 5 53 20 0 32 0 113 3 171 6 64 64 0 56 64 8 72 56 0 0 0 86 39 0 16 0 16 90 21 0 36 54 36 0 43 44 0 0 0 107 54 56 28 14 28 48 72 122 94 10 4 16 107 0 0 28 32 24 0 0 16 109 77 0 56 0 0 55 44 24 24 80 2 75 0 32 4 114 0 18 96 44 63 147 26 0 64 14 0 12 66 99 42 66 0 75 0 0 0 16 42 6 40 0 18 0 84 12 0 10 0 36 6 4 12 0 0 16 8 81 4 2 0 8 18 60 0 0 56 27 0 20 18 30 40 68 0 0 12 15 45 0 0 5 0 23 40 0 0 0 10 12 24 0 74 9 11 25 17 79 11 0 8 16 11 0 96
24 28 24 72 57 24 51 55 3 160 12 67 31 36 111 16 48 70 0 134 136 68 32 14 74 13 18 24 37 23 0 23 34 14 58 32 12 13 0 0 109 30 15 61 85 86 51 16 72 6 48 10 64 0 35 14 67 58 57 0 0 22 28 10 52 52 0 45 27 20 83 40 56 27 0 0 40 74 30 31 20 0 27 0 4 112 2 74 32 35 12 52 21 60 179 92 0 48 38 30 0 12 8 16 72 63 0 0 40 25 3 55 27 51 0 56 29 112 88 63 45 37 48 52 41 2 3 30 25 104 62 67 16 46 42 84 56 29 0 91 113 40 2 12 37 36 76 28 9 104 131 63 67 35 90 38 112 0 28 5 35 27 86 125 66 19 36 20 17 7 8 0 72 12 6 28 46 102 8 0 40 24 0 58 6 20 0 0 61 54 41 10 48 61 53 54 12 0 4 24 73 55 6 34 24 0 17 78 63 58 61 64 0 22 0 72 34 87 74 5 4 84 35 121 43 82 0 38 2 0 0 91 43 16 24 36 32 25 49 37 16 25 10 0 0 46 54 103 6 84 25 51 50 48 36 39
0 64 64 81 117 6 26 22 84 46 176 22 41 41 93 79 7 52 51 78 22 10 122 28 67 96 62 129 75 20 0 97 118 56 66 25 34 40 30 106 0 189 118 42 48 79 8 72 96 56 43 5 42 6 84 81 18 48 28 21 135 165 88 36 134 47 93 161 40 15 48 88 20 35 90 30 11 0 42 84 35 86 47 109 120 6 39 110 24 115 0 30 49 0 67 55 106 107 1 48 56 9 20 71 79 74 13 35 94 74 53 30 80 54 42 98 14 21 36 128 0 0 36 35 34 72 0 62 3 91 164 34 71 62 131 151 136 10 65 101 50 49 5 96 35 177 10 93 0 0 27 73 32 97 16 66 150 110 0 100 30 56 0 68 81 50 58 36 8 77 0 4 146 36 91 121 8 0 56 139 42 75 224 117 112 12 162 21 0 24 129 35 38 56 12 72 39 108 147 38 25 24 8 42 0 52 42 61 28 45 0 87 88 60 8 52 171 136 120 104 80 0 0 52 96 7 54 94 58 165 35 15 0 33 40 48 88 0 69 74 7 19 24 183 23 56 54 32 34 40 12 110 78 21 25 61
71 41 95 101 33 0 74 4 55 80 48 22 48 59 58 90 91 28 150 16 58 42 4 23 51 26 35 149 24 12 24 0 20 9 56 18 142 48 2 99 136 24 75 92 50 27 49 162 16 85 16 29 69 32 113 0 103 4 19 40 108 55 71 27 102 6 8 20 89 51 9 73 28 30 56 4 78 94 21 20 44 39 35 28 76 33 47 26 63 42 40 3 20 121 85 120 24 14 7 40 48 64 33 24 110 32 104 40 48 13 22 37 60 0 0 57 0 48 17 99 113 61 56 76 32 46 6 0 65 87 116 30 84 33 16 0 96 117 8 0 52 15 39 35 18 122 0 56 0 42 33 8 59 94 18 2 64 124 83 173 36 102 40 22 0 5 37 171 49 35 10 136 2 15 71 81 0 94 0 0 80 90 118 111 21 43 24 152 58 171 162 135 12 15 43 78 34 77 137 72 21 8 33 139 76 0 8 0 44 45 8 11 104 21 146 30 74 45 131 73 45 34 61 101 111 18 16 100 67 13 87 0 81 41 101 78 223 6 63 70 48 24 73 96 110 102 13 56 25 47 97 52 108 22 62 99
63 177 13 10 42 36 81 43 77 30 8 0 0 123 28 23 32 82 82 30 49 7 62 161 93 81 30 6 21 36 9 9 66 0 101 28 7 63 23 4 81 109 22 36 75 48 14 41 19 0 14 7 54 40 80 32 73 7 100 32 12 16 114 0 110 18 18 33 0 0 86 93 52 0 4 36 11 36 7 13 30 68 37 81 18 18 30 34 21 24 10 48 0 45 56 40 92 82 21 20 12 65 44 10 7 52 91 1 0 19 14 12 0 0 70 50 36 63 60 36 41 64 82 0 101 81 0 12 64 34 8 99 17 45 22 69 68 4 21 21 48 55 32 40 45 42 0 0 0 122 5 0 84 28 0 24 18 0 7 88 16 53 65 3 8 2 40 38 32 48 51 15 122 0 15 14 84 0 52 80 35 100 14 40 28 68 18 36 18 24 18 50 40 3 40 12 21 36 11 57 53 0 18 18 64 0 32 37 79 7 18 14 32 26 33 0 22 33 24 1 3 68 2 22 8 31 36 53 60 88 82 21 67 0 43 12 0 28 41 25 0 65 8 40 11 6 37 6 105 23 54 49 68 15 24 49
117 79 49 33 57 0 110 42 77 167 50 120 0 68 43 48 92 60 56 133 0 10 126 97 30 207 26 104 165 24 0 81 40 83 8 67 216 110 0 6 4 167 49 42 2 67 30 130 39 0 167 27 0 11 81 56 65 0 9 108 136 121 137 24 99 94 6 39 33 32 27 2 119 111 36 0 63 106 25 156 154 30 33 37 98 0 30 92 12 74 36 0 0 126 125 42 107 94 36 25 16 66 71 37 118 40 39 138 0 192 0 117 52 29 27 22 20 44 67 112 36 114 22 0 144 95 4 40 60 12 58 48 31 136 37 8 148 38 48 81 78 28 12 17 3 26 10 11 47 142 159 73 22 36 3 54 95 55 17 3 32 0 0 0 67 3 36 9 0 0 75 0 16 31 5 59 48 35 13 54 96 8 30 106 150 78 91 66 0 92 39 85 9 51 8 0 70 75 0 61 4 35 0 0 83 39 114 9 42 92 0 49 141 46 33 117 29 84 98 10 124 0 139 46 74 36 56 18 35 60 88 5 126 14 123 29 89 113 68 38 57 66 20 54 89 0 79 39 133 26 19 20 30 19 42 39
9 94 69 12 15 116 123 18 122 55 32 111 72 61 0 118 114 0 210 44 191 47 134 72 19 93 14 69 54 19 25 0 8 84 18 3 26 0 97 21 66 104 102 144 37 0 60 146 132 6 32 6 50 30 59 32 66 12 0 45 80 81 74 0 143 66 0 117 54 38 44 134 46 99 69 165 48 37 52 110 0 72 18 81 57 3 36 0 28 115 0 70 0 52 75 234 0 100 50 25 0 99 195 18 24 127 96 0 0 0 75 31 18 15 0 142 0 137 78 99 98 0 68 8 38 76 19 10 0 64 153 156 41 181 56 0 6 70 28 29 24 14 38 200 25 39 29 45 81 197 119 27 67 73 0 81 108 38 6 143 122 26 78 93 16 9 0 4 10 51 63 76 6 54 100 54 103 30 50 35 57 0 216 136 30 80 39 80 30 36 9 28 57 18 121 64 196 96 93 63 85 55 27 100 18 18 48 36 90 78 6 95 131 34 242 0 78 47 12 9 9 6 102 27 156 14 18 256 2 100 58 84 55 152 104 102 80 127 218 72 0 0 39 70 172 141 66 73 22 45 107 99 66 13 18 135
54 23 72 42 33 111 101 0 207 101 51 78 56 97 40 126 0 71 18 253 84 47 44 42 92 5 32 56 223 117 94 0 175 60 47 45 12 53 95 124 97 48 105 125 80 87 168 21 21 72 74 98 24 174 148 9 108 54 74 151 237 142 141 169 145 190 3 133 142 53 139 169 38 63 67 22 23 142 64 74 113 93 134 106 53 37 158 84 90 135 173 138 123 1 72 59 63 107 147 100 89 77 77 33 24 43 111 70 29 72 117 3 70 6 46 48 0 178 80 103 126 0 45 60 51 90 24 54 41 70 82 56 129 98 86 182 94 221 21 40 70 82 0 0 87 118 128 63 85 300 175 27 93 69 0 37 54 66 141 63 46 10 136 63 57 120 20 0 93 14 44 76 117 327 161 113 201 147 18 83 48 0 90 123 108 78 195 115 77 209 57 127 18 183 160 249 171 63 54 61 141 173 69 91 159 155 24 0 91 0 30 0 310 73 24 127 86 185 34 66 99 50 182 81 136 158 22 191 6 107 47 31 41 158 34 124 27 48 135 65 81 112 43 275 57 72 9 86 164 68 90 2 80 44 111 41
45 96 79 69 218 0 42 2 51 0 0 135 78 0 82 63 87 72 124 28 18 27 170 0 86 81 48 61 4 24 36 21 0 96 100 51 99 31 100 62 14 36 72 118 128 6 56 96 17 27 156 49 106 0 130 20 123 0 0 85 58 63 40 39 38 210 91 34 42 0 44 14 28 26 51 0 34 50 0 56 43 60 64 176 10 0 0 81 52 75 44 101 70 72 59 24 12 77 67 5 54 30 107 136 147 56 0 85 12 20 24 119 112 25 0 110 72 144 0 9 36 54 28 60 98 29 49 0 36 30 0 101 119 32 129 93 66 30 66 65 98 118 37 38 6 170 0 93 84 38 113 77 22 13 24 32 83 0 112 28 57 60 57 54 2 49 14 0 54 42 35 70 71 28 64 57 85 60 5 98 88 0 85 112 119 0 0 0 66 32 123 43 24 77 14 47 20 85 27 18 91 97 62 7 146 84 21 49 47 0 71 0 12 134 152 78 66 101 158 0 69 0 134 133 56 112 54 0 81 32 0 43 77 63 182 69 25 81 140 0 6 16 0 48 82 29 62 0 0 116 106 48 45 67 24 52
68 20 122 72 43 74 230 7 47 155 71 145 45 53 69 72 0 53 15 160 16 32 14 96 17 63 74 84 212 60 87 0 51 145 161 48 72 8 81 127 172 15 100 27 21 39 148 79 89 17 56 72 51 156 210 0 223 40 39 209 68 114 52 99 128 82 0 177 10 65 52 30 25 57 9 37 86 69 29 194 28 44 105 18 131 24 143 82 55 14 85 54 76 87 38 62 96 86 64 10 80 6 27 120 9 52 82 4 23 0 98 31 48 20 63 96 140 30 20 20 59 48 16 41 109 24 0 147 155 12 61 6 132 26 135 194 35 32 36 10 113 147 38 174 60 166 0 92 2 16 232 37 76 55 1 37 107 104 91 36 52 228 20 0 14 10 5 141 54 38 83 77 92 12 89 122 202 72 8 145 74 0 143 56 81 46 20 42 23 137 82 47 0 81 58 6 8 67 34 27 89 38 121 43 67 40 24 110 41 4 208 41 182 120 84 4 32 144 128 90 2 127 76 67 25 17 166 71 26 129 8 166 32 166 106 108 114 64 90 81 112 4 32 114 139 3 49 18 53 183 68 8 60 43 79 66
104 104 37 122 73 24 127 6 12 259 5 60 24 58 38 48 95 68 96 148 24 0 0 108 106 108 66 141 171 77 12 72 43 0 78 43 48 0 83 17 46 96 60 78 105 130 85 79 86 0 18 0 11 0 72 30 142 63 44 47 36 23 90 42 27 56 45 52 21 123 66 134 86 54 78 62 51 102 31 84 65 56 0 39 150 24 51 196 60 61 38 62 93 35 172 36 3 43 8 126 40 115 100 60 63 135 0 48 58 29 44 165 111 70 29 119 72 168 0 89 53 87 11 19 32 0 45 0 31 153 4 32 0 74 78 24 51 56 164 32 170 7 59 62 102 44 11 116 0 52 50 84 24 71 118 18 69 69 40 30 50 46 25 14 5 8 79 141 72 33 8 23 34 84 49 0 40 60 0 69 60 113 59 22 48 171 72 27 0 33 30 30 155 70 4 61 0 0 148 44 2 112 46 113 29 37 4 72 122 2 52 6 79 84 92 47 18 75 26 48 104 135 92 115 28 82 8 72 21 78 48 18 89 0 122 13 16 0 8 0 81 24 37 156 22 30 67 1 9 57 3 32 108 116 12 133
51 106 50 22 4 34 73 0 55 211 12 6 58 80 82 92 10 91 52 106 44 89 18 0 0 16 111 63 70 56 40 14 81 84 41 71 21 78 18 105 55 23 0 95 28 28 82 8 78 66 63 62 21 77 65 36 45 0 87 69 52 60 98 100 48 0 10 0 136 117 42 63 76 15 16 0 16 74 0 109 0 74 42 54 64 20 38 48 52 111 40 14 0 54 28 17 0 72 0 51 40 38 97 42 10 40 72 56 0 41 92 0 11 45 21 24 10 56 0 0 52 42 36 20 34 48 0 63 73 103 35 0 41 41 26 62 88 96 36 0 80 93 0 50 32 24 30 148 64 69 23 47 48 24 20 42 92 40 68 62 40 33 132 5 20 78 8 175 109 3 14 25 98 168 6 0 46 36 0 62 42 35 23 120 33 0 79 91 15 19 240 93 20 25 15 72 35 38 96 79 57 34 0 86 81 86 24 5 89 27 50 67 124 16 24 91 54 42 149 38 0 81 149 137 64 0 7 44 3 91 39 27 36 0 47 127 20 18 21 18 0 18 2 82 61 26 42 63 0 47 0 62 12 0 23 15
109 222 67 4 102 69 3 87 28 192 73 116 8 28 43 127 106 74 84 81 122 58 170 116 48 71 54 56 315 76 25 72 45 82 60 66 6 81 0 41 60 27 144 103 0 21 73 150 33 45 30 66 136 74 61 112 89 27 81 0 145 81 213 31 32 54 0 30 87 64 19 197 30 10 54 56 12 290 4 136 24 152 12 0 84 15 70 207 72 89 135 72 50 44 27 156 15 49 8 78 101 40 41 0 4 98 30 72 194 29 86 0 155 9 75 272 56 128 74 34 73 3 61 41 141 28 14 56 74 84 108 57 70 1 141 94 116 36 87 87 55 41 101 148 117 166 42 125 64 196 68 12 143 49 64 43 7 113 0 132 72 0 15 92 12 36 51 100 14 11 28 101 63 109 8 20 54 32 39 191 64 102 31 182 152 18 38 133 114 126 67 22 31 55 13 126 36 0 10 0 109 0 116 158 40 114 36 99 7 0 36 12 72 93 62 110 66 38 143 39 21 72 177 20 130 12 20 64 72 63 4 160 45 26 89 112 48 32 67 35 64 1 58 62 128 84 18 0 60 153 93 103 37 36 34 123
61 46 12 59 78 78 95 13 50 113 67 25 28 107 64 18 41 47 20 35 60 49 117 0 188 0 66 110 63 58 48 36 103 10 135 62 3 44 141 27 116 81 28 160 61 125 0 41 96 0 20 62 64 24 122 15 57 16 16 80 20 26 0 12 73 106 43 147 13 74 54 24 21 6 101 74 4 0 58 0 60 56 10 60 84 0 116 18 56 16 34 50 55 80 42 22 0 49 78 83 25 27 60 7 70 44 28 16 57 21 59 120 3 9 0 80 0 28 46 54 0 24 63 3 52 96 67 93 20 64 20 102 100 127 31 94 0 52 70 22 62 4 35 54 58 14 40 63 106 111 46 8 43 15 23 0 28 64 68 8 82 0 53 64 87 52 27 35 48 70 64 72 57 18 71 45 141 35 31 21 67 76 0 96 88 54 22 14 4 95 35 25 0 183 28 116 116 49 33 27 157 36 15 26 81 35 24 4 42 25 45 24 15 42 13 16 68 26 77 25 33 16 58 28 91 19 0 62 93 0 62 50 30 204 160 128 0 0 39 0 18 16 24 112 104 15 88 67 112 106 56 16 38 80 13 74
37 159 90 88 70 28 114 65 2 90 36 86 12 54 55 85 65 56 74 60 70 79 204 3 3 60 0 78 74 26 6 28 37 171 93 47 115 81 36 83 18 87 139 10 2 79 45 251 65 27 126 75 39 56 63 1 25 48 200 84 24 0 51 72 23 106 49 70 65 38 65 194 62 135 90 31 84 104 12 69 104 48 8 40 81 63 39 38 8 64 26 35 55 41 64 52 4 0 5 181 45 113 52 69 21 78 140 58 105 87 32 100 147 37 0 130 98 19 29 57 124 57 42 39 86 0 10 85 19 52 21 0 6 12 171 55 83 103 84 0 66 28 17 72 12 24 24 205 42 113 44 8 72 45 184 0 0 75 34 21 47 86 0 42 0 6 126 206 70 88 168 76 7 78 0 60 50 73 0 53 53 168 97 87 45 83 45 120 46 9 0 27 95 56 17 44 62 81 74 56 72 16 33 84 26 7 110 115 6 135 86 42 8 15 28 187 21 32 130 0 141 98 88 4 14 56 0 63 10 30 12 198 157 75 97 44 98 169 70 36 56 113 87 106 39 43 152 0 18 8 73 60 51 26 38 67
14 24 0 51 45 0 0 7 28 64 0 12 12 58 34 64 0 144 46 120 0 0 20 16 56 0 4 0 64 0 0 52 28 45 100 0 24 0 20 0 0 0 0 0 36 0 66 0 16 0 0 28 64 0 84 0 78 0 14 8 0 0 114 20 55 50 0 72 16 0 53 0 0 0 0 12 28 68 36 64 28 40 0 18 54 49 8 80 21 40 147 8 20 15 89 6 64 112 14 0 45 62 54 0 34 0 0 0 49 0 8 43 0 0 0 44 56 50 0 14 0 104 24 16 0 39 36 0 20 0 0 12 64 24 14 64 0 98 0 0 40 50 7 0 0 0 44 70 32 26 0 16 0 0 0 32 8 0 0 0 0 48 56 0 16 0 49 32 64 28 8 53 0 42 28 0 78 0 32 161 35 48 49 28 81 8 16 0 14 14 63 0 16 8 0 68 0 0 0 32 49 24 0 0 8 16 7 0 56 24 32 5 72 64 66 0 0 14 0 0 4 0 48 4 4 0 0 24 38 0 0 0 16 36 11 0 96 0 37 32 0 24 0 4 0 0 0 25 24 8 8 0 63 0 8 0
30 29 25 75 18 54 78 9 63 0 6 96 27 47 42 72 0 15 72 27 0 8 56 103 18 0 67 0 146 81 76 0 89 6 75 47 88 58 42 0 101 0 0 74 109 48 30 136 41 0 0 0 31 48 0 3 81 12 33 21 139 0 45 42 64 60 27 98 18 10 105 18 3 83 20 0 123 36 45 62 108 15 126 110 18 54 99 0 112 75 0 28 36 0 57 61 5 31 20 48 90 0 68 54 18 32 10 5 99 99 30 40 114 0 0 69 54 32 25 42 0 40 56 0 175 65 0 0 147 43 87 47 36 18 148 40 10 24 67 12 0 80 0 68 15 71 18 24 12 33 57 29 52 53 6 18 71 21 48 54 27 58 0 4 0 0 117 101 57 24 78 89 63 30 103 0 75 27 0 30 20 54 40 102 54 42 95 0 0 130 12 63 3 30 6 20 6 47 3 50 29 0 0 80 36 42 36 110 47 76 54 68 69 54 66 0 0 24 89 21 87 0 12 82 32 6 42 0 0 64 18 0 41 61 48 42 42 0 126 27 5 33 22 33 42 28 55 16 85 42 54 51 0 34 9 36
66 51 9 16 38 4 92 0 160 99 0 5 23 117 64 93 0 30 20 64 9 17 72 0 82 6 0 78 42 81 58 56 9 3 127 0 27 0 177 4 25 48 0 96 81 152 72 32 57 3 24 56 68 0 19 65 44 0 0 72 102 49 0 30 130 94 72 108 48 0 92 34 16 49 70 8 12 94 62 42 115 0 40 87 32 0 114 16 72 18 53 67 0 35 55 18 0 123 9 56 97 30 0 0 27 18 0 57 15 62 60 49 32 5 12 0 0 48 6 24 100 30 31 45 96 0 90 0 14 72 72 62 8 40 72 84 15 0 46 0 143 3 0 24 91 56 48 171 39 188 84 57 0 144 120 85 0 0 27 13 55 28 126 15 0 29 0 72 105 0 45 21 144 10 61 97 48 76 0 81 24 67 93 46 0 144 46 22 18 128 49 34 0 30 0 52 57 7 30 19 36 68 4 97 128 9 8 0 24 8 0 0 0 40 79 81 16 47 35 0 126 0 88 6 92 46 0 5 50 26 45 30 32 32 2 48 60 3 68 2 2 30 10 107 70 72 56 53 12 20 0 16 32 150 35 48
22 3 76 0 25 34 24 0 44 120 10 45 16 129 42 52 42 0 49 56 24 0 88 63 90 3 68 71 110 49 56 20 76 0 62 0 81 36 112 0 74 45 30 56 0 135 48 72 64 24 45 4 4 65 93 55 48 94 36 88 105 58 2 26 40 56 61 71 18 49 56 60 105 60 169 44 33 198 23 98 45 62 64 43 15 82 72 40 44 15 0 0 40 63 112 0 16 52 0 92 16 15 92 142 89 46 16 25 14 25 0 40 45 20 0 115 107 92 16 66 171 26 141 30 12 12 0 33 52 40 160 0 91 19 59 45 139 27 94 20 40 85 37 123 12 101 14 86 10 82 47 46 105 101 6 108 24 20 93 177 36 5 31 0 1 12 24 23 91 32 137 107 71 30 44 46 8 110 48 78 58 69 90 25 76 0 48 2 82 111 107 0 24 45 43 36 8 76 15 76 110 42 0 155 63 42 78 105 58 75 113 64 60 75 105 90 69 48 8 4 96 0 24 4 58 52 56 56 77 80 0 66 70 28 71 42 9 44 36 115 12 44 81 61 0 0 66 89 64 0 20 30 32 78 52 37
0 145 12 12 30 30 108 0 34 19 51 75 24 22 0 0 8 84 32 36 117 7 116 108 77 119 137 181 104 186 213 124 94 85 120 83 9 21 0 145 163 102 8 108 43 30 48 19 40 27 41 24 15 18 42 93 56 108 6 41 152 81 113 53 95 94 0 32 56 8 37 183 56 12 113 70 76 50 17 165 9 61 99 0 72 2 103 91 98 118 15 23 0 27 135 154 148 47 67 132 91 86 115 97 50 45 27 27 52 37 65 28 119 45 72 138 0 33 57 122 36 119 59 102 144 38 31 95 96 73 110 43 66 0 126 104 4 168 48 127 40 0 62 83 18 127 44 18 5 12 52 0 142 5 0 35 48 90 78 77 0 144 148 77 168 47 60 51 13 33 27 56 70 49 48 30 143 36 51 49 80 141 135 179 189 36 28 137 0 121 145 16 22 72 34 160 62 112 0 48 78 0 147 130 114 163 40 68 53 19 165 55 159 103 178 64 68 84 116 15 93 0 117 7 120 33 92 15 68 0 32 94 29 72 84 56 32 0 105 71 77 21 152 37 156 49 0 26 134 162 107 0 56 108 9 44
0 0 112 9 44 7 58 42 15 25 87 145 8 5 70 0 30 43 55 155 41 48 12 10 38 49 18 42 65 24 0 45 133 87 40 46 0 61 99 82 99 102 201 0 85 30 4 103 20 18 133 6 0 55 64 32 16 40 38 36 99 5 30 52 45 7 66 107 29 55 0 111 25 0 0 63 5 40 34 73 75 66 43 0 79 46 64 86 32 111 37 23 18 28 56 65 0 93 4 55 12 40 54 19 30 53 3 165 2 62 73 0 51 60 45 42 64 208 42 16 12 85 36 16 8 106 63 50 14 69 46 61 90 58 78 63 126 20 0 0 5 36 70 90 45 38 0 143 0 7 4 28 3 79 126 35 134 76 7 76 60 32 0 0 54 26 44 64 24 12 83 63 73 55 68 27 28 75 50 93 116 54 154 84 10 43 128 120 7 0 44 30 0 56 50 45 62 103 0 69 108 111 30 71 42 30 104 63 54 24 14 35 83 5 27 80 78 133 120 27 3 98 45 99 42 93 47 42 39 26 0 45 105 118 56 35 203 50 31 66 17 0 44 81 57 41 40 0 6 0 24 53 1 13 26 11
68 180 113 130 140 111 242 0 78 33 6 237 34 63 51 0 82 134 97 188 21 56 109 0 35 152 16 186 153 60 44 16 31 58 198 82 93 0 48 212 47 48 44 48 104 48 36 26 84 49 137 40 78 60 118 8 133 24 76 150 66 30 15 110 116 31 57 83 21 217 72 97 15 5 154 8 77 27 60 60 90 28 42 24 79 90 137 143 86 280 117 54 15 34 52 65 6 49 71 140 0 50 24 117 56 93 90 57 52 36 77 45 120 40 56 95 75 139 49 108 50 20 146 52 35 107 36 62 114 159 19 4 42 56 151 106 35 48 122 40 16 59 7 3 63 152 0 182 48 130 56 46 123 40 6 14 114 64 169 24 47 23 0 105 0 44 64 120 19 53 85 96 127 25 2 68 30 31 5 74 89 54 72 66 76 51 69 65 12 95 91 56 95 43 85 111 72 108 73 121 127 30 34 54 21 20 30 38 60 89 90 0 8 48 48 188 72 21 56 110 104 109 83 48 107 197 48 78 21 85 0 163 104 62 166 80 49 85 130 70 45 50 35 192 56 15 0 33 65 226 161 22 179 73 119 96
40 76 123 54 85 207 73 0 5 30 210 54 12 0 4 8 27 123 0 145 0 3 24 0 12 152 24 71 106 21 3 12 35 0 126 0 0 121 50 75 0 90 13 23 116 86 118 59 0 69 0 28 0 0 121 5 40 36 11 40 60 30 36 108 0 8 0 86 55 36 56 9 83 3 16 7 6 54 39 89 66 171 70 15 84 32 3 70 48 27 16 6 3 45 57 85 35 112 49 81 153 72 12 34 3 0 24 111 1 41 84 0 21 0 2 104 32 0 2 36 0 140 18 26 51 157 0 79 70 84 109 0 56 106 40 18 0 94 2 4 76 58 27 87 8 95 16 34 24 84 7 17 0 3 56 69 64 103 98 7 18 78 82 29 76 41 18 129 64 84 68 84 153 60 17 63 103 30 12 126 52 36 29 53 116 15 86 63 1 10 187 94 14 66 24 13 69 33 0 50 28 117 36 39 50 44 0 18 29 52 72 84 48 85 12 16 1 75 48 3 28 54 2 100 0 73 36 36 19 46 3 91 126 87 23 115 74 81 128 54 5 140 63 101 0 8 0 21 44 49 75 64 154 1 60 104
25 0 88 15 49 231 35 0 91 0 0 5 12 0 44 12 69 64 113 0 58 28 56 0 57 147 66 53 42 49 86 149 18 93 0 61 83 0 8 42 6 36 8 35 55 43 56 36 1 0 0 5 28 98 40 21 62 0 30 136 68 72 35 0 15 32 40 0 94 28 30 84 36 0 45 0 53 6 0 0 93 72 12 79 16 48 30 61 32 39 16 83 9 0 98 90 116 114 36 0 11 134 69 0 83 44 110 0 4 94 108 48 63 12 6 35 8 24 37 86 81 66 81 24 42 18 6 0 13 56 35 0 63 0 34 24 89 52 32 63 18 18 0 1 10 0 9 6 65 6 150 71 63 27 0 144 0 58 60 10 6 0 116 24 0 108 64 12 54 54 45 14 25 93 21 46 27 36 0 18 150 23 0 6 63 40 54 10 6 0 104 57 45 78 40 33 5 101 7 14 84 35 0 4 56 19 0 8 41 11 14 81 24 102 68 22 24 5 74 0 85 33 61 35 100 32 0 38 21 12 0 75 55 0 0 64 6 84 0 2 0 80 24 27 62 114 42 21 0 71 56 36 74 32 6 9
75 102 0 4 27 75 112 16 53 36 51 0 0 91 25 105 22 39 137 77 0 64 52 32 73 54 32 40 36 58 0 0 17 0 114 35 7 0 79 25 45 111 0 50 41 6 143 42 1 18 7 47 35 0 59 115 26 0 87 53 114 104 27 59 63 22 18 54 0 77 135 20 32 45 67 97 56 110 6 69 0 28 110 27 47 21 94 56 16 21 65 30 27 168 9 66 39 43 21 86 0 48 0 46 9 31 96 33 0 18 93 0 13 5 0 0 0 75 12 41 21 65 22 42 67 53 63 14 120 0 0 20 69 69 0 80 36 79 115 48 119 56 0 28 44 9 20 98 3 96 21 23 0 5 0 30 16 0 58 30 68 187 105 35 30 36 0 9 64 0 97 28 81 16 27 118 24 19 0 132 41 29 18 19 77 91 42 2 20 88 86 77 50 0 30 3 91 14 28 107 27 113 78 21 0 21 16 35 42 145 12 0 61 4 0 53 15 0 64 63 24 0 0 16 0 26 16 0 15 32 69 67 59 0 33 70 84 0 16 43 54 57 49 55 76 0 40 3 48 91 18 0 24 0 85 7
10 42 3 51 87 24 83 1 36 65 81 0 38 18 80 42 23 53 50 69 18 19 16 49 96 0 68 0 21 21 57 55 90 0 73 19 57 117 26 18 24 81 0 17 0 117 0 30 16 12 8 0 77 45 34 35 78 0 42 28 13 48 21 39 0 109 11 148 93 26 29 62 10 54 25 22 12 5 93 80 24 31 33 9 96 34 45 12 41 6 60 56 0 58 104 74 0 114 0 141 6 86 45 39 14 25 43 8 36 48 85 21 9 0 0 24 12 17 0 14 42 44 25 31 12 85 8 0 18 20 0 9 74 39 28 21 12 138 22 14 14 15 63 0 49 21 54 116 89 78 87 87 80 21 24 5 27 17 40 55 6 99 108 9 81 56 21 26 54 32 0 46 57 40 35 4 10 59 81 18 49 86 0 95 33 9 21 19 56 41 130 21 0 94 28 52 13 25 102 46 70 16 44 54 0 69 16 1 48 68 90 0 40 55 16 0 27 28 0 0 0 4 84 78 91 1 9 3 84 16 30 5 7 15 21 27 47 10 66 66 0 36 12 108 54 3 48 3 15 30 0 14 74 19 12 0
7 0 0 0 49 35 0 3 28 25 21 144 0 54 64 42 0 40 139 0 111 53 170 156 48 83 10 25 48 75 0 48 127 84 43 56 69 174 27 92 27 72 0 14 80 116 143 29 36 78 6 95 48 55 25 17 101 0 27 167 177 39 33 35 92 87 24 75 56 60 90 16 34 0 30 88 192 22 35 100 12 61 64 88 86 44 30 4 226 54 50 76 0 175 35 36 45 0 8 92 24 18 44 45 35 72 0 42 54 76 27 119 9 8 35 57 33 70 66 77 36 217 138 24 54 30 0 33 105 106 131 97 14 100 88 12 87 35 96 42 82 64 16 35 56 97 0 73 0 52 86 32 38 6 10 48 39 20 0 0 0 0 110 0 0 7 28 180 102 0 0 68 48 162 89 0 28 52 90 0 181 0 15 204 59 12 36 72 189 88 140 18 0 0 66 48 55 90 0 35 12 39 94 18 32 3 16 85 0 170 83 0 225 163 45 0 96 8 36 34 2 117 223 228 107 36 0 100 0 93 0 75 26 75 63 66 0 42 204 40 10 10 42 0 89 12 45 0 64 147 155 123 50 90 24 48
16 154 53 12 168 44 96 59 64 54 68 74 0 68 30 35 0 70 32 118 63 45 72 30 85 54 8 93 103 80 0 0 8 93 99 0 67 120 0 38 145 45 81 98 81 24 19 89 57 84 99 61 0 93 0 89 91 60 87 0 69 55 12 15 195 86 0 72 76 36 22 110 22 42 64 19 0 72 97 54 47 85 36 94 78 0 12 78 64 42 12 97 18 36 90 96 26 35 157 6 45 0 48 92 84 154 15 15 35 0 36 64 0 18 35 8 28 50 144 60 0 24 112 47 28 6 66 60 84 98 224 68 10 68 186 72 8 40 23 67 9 20 16 30 53 48 78 38 25 109 71 58 170 46 72 36 62 68 72 24 42 0 116 63 117 87 20 20 52 0 44 76 119 45 63 0 164 36 40 20 72 58 54 81 9 115 0 63 24 54 72 67 17 72 93 0 50 16 7 72 129 16 45 104 117 44 10 0 14 126 90 0 181 99 35 84 58 0 28 12 25 129 24 68 93 94 28 41 0 0 0 111 91 84 54 161 32 45 113 49 42 10 49 16 92 47 0 17 79 40 86 45 104 96 58 20
31 16 15 15 33 46 25 3 3 45 4 13 108 36 37 32 14 26 0 44 10 76 0 113 22 18 0 60 35 90 18 98 101 32 162 98 28 27 91 53 8 54 0 152 5 63 97 45 1 0 49 10 6 164 6 0 33 14 6 10 57 0 0 0 18 64 0 0 36 0 63 90 38 36 55 49 83 0 72 27 18 40 21 28 40 26 43 16 24 18 15 1 48 15 0 8 3 12 0 139 18 4 3 35 22 49 73 3 32 27 9 118 51 0 0 0 26 76 35 45 123 82 0 94 33 9 53 0 28 72 21 0 66 40 129 0 50 56 0 0 90 79 31 2 107 0 0 102 15 99 111 14 0 0 56 15 0 35 24 129 20 28 77 0 9 94 21 54 12 23 9 21 46 39 120 28 3 23 5 23 51 58 35 48 87 118 18 2 64 49 146 30 0 113 44 42 66 42 16 0 4 34 25 54 47 4 26 35 6 22 14 64 82 16 26 23 0 64 142 0 1 35 78 10 0 29 5 0 0 20 30 0 0 0 96 41 56 42 26 7 55 54 18 138 23 0 68 0 88 26 21 18 0 97 36 0
152 184 52 60 53 40 86 9 63 50 8 149 64 10 91 0 34 35 114 151 160 24 105 57 138 124 72 66 238 116 27 90 156 8 155 85 66 105 33 46 72 81 92 27 33 60 14 184 0 60 44 138 78 116 47 233 80 16 210 0 107 28 9 61 67 128 76 138 65 74 147 277 16 24 168 36 56 56 63 144 0 22 16 0 52 45 0 173 128 94 67 81 48 165 96 104 114 48 62 105 72 84 133 83 61 35 60 59 0 96 24 212 24 7 124 113 127 54 42 61 168 18 0 170 131 43 19 30 167 89 122 18 40 36 48 214 43 24 95 131 36 87 35 71 232 45 36 63 48 84 133 64 366 27 27 27 32 21 18 224 80 12 40 48 0 78 40 41 10 58 58 57 81 0 21 18 8 70 24 0 35 9 74 193 44 14 0 84 88 95 166 37 89 94 89 84 0 75 6 21 74 36 141 61 51 65 101 90 102 40 45 16 0 17 56 69 20 20 174 55 31 10 0 169 95 43 0 15 0 48 78 91 18 56 40 81 130 77 201 72 14 45 42 67 56 42 54 15 0 93 40 121 262 81 58 75
148 35 0 105 151 42 116 53 6 9 94 24 63 0 12 81 115 74 100 66 107 111 157 44 155 119 145 134 88 44 81 68 193 83 34 160 116 95 40 32 144 48 0 52 45 38 118 18 10 24 14 52 22 133 120 157 109 133 160 42 0 211 142 122 97 0 72 0 72 39 38 77 86 2 53 33 83 108 39 45 67 126 177 84 96 6 92 138 32 44 0 0 14 41 133 59 56 59 42 30 74 49 168 63 118 14 0 8 58 28 6 85 98 24 60 111 23 137 116 83 0 131 28 0 162 49 55 0 170 210 98 0 146 30 196 121 23 0 44 150 73 8 39 193 0 31 27 0 32 118 21 58 160 61 52 12 70 77 9 53 0 161 0 90 0 130 142 46 54 27 40 0 102 37 111 45 104 0 0 18 0 104 46 15 115 24 94 3 28 87 144 132 44 106 40 12 39 235 72 4 58 86 72 1 9 9 0 63 124 128 42 64 120 129 85 99 14 15 0 53 115 75 44 27 45 40 151 36 72 4 31 30 6 2 97 24 16 63 2 47 61 19 119 64 107 30 8 10 66 8 9 21 80 56 29 92
35 88 16 97 111 19 63 30 18 69 37 84 0 2 70 8 53 12 118 0 65 0 48 130 166 10 18 0 61 21 0 115 20 141 44 53 170 65 54 13 0 21 62 0 44 9 6 65 59 0 104 124 50 63 40 42 120 63 34 12 47 0 34 81 126 75 25 12 65 32 29 32 49 35 81 78 18 73 52 138 0 83 25 8 10 34 18 44 27 30 55 89 44 106 59 78 0 109 9 51 9 107 98 52 73 30 12 13 36 0 98 104 157 27 0 8 17 44 28 27 50 69 54 23 100 48 16 33 146 9 32 10 44 19 174 18 90 8 0 21 58 5 124 45 3 105 42 21 42 0 9 0 17 25 64 36 63 0 24 144 6 105 17 63 9 66 78 21 20 9 36 37 45 68 33 57 10 22 36 53 88 63 11 135 40 13 48 79 37 0 114 80 64 44 76 114 49 8 16 38 70 34 86 166 18 94 45 0 43 75 4 135 48 28 51 4 6 89 8 35 70 135 80 50 30 27 47 24 131 59 9 54 22 48 95 42 59 136 19 66 134 3 30 0 32 30 91 23 54 55 30 69 48 11 0 24
89 58 15 18 116 55 74 21 42 23 6 42 22 6 53 21 25 41 26 64 22 36 62 0 80 52 14 44 124 23 4 0 0 48 38 87 47 75 121 28 0 19 3 14 126 33 42 37 41 36 34 52 16 75 117 35 62 22 53 30 53 59 39 122 41 121 56 23 120 25 28 91 53 10 50 0 0 14 21 0 91 75 28 132 18 19 80 28 50 91 0 60 27 61 27 18 14 40 42 45 63 16 72 24 8 24 24 36 59 4 11 46 64 20 8 90 0 146 0 46 63 60 58 47 36 52 42 26 130 82 0 39 48 43 105 75 22 24 14 8 89 58 43 18 7 42 47 56 3 93 20 18 76 59 0 42 40 40 68 65 45 105 70 24 1 0 14 21 47 62 14 0 14 125 71 62 102 111 0 80 32 41 63 5 80 35 89 0 56 0 115 41 68 62 122 157 72 95 65 4 18 100 32 18 82 64 36 0 7 124 0 0 39 80 31 55 2 54 88 22 7 143 45 68 61 92 24 18 12 52 60 32 118 29 5 86 49 117 111 57 15 111 18 53 26 77 46 54 49 15 36 7 82 3 48 134
0 210 75 24 81 117 112 32 91 64 10 64 24 70 42 18 42 160 52 5 102 20 100 91 32 128 58 35 182 32 54 137 67 121 126 49 69 54 0 33 0 129 35 32 95 41 56 35 36 0 124 41 62 64 90 57 40 0 42 114 58 19 84 76 42 33 90 60 79 137 52 160 42 0 35 45 6 36 0 91 59 125 12 111 47 99 103 93 77 31 66 56 24 76 42 49 159 97 24 89 24 107 72 94 49 7 87 18 0 24 70 58 41 7 0 0 8 32 0 76 61 65 123 42 139 78 58 4 4 102 14 116 70 40 79 72 216 114 213 73 27 3 6 0 57 86 0 58 30 25 68 91 91 58 42 108 42 121 85 29 18 74 81 66 10 22 88 0 118 8 40 0 2 82 77 90 41 63 0 109 134 96 90 36 8 84 43 6 0 106 72 98 146 88 103 132 78 87 7 68 158 74 38 19 66 4 44 63 106 6 42 0 30 33 0 62 24 88 52 35 88 100 16 115 105 12 40 70 21 82 154 71 86 80 98 77 0 35 59 0 88 41 85 21 66 42 126 4 102 63 120 10 112 36 0 16
0 75 27 29 11 135 42 14 22 75 114 34 11 30 17 0 7 47 121 99 9 55 113 52 8 176 28 24 45 83 3 109 75 47 211 111 32 57 48 49 173 104 39 129 63 81 208 84 45 49 85 123 143 46 49 40 76 68 0 119 92 89 51 63 116 143 10 107 43 0 19 46 1 46 67 42 14 113 71 6 78 142 111 130 159 0 35 14 74 151 51 31 5 99 55 186 16 42 123 5 164 63 45 130 47 16 163 11 6 0 82 136 66 39 28 131 65 71 127 73 39 0 164 108 107 116 36 116 51 183 155 132 160 127 61 36 47 32 18 6 106 109 28 0 31 141 100 132 8 139 71 2 90 85 8 48 81 106 21 73 9 32 102 105 153 14 74 4 180 6 104 48 78 77 49 0 87 5 54 56 60 72 70 100 139 78 32 0 58 150 98 6 43 108 85 42 60 95 48 36 15 96 104 42 77 107 13 0 37 63 64 28 130 87 56 40 119 41 6 4 14 0 18 57 210 84 23 25 7 34 12 5 90 107 121 64 39 45 182 73 42 28 36 99 168 42 0 69 80 69 118 64 121 25 35 28
15 49 80 28 52 40 107 0 90 100 114 75 0 126 122 29 36 15 8 99 40 70 82 7 104 62 101 37 197 121 32 0 263 73 94 76 20 58 70 48 84 25 40 67 4 84 144 93 10 6 0 72 136 98 91 121 78 63 0 67 103 203 87 20 94 45 39 53 54 73 66 91 0 65 57 8 93 107 0 74 18 0 73 8 56 28 98 48 159 101 73 115 105 59 36 28 110 39 27 104 103 18 90 9 82 23 116 9 16 77 56 130 1 4 24 48 6 130 82 84 7 45 36 29 74 16 84 0 51 199 149 0 106 57 28 208 61 50 76 57 22 72 0 54 19 115 91 118 139 190 90 39 171 64 80 70 63 88 58 56 94 30 66 31 0 13 40 7 45 46 98 87 191 167 74 6 55 31 12 81 79 87 103 18 168 75 46 5 3 46 65 132 10 74 126 84 115 28 86 2 136 30 44 14 0 91 57 30 179 40 16 7 108 17 2 48 46 125 64 39 46 21 106 9 115 33 87 106 94 0 27 17 0 99 104 14 56 28 25 42 96 122 10 105 32 24 46 59 45 64 139 73 24 117 71 88
104 52 56 80 23 66 125 123 83 98 10 120 166 12 38 8 28 16 32 24 52 42 112 82 105 66 3 24 212 38 34 18 106 68 43 137 16 36 104 146 141 87 40 110 118 21 66 136 39 0 14 0 24 41 0 44 33 76 59 64 81 52 64 56 40 44 20 24 46 106 8 98 101 158 113 0 50 92 12 17 28 139 0 50 44 7 40 111 84 220 51 0 26 50 48 194 40 24 53 110 219 32 40 47 47 91 97 92 227 2 22 114 160 16 38 93 76 94 75 14 60 0 136 35 107 54 56 92 68 114 106 108 0 93 103 25 7 106 57 16 104 114 60 198 126 139 24 98 57 52 54 85 63 79 114 6 54 81 77 32 203 72 60 42 75 64 24 111 14 63 32 42 35 0 80 136 8 8 0 28 119 68 128 71 69 65 0 15 5 234 64 15 99 38 76 78 28 0 42 0 67 110 112 44 44 0 57 101 45 19 131 92 50 44 77 106 60 189 160 38 32 50 2 35 181 2 152 58 4 136 50 131 32 98 92 131 40 84 59 115 82 0 70 37 203 27 36 111 102 150 28 0 32 94 36 21
64 104 88 28 70 97 27 4 186 27 72 16 78 148 13 48 0 77 95 118 4 38 67 7 112 97 90 2 60 22 15 10 51 80 24 104 14 90 68 141 5 63 82 55 48 24 45 46 0 0 57 93 4 0 42 18 67 75 8 41 60 132 103 16 183 32 24 0 4 166 151 81 2 14 64 58 48 68 76 41 15 0 118 24 63 28 14 42 33 190 183 46 36 32 86 35 20 25 39 27 87 40 20 37 74 36 72 20 32 82 62 27 88 0 18 49 59 130 80 92 5 59 100 80 135 34 6 66 48 34 79 0 40 15 58 18 114 82 116 35 56 12 3 10 43 124 54 19 33 112 0 19 27 54 17 15 0 110 2 0 96 3 44 48 54 23 106 18 53 27 99 68 49 88 0 175 3 107 0 76 44 41 110 0 199 50 88 32 0 139 43 80 18 44 10 6 138 36 0 50 44 25 54 88 45 24 6 20 12 52 61 5 66 26 80 223 86 0 0 0 38 0 32 18 23 53 48 56 18 46 24 30 117 28 47 0 136 35 29 143 26 80 96 126 42 25 2 111 22 66 117 54 35 48 2 6
132 20 5 83 28 32 156 8 30 113 38 160 18 119 48 5 0 26 99 88 0 74 40 74 106 97 129 98 213 133 72 126 26 32 120 114 31 20 27 81 205 99 56 32 89 134 175 124 92 32 0 48 63 117 169 6 0 34 25 120 15 22 45 108 25 154 89 35 33 32 117 36 0 72 75 163 0 48 88 80 69 53 150 169 130 40 161 42 40 161 0 53 45 112 0 73 5 54 63 122 54 28 61 20 3 1 0 0 0 0 89 107 126 6 0 122 73 129 16 55 66 101 92 73 153 96 0 57 64 126 12 54 257 36 269 45 64 5 0 28 0 240 113 100 34 110 15 160 0 55 58 4 47 64 72 0 52 10 54 150 71 117 0 15 46 10 64 191 7 64 174 22 52 33 87 36 209 40 63 65 62 183 148 0 74 142 51 12 64 128 53 31 0 95 18 48 131 122 0 0 79 57 56 145 61 135 28 238 54 87 82 0 99 25 118 0 6 51 45 8 107 40 99 8 49 115 140 0 55 71 0 45 38 55 58 54 24 0 43 150 37 138 32 154 91 45 56 89 67 145 93 13 0 78 27 72
24 104 62 22 63 54 30 28 187 128 93 54 12 70 46 15 44 36 80 64 121 86 41 21 22 20 86 80 100 61 36 48 86 36 140 72 37 22 69 124 69 12 58 107 78 104 104 50 38 42 36 93 59 0 24 198 82 8 56 12 84 30 8 30 34 88 21 40 50 18 41 88 142 0 115 5 43 30 84 142 90 24 17 170 86 67 57 70 23 44 0 122 40 22 62 99 57 130 48 75 24 0 103 13 41 82 78 12 16 0 125 50 114 6 0 81 89 107 0 73 130 0 36 124 48 32 97 63 8 81 51 50 65 2 95 134 91 32 167 115 87 87 30 91 93 177 0 83 45 88 107 140 126 43 26 93 79 0 24 66 34 22 124 26 0 108 24 36 107 47 95 14 69 45 75 66 4 105 71 108 88 102 80 43 30 63 30 24 36 0 81 59 124 75 34 64 30 43 41 21 59 55 10 55 104 10 34 69 60 59 77 0 61 44 6 36 62 36 0 26 75 5 72 139 97 42 69 25 33 45 12 119 18 0 0 172 84 10 83 36 63 69 32 109 0 109 0 8 30 18 63 66 116 100 23 64
0 183 52 13 111 15 72 6 78 22 42 124 36 0 0 48 35 144 10 81 63 63 84 0 4 36 18 36 54 34 18 93 25 72 186 95 0 115 58 54 0 54 105 70 0 61 0 8 0 18 81 63 0 18 112 84 15 54 4 0 112 121 0 99 84 89 43 96 46 65 38 75 3 0 0 42 0 9 27 204 0 40 61 0 55 28 14 84 46 45 57 0 0 4 77 25 0 5 31 0 4 42 60 82 45 3 9 11 24 10 110 6 7 20 0 48 0 54 0 30 3 11 10 19 24 48 36 21 0 40 63 86 66 106 25 0 0 101 5 82 20 0 0 0 131 121 0 80 55 3 3 29 24 63 37 13 125 100 9 56 8 40 0 15 54 73 8 75 80 95 0 15 0 36 46 48 39 64 36 36 24 24 99 27 58 81 60 4 0 30 80 49 56 66 0 66 57 163 54 27 50 20 48 63 24 39 28 55 0 14 0 0 32 95 28 114 28 59 13 0 25 0 48 42 36 54 20 23 9 0 27 45 114 74 102 48 127 90 117 56 2 45 19 144 52 48 0 9 66 6 21 35 131 0 45 47
9 34 2 0 1 17 10 0 35 89 0 120 35 91 46 0 14 112 40 104 7 62 0 36 58 81 50 78 122 14 12 0 117 8 0 12 0 7 73 18 24 52 9 122 64 70 63 72 12 52 83 119 56 156 192 0 6 0 0 54 30 0 54 7 40 19 0 88 14 16 82 6 75 0 70 63 12 16 0 58 54 3 52 0 0 21 57 63 32 21 124 35 45 60 103 56 56 68 12 14 103 56 80 0 45 10 51 102 54 4 49 105 33 21 12 63 42 42 34 24 30 265 84 0 118 128 117 64 62 0 0 2 75 21 20 89 4 40 0 34 1 6 18 4 8 15 90 64 58 118 42 55 84 11 33 56 72 0 30 18 27 66 96 52 6 30 12 72 35 63 45 16 102 64 52 93 0 11 15 48 32 51 24 93 166 103 125 15 14 32 27 117 12 42 24 54 81 6 0 104 40 117 0 56 0 14 0 41 106 180 104 97 74 38 50 36 25 0 35 0 21 113 106 8 0 21 64 0 66 32 12 85 266 72 95 7 24 66 96 41 0 120 55 91 4 16 38 56 43 131 36 38 54 0 87 72
133 195 60 18 35 199 32 63 38 58 27 51 48 187 25 105 113 70 114 130 80 20 144 63 91 87 72 173 183 81 22 41 69 70 34 110 69 111 102 94 17 38 72 163 58 29 40 290 59 12 36 152 94 104 86 62 127 56 81 0 85 32 159 72 93 165 97 81 49 28 112 324 0 41 180 59 0 16 126 71 28 7 47 131 23 36 159 44 36 41 68 159 24 88 184 157 63 34 0 107 76 136 245 44 96 98 60 56 63 44 126 41 54 85 35 23 272 223 25 68 78 44 56 110 120 121 79 168 32 41 74 74 53 18 124 28 112 112 131 159 118 75 20 30 48 152 60 184 87 113 96 36 266 52 44 49 81 52 42 142 28 118 56 37 9 107 9 132 77 16 89 22 36 103 36 142 0 153 80 114 164 62 126 7 164 81 91 11 40 78 61 72 124 85 54 99 110 24 45 99 86 40 64 57 48 0 40 27 137 69 0 49 180 53 137 69 14 97 81 36 126 76 107 106 105 120 49 50 84 64 62 30 152 205 6 155 144 65 165 36 57 127 26 243 122 52 51 20 32 42 0 41 36 10 52 252
5 15 63 96 12 0 68 36 76 123 45 72 19 4 57 40 35 49 34 168 108 80 54 0 64 2 4 27 60 4 7 16 88 73 55 0 40 9 36 9 45 12 44 94 35 15 79 40 0 20 28 40 57 29 80 79 20 0 40 36 8 28 12 56 5 25 4 74 12 54 78 16 93 8 0 35 45 49 0 110 65 70 0 0 10 7 18 72 0 9 40 15 57 52 66 27 0 89 0 63 91 58 14 16 48 32 42 44 108 9 41 107 29 20 0 116 1 44 10 130 33 0 25 0 8 88 48 8 32 114 0 73 40 66 55 28 84 62 28 0 10 6 6 90 34 30 60 18 30 23 30 10 0 0 9 44 129 48 70 47 47 63 12 2 0 0 28 84 42 39 44 0 67 103 75 30 8 118 54 42 1 44 42 30 82 40 4 69 50 56 7 107 16 21 16 42 39 35 24 0 42 67 24 42 8 4 0 4 112 40 42 45 105 0 48 51 116 127 36 8 4 143 168 6 56 73 13 83 4 24 0 78 48 40 48 64 16 36 105 70 0 0 89 30 32 0 5 4 24 41 40 36 7 0 34 20
11 84 36 80 125 10 81 36 0 195 0 30 28 59 12 0 72 46 0 144 136 56 68 150 37 81 113 12 0 153 0 0 91 78 28 9 35 46 97 0 20 63 49 72 21 22 34 0 0 22 131 75 134 71 59 39 69 119 49 3 0 0 35 0 70 86 9 76 0 21 0 87 18 21 76 25 16 89 31 9 24 21 26 9 16 40 55 90 0 104 88 8 66 48 163 79 9 7 0 101 121 75 5 7 97 7 0 53 57 21 10 117 30 0 72 126 78 95 94 21 82 144 12 21 130 123 45 6 136 10 38 86 118 73 4 134 54 30 20 44 96 0 15 27 8 30 52 9 36 145 9 34 108 0 0 81 15 24 4 0 63 0 43 48 0 45 48 100 0 49 52 9 87 54 21 33 64 47 5 0 41 68 14 56 79 82 0 144 23 20 135 90 35 36 12 81 69 63 0 0 56 115 3 0 50 63 32 48 4 43 109 36 12 11 69 12 0 0 69 0 25 77 27 72 61 72 9 0 13 127 72 80 99 6 116 97 106 39 18 0 72 0 65 59 105 45 28 20 126 62 32 0 93 19 9 31
128 52 31 12 84 157 65 50 120 176 6 0 49 122 82 71 8 18 183 32 16 14 222 14 116 57 48 117 15 46 42 35 156 213 62 53 42 59 56 182 82 48 105 80 48 21 130 125 220 0 88 126 63 37 85 0 75 78 48 136 71 0 25 6 93 63 83 88 8 80 28 142 135 8 181 98 103 78 8 235 15 5 30 32 68 128 81 0 71 158 88 138 89 171 42 123 0 88 102 94 102 144 48 16 34 5 28 16 31 3 17 192 62 72 0 95 45 170 60 104 10 22 106 47 8 41 67 56 24 90 0 23 86 49 81 28 235 94 42 49 96 15 104 173 52 108 32 108 36 126 65 0 0 27 101 41 48 118 48 54 128 46 54 43 2 95 92 91 86 49 128 114 32 46 116 57 103 52 22 64 149 9 28 162 118 16 56 33 118 35 70 0 168 93 0 17 40 0 72 66 87 89 38 25 67 0 32 92 85 57 193 105 24 52 103 132 36 30 18 29 57 0 126 42 144 39 56 152 16 46 45 115 68 94 81 90 90 72 13 64 153 25 117 2 5 68 52 58 85 150 54 34 39 33 18 106
0 164 20 56 112 57 176 51 0 93 42 124 104 118 66 68 42 80 105 96 72 118 114 177 14 139 101 15 112 64 52 9 155 48 111 15 42 43 0 93 36 116 9 71 2 27 127 116 45 9 12 73 92 87 94 32 28 4 81 72 125 51 50 6 32 20 30 202 12 94 69 55 29 80 152 126 48 106 48 209 9 66 81 43 6 116 63 65 91 8 7 28 45 153 104 74 82 60 24 125 18 55 45 26 101 30 33 18 31 59 22 166 138 15 0 48 132 101 48 90 195 139 36 33 96 60 0 20 94 22 153 100 34 188 81 103 64 6 96 76 87 58 7 49 86 52 0 56 31 144 226 76 30 20 92 76 40 42 70 110 22 120 152 78 29 90 39 9 136 23 56 76 230 7 110 30 102 49 35 72 64 111 7 22 49 68 60 8 59 79 157 10 28 171 2 15 24 82 8 48 20 80 24 71 48 105 28 104 143 104 84 28 46 118 68 104 59 71 39 14 24 1 135 147 155 0 62 58 52 86 24 141 54 83 113 77 25 41 31 22 109 30 91 72 32 123 35 54 56 174 92 49 20 73 0 11
16 75 0 1 51 27 66 10 48 30 66 0 0 0 46 36 59 126 16 0 0 0 43 119 76 128 7 51 6 79 15 28 15 0 14 10 10 0 46 40 9 0 0 76 0 24 65 117 8 37 15 6 32 0 110 1 18 0 0 0 82 0 124 42 74 30 0 53 6 11 73 9 0 0 6 3 0 50 36 42 37 6 44 48 0 0 81 50 32 0 16 18 3 130 71 6 78 99 0 14 59 69 71 130 8 145 45 0 2 13 54 81 34 19 0 168 36 18 0 38 21 92 55 0 41 3 0 0 16 12 145 0 18 18 88 36 110 0 0 16 24 54 27 43 6 66 15 10 16 24 6 39 0 56 16 18 69 15 26 80 0 63 123 0 9 95 14 14 2 57 0 63 125 0 18 42 9 0 45 105 112 93 67 125 144 48 3 28 5 65 24 25 32 46 87 44 1 81 9 8 75 0 0 0 0 1 0 0 83 50 2 112 32 48 87 12 14 75 36 0 18 42 18 18 28 0 63 0 79 38 0 45 72 69 32 21 0 38 28 28 0 90 41 77 53 5 20 0 24 52 0 48 87 36 70 0
58 110 95 0 14 92 9 63 56 163 0 0 25 53 0 11 36 4 45 24 64 159 51 33 10 32 18 58 67 28 0 16 69 75 42 72 49 82 101 64 24 40 5 24 6 35 28 171 92 75 0 52 0 115 38 33 70 0 12 63 6 68 5 14 49 43 77 24 20 56 0 24 16 35 134 0 72 61 1 75 23 96 90 0 67 40 28 112 0 11 8 28 36 39 102 40 0 141 0 34 222 36 12 120 84 42 50 135 49 50 83 86 93 0 85 73 24 54 39 4 138 42 144 43 54 0 0 28 72 0 74 32 27 10 36 0 81 0 95 31 72 64 24 30 79 36 12 18 3 92 16 4 3 77 126 114 16 78 0 89 97 28 57 51 74 54 30 18 73 0 42 14 104 21 49 63 22 38 0 0 237 0 19 68 2 18 0 0 24 137 18 40 20 14 54 0 0 73 14 112 77 44 108 16 83 0 70 65 92 0 66 36 72 103 24 35 75 0 21 37 10 74 0 130 36 54 56 35 0 63 0 156 70 0 7 114 78 57 4 81 69 0 35 115 21 172 0 63 0 142 81 16 110 10 24 52
54 154 61 31 9 4 158 74 36 128 71 81 67 90 152 116 3 8 0 150 24 86 57 212 204 135 110 35 30 83 59 0 72 4 150 6 6 39 77 21 87 109 42 83 5 84 69 80 0 10 40 0 81 144 141 54 53 23 134 28 117 6 44 46 148 121 8 173 14 90 133 126 113 83 116 38 52 30 25 153 0 104 81 0 145 54 101 17 74 134 60 9 16 110 114 30 8 52 0 7 146 41 46 209 20 144 174 29 84 6 8 42 38 0 0 70 101 27 128 66 20 77 15 56 159 78 84 106 144 10 110 14 62 79 105 68 18 74 62 45 3 32 54 154 6 22 0 31 58 89 32 82 126 152 83 39 53 10 14 67 32 196 146 32 63 27 37 58 153 17 30 20 186 72 152 72 46 34 4 59 50 15 102 112 49 166 30 32 92 153 0 85 8 96 160 58 130 36 31 30 68 0 105 100 25 119 70 80 72 114 162 0 204 172 30 184 50 87 96 15 14 136 48 12 51 21 63 0 32 64 0 88 48 7 152 23 70 27 56 94 99 72 64 43 69 143 78 40 68 141 47 50 72 120 69 141
2 0 33 16 8 89 75 1 46 206 18 0 107 91 38 57 0 43 71 120 0 80 87 75 112 44 76 66 50 77 15 14 66 5 120 46 28 24 9 10 30 50 0 112 25 47 59 95 32 16 64 61 92 207 18 0 14 0 133 87 4 5 106 85 48 69 25 34 68 5 53 113 121 70 167 32 24 53 22 0 16 63 103 15 47 23 28 34 84 10 110 0 72 34 28 80 63 14 30 101 115 70 79 31 20 30 83 0 4 9 13 88 76 0 28 57 28 105 124 93 151 91 84 119 56 44 21 64 73 196 136 0 39 9 21 32 51 46 6 9 67 80 68 30 88 15 0 0 48 64 64 57 216 31 32 71 25 20 14 87 55 114 122 46 5 146 61 76 14 14 40 26 42 98 26 35 20 0 28 105 86 36 56 44 48 1 26 72 63 66 173 118 45 40 7 78 22 4 0 66 0 28 92 72 45 68 73 148 160 83 168 0 91 55 10 0 16 8 86 9 10 128 120 59 144 24 40 33 0 34 0 145 0 0 110 134 40 0 8 111 35 139 28 70 25 94 40 90 71 66 0 120 4 44 25 0
0 40 64 14 5 30 125 20 61 0 0 85 86 64 62 36 16 44 8 46 45 38 0 30 16 92 56 12 88 18 72 14 84 0 18 52 36 51 101 30 149 8 4 62 0 50 40 23 77 0 10 104 0 75 0 0 4 0 35 57 5 45 12 22 10 30 3 18 0 80 115 57 35 41 15 59 0 52 24 12 14 0 132 0 32 29 90 22 8 128 56 44 45 26 48 134 30 0 70 41 14 68 41 21 76 10 67 28 5 6 80 2 15 0 0 0 56 85 56 34 45 43 0 0 88 98 8 127 62 48 0 67 48 111 72 71 8 49 0 0 0 18 50 48 45 0 0 170 39 101 101 15 40 44 0 36 128 0 0 79 43 72 53 40 4 45 5 79 8 42 101 25 14 0 48 88 78 10 25 10 0 6 139 36 0 57 58 8 0 208 0 120 16 65 25 12 125 14 56 43 10 40 20 94 0 106 0 45 80 18 42 49 48 4 109 48 6 25 0 0 37 0 32 22 84 32 61 40 34 69 24 10 108 102 72 16 24 32 24 12 0 31 96 77 112 0 52 63 30 21 32 8 0 0 20 55
0 174 65 86 159 86 54 0 20 56 0 47 17 138 46 11 119 42 151 143 55 32 30 45 56 116 0 74 167 0 7 0 47 120 84 92 3 0 24 108 136 24 4 141 180 78 131 72 40 0 92 38 68 116 116 0 121 69 73 82 75 107 107 33 32 101 24 44 25 131 4 74 59 56 76 0 45 119 44 132 61 63 35 92 38 111 88 158 34 184 193 213 60 45 209 145 14 143 148 0 44 65 85 4 42 46 8 29 11 9 117 65 24 25 6 204 44 162 16 101 24 0 97 3 15 59 32 48 43 105 0 92 146 0 77 124 88 65 29 28 29 133 59 47 95 148 0 171 26 183 52 70 0 32 0 0 65 168 52 64 57 9 16 7 0 35 96 191 74 42 25 143 66 72 54 32 210 149 0 54 96 28 17 61 12 60 31 52 56 39 19 10 52 136 44 12 0 105 37 123 88 97 32 65 117 79 30 84 118 14 18 61 8 108 94 175 82 36 64 39 93 65 88 10 92 38 0 79 15 133 0 128 216 149 40 0 87 0 144 0 117 11 115 162 8 89 15 41 176 136 82 26 61 42 88 119
0 54 22 30 20 18 93 34 42 215 90 10 44 23 87 48 72 123 21 141 72 36 81 42 45 6 34 54 80 12 0 86 122 8 78 72 0 90 89 60 42 27 87 36 6 25 32 87 42 22 96 78 81 75 42 50 44 0 4 8 164 83 56 0 158 84 8 0 66 72 72 170 85 52 4 8 54 23 34 134 33 17 15 20 27 69 92 0 16 58 93 7 0 115 122 24 22 21 36 42 114 86 72 39 8 124 6 9 0 36 93 153 51 30 45 137 55 36 12 21 78 81 72 48 156 0 36 14 45 36 108 18 6 89 21 24 174 103 36 69 52 64 41 40 21 42 0 110 3 91 0 52 93 6 66 84 59 90 44 36 18 0 90 6 41 24 45 60 173 32 19 114 62 12 59 64 6 30 45 6 102 42 171 114 24 27 72 0 81 0 48 87 54 92 69 64 36 12 48 106 76 32 54 57 4 42 36 33 16 54 117 27 95 83 42 12 105 47 4 30 45 36 27 100 32 14 84 0 56 16 42 117 43 134 99 62 143 51 43 128 54 14 7 32 88 61 20 6 45 14 79 125 88 69 24 0
17 43 56 66 79 0 84 44 72 57 24 147 8 111 97 24 0 159 82 82 16 155 134 70 54 7 23 9 175 84 0 20 90 122 40 0 2 40 106 62 0 45 0 88 10 43 0 84 16 93 114 101 22 0 96 88 4 106 16 116 149 0 68 9 27 40 54 72 60 63 49 0 29 30 63 56 40 59 25 184 48 96 20 74 58 42 34 132 86 138 65 0 0 87 75 68 35 99 0 66 64 37 36 108 0 20 8 54 119 61 192 95 45 9 10 98 109 100 48 32 32 149 36 84 36 56 0 40 65 32 93 143 42 72 28 88 2 136 0 0 22 61 41 31 30 16 28 86 0 0 69 51 66 123 94 54 32 32 18 18 15 73 40 0 0 68 101 76 88 96 56 78 119 63 81 222 10 75 57 108 72 118 47 82 30 5 0 6 36 61 106 18 25 53 12 48 96 187 18 116 90 74 24 107 115 4 61 125 42 88 69 72 54 35 36 72 15 0 56 61 32 0 163 90 48 48 54 78 72 35 0 40 105 87 127 94 149 28 66 0 72 42 90 18 42 72 30 0 107 72 58 89 10 45 6 72
28 112 34 0 97 71 114 61 93 34 78 83 24 117 91 18 9 14 75 60 0 25 126 82 107 148 3 45 45 137 87 0 191 94 30 62 0 62 81 75 50 71 16 71 24 42 0 24 14 36 41 26 74 84 59 88 40 0 59 7 70 36 0 16 0 27 57 25 17 36 111 62 4 0 28 45 50 32 19 105 82 5 58 88 19 62 88 57 110 48 41 34 55 49 12 32 39 68 0 38 44 17 8 26 15 92 68 6 22 39 74 53 15 35 42 82 49 130 30 45 62 107 64 56 158 91 95 0 75 106 95 116 41 40 62 105 48 123 0 40 4 6 30 15 27 39 48 22 100 81 9 0 66 42 16 26 44 32 100 72 27 9 80 48 0 46 59 29 66 27 85 74 144 62 90 32 52 78 64 118 98 15 102 30 96 126 69 44 27 15 152 12 36 60 48 33 28 44 0 0 41 52 0 6 0 64 10 89 48 57 10 0 143 52 118 16 18 38 8 0 58 19 40 49 25 62 44 68 11 64 48 25 45 18 3 65 24 54 0 33 1 102 54 101 6 36 57 9 117 30 25 48 9 106 48 41
30 0 89 42 24 129 0 10 81 83 48 12 61 82 50 38 21 8 8 12 66 32 7 65 41 0 42 63 30 16 0 70 0 0 2 0 21 0 53 32 16 0 42 0 105 112 110 95 36 36 72 4 52 76 16 93 0 0 67 75 48 9 82 33 72 35 79 0 30 38 0 33 10 42 0 0 0 70 14 80 129 32 8 35 0 14 36 135 36 100 36 56 24 0 24 42 69 94 1 0 52 0 111 56 56 66 0 36 16 24 140 71 64 23 30 48 0 8 16 0 60 24 0 70 123 4 0 8 114 0 121 0 149 24 104 24 163 0 56 7 5 24 0 58 25 114 72 79 28 10 95 125 81 71 61 142 52 18 82 34 28 16 86 0 6 7 87 63 44 0 25 0 50 72 28 20 0 76 0 81 55 66 129 64 10 0 93 0 88 86 0 0 12 6 17 58 0 37 81 46 84 41 24 32 99 0 56 121 0 36 18 0 90 108 0 50 36 0 0 0 81 0 36 24 132 0 0 28 27 86 0 23 86 72 27 126 32 28 0 0 62 36 56 66 68 48 2 16 146 0 79 0 0 4 18 0
0 86 60 75 75 22 126 44 114 216 83 157 102 15 135 44 30 64 104 163 56 28 128 81 166 83 33 129 158 161 96 168 90 137 257 19 126 181 282 54 36 94 49 204 54 4 63 122 83 54 117 128 157 123 8 126 111 56 254 18 84 70 29 0 38 59 78 169 45 30 120 80 109 119 166 72 45 107 71 139 88 72 27 87 69 85 99 84 32 33 72 33 81 41 120 61 72 12 33 56 86 112 28 128 38 42 72 11 92 70 136 141 105 0 47 119 33 102 45 24 140 24 69 44 191 0 78 56 124 69 50 43 77 65 153 111 242 40 102 116 54 37 130 107 26 57 12 114 16 106 22 71 71 31 139 62 21 108 122 161 50 51 106 113 12 24 113 128 187 73 46 108 170 20 166 170 89 142 58 18 150 0 158 151 57 133 117 93 185 72 105 20 75 187 60 136 65 140 204 109 24 66 76 111 77 197 96 126 69 90 30 134 121 121 38 99 36 103 40 58 54 105 146 90 85 48 45 75 151 115 96 32 111 107 249 91 239 132 103 44 84 76 15 76 45 170 190 49 152 133 63 76 42 111 10 110
140 105 85 0 48 173 47 19 36 140 27 90 72 4 52 45 137 128 108 6 88 11 77 59 67 80 85 58 71 104 72 108 83 32 0 29 43 89 63 16 138 93 67 7 15 23 3 205 31 12 127 178 72 97 52 51 16 56 121 103 83 67 106 52 38 114 12 77 38 31 12 168 40 51 161 0 9 49 49 48 82 72 32 72 16 0 9 161 104 71 16 119 65 15 86 16 159 50 15 90 120 66 107 28 63 23 98 94 66 99 92 108 37 34 102 103 49 107 14 125 81 68 21 68 9 0 0 0 163 94 74 0 0 16 0 131 81 94 32 85 20 43 0 0 96 52 45 54 21 94 130 49 218 12 0 5 0 47 84 125 15 72 87 45 28 81 65 55 72 34 20 37 59 18 24 44 21 65 7 74 40 41 7 67 56 72 24 85 71 26 16 13 12 118 4 87 8 32 36 0 73 28 80 8 45 77 95 9 153 70 41 18 16 68 71 21 56 74 54 21 11 32 57 88 102 56 12 40 79 16 20 0 95 106 211 166 42 14 51 16 0 52 20 148 115 24 96 0 0 16 68 45 16 53 15 71
84 98 18 70 63 53 113 8 111 126 56 36 0 116 177 94 38 9 40 188 56 74 86 135 111 0 22 0 213 48 0 0 149 64 16 3 0 24 169 24 0 42 50 168 25 28 86 112 78 44 0 47 129 87 22 42 72 70 130 48 34 8 71 121 0 0 76 130 66 0 112 12 21 18 21 56 105 134 1 31 61 90 41 48 53 80 11 139 96 50 197 64 116 156 86 64 94 68 0 0 119 82 15 51 14 19 0 39 14 24 32 71 42 38 0 112 128 86 61 112 146 103 95 46 117 7 49 81 50 9 32 0 81 0 21 129 63 80 88 0 73 0 7 91 60 58 20 100 32 104 48 54 3 36 175 85 40 8 16 68 82 71 79 105 9 0 77 73 21 14 70 120 56 47 144 0 48 77 0 116 40 24 158 152 103 64 52 63 65 113 102 0 74 0 35 43 0 143 64 28 129 0 44 56 34 0 39 32 105 163 48 103 45 0 152 108 36 0 68 32 8 91 30 98 45 32 83 107 8 0 0 54 113 0 14 62 129 108 34 196 98 3 115 42 0 41 40 49 73 111 0 7 81 91 35 0
97 56 75 0 5 91 198 36 117 97 15 83 0 139 131 72 143 23 56 126 56 56 97 142 136 76 185 144 143 150 16 28 41 42 72 39 9 66 61 170 144 24 7 141 9 12 63 143 9 75 54 0 64 117 161 0 18 62 7 40 79 61 124 38 53 67 0 111 44 77 58 192 57 29 140 20 72 85 18 8 90 84 0 0 129 7 78 78 92 111 68 8 15 120 64 105 26 73 18 133 43 86 117 178 56 142 76 47 38 8 117 0 50 84 12 64 81 38 60 98 21 31 4 160 127 126 84 50 64 46 70 0 138 24 12 98 142 77 96 74 40 0 0 24 0 20 154 67 184 64 51 34 80 43 32 28 49 125 76 0 80 190 154 24 24 72 47 15 71 0 40 12 134 103 24 88 22 9 0 55 133 40 100 52 143 152 18 108 63 36 130 149 55 20 32 105 110 36 89 16 0 21 79 35 27 0 20 25 0 95 21 0 83 77 35 24 12 18 83 108 80 0 65 102 117 84 73 0 0 48 0 5 27 84 4 105 117 28 82 112 99 33 39 117 51 40 57 7 80 16 0 0 34 133 47 174
48 15 0 104 76 63 4 0 24 182 140 15 8 113 94 32 8 148 91 44 19 65 25 109 103 21 61 100 51 10 15 77 108 0 144 103 7 56 52 39 3 173 36 23 54 122 69 142 52 45 0 137 52 40 66 27 66 0 133 21 0 10 232 63 36 128 15 108 42 0 55 53 81 6 124 28 21 61 84 101 92 70 36 92 91 0 95 74 39 98 36 113 58 27 63 2 56 106 18 133 129 76 132 56 52 103 111 16 52 15 81 83 72 0 6 143 59 96 36 30 8 82 33 46 42 89 21 149 12 132 0 14 85 58 36 14 47 124 30 16 154 88 80 18 10 119 16 180 69 45 32 40 137 160 16 64 42 66 26 62 26 81 128 0 77 3 108 165 56 56 32 98 8 0 29 0 18 54 143 119 16 194 21 41 47 88 40 42 38 90 105 66 25 97 109 69 93 9 134 37 8 74 60 165 58 103 55 51 94 64 99 70 101 51 12 15 0 93 85 75 98 67 95 126 61 0 7 12 70 82 84 16 52 30 44 121 95 30 232 12 48 49 8 190 60 36 60 85 35 69 19 52 111 15 18 57
21 158 24 0 49 18 67 32 61 138 16 35 0 103 106 53 19 89 114 55 64 132 88 87 97 20 45 46 34 124 22 56 93 0 118 142 86 86 151 54 46 72 54 107 63 112 15 92 95 27 28 16 81 104 163 54 214 0 34 27 21 63 181 54 112 68 102 5 39 48 29 39 21 9 86 121 58 109 35 89 41 58 31 29 91 7 111 129 64 51 42 85 52 24 116 81 0 84 61 58 133 3 66 99 74 82 98 157 6 122 128 0 79 32 48 0 0 90 110 43 64 59 55 36 175 23 0 104 106 60 10 49 9 145 6 92 29 30 94 16 106 1 49 56 82 114 12 104 160 253 55 20 18 102 121 96 29 87 23 95 24 59 121 52 3 63 42 73 35 0 58 22 95 151 89 49 64 129 10 97 62 34 30 228 89 35 64 12 2 163 91 184 12 52 13 91 0 135 15 146 94 0 134 82 108 62 88 81 37 52 66 0 108 70 37 165 36 82 172 3 29 96 76 110 35 18 0 61 84 6 42 64 55 36 0 27 82 83 152 39 178 0 34 55 149 117 120 43 44 78 28 0 174 95 17 36
145 151 4 106 96 114 18 18 126 102 110 87 35 62 32 49 89 18 69 95 80 30 102 99 57 18 9 63 99 30 4 16 70 36 99 0 3 48 38 153 8 101 6 83 85 163 144 54 81 12 16 36 83 35 129 81 105 16 30 21 80 129 23 131 36 8 8 187 24 17 88 108 117 10 265 154 49 103 115 95 18 58 20 126 89 32 46 68 92 75 0 9 54 126 127 81 8 24 54 83 98 57 70 24 70 66 132 72 55 76 237 110 54 65 42 161 129 135 30 114 143 0 112 42 81 1 0 74 84 48 112 121 107 184 83 74 21 0 224 0 184 72 0 114 57 96 0 0 7 207 49 24 24 5 60 45 53 54 107 132 125 160 93 32 0 43 15 92 128 73 62 127 209 81 0 23 98 57 68 7 179 75 35 21 39 135 5 24 24 56 93 83 16 114 58 68 0 165 106 27 46 29 67 22 45 32 12 130 154 110 12 47 90 44 118 15 8 54 30 110 120 138 0 108 38 24 9 48 40 108 24 63 108 87 45 162 7 53 153 7 16 77 97 114 129 24 99 72 167 29 53 32 165 41 21 45
21 36 54 46 0 28 55 8 84 194 113 9 3 0 80 54 18 42 36 54 18 0 9 37 105 63 28 21 45 0 25 0 25 36 70 79 58 2 86 17 7 6 26 27 18 30 60 2 10 6 75 5 6 47 39 5 57 78 60 6 63 0 79 32 52 20 47 34 29 36 53 50 21 26 48 39 44 21 4 34 53 64 0 0 41 16 45 108 59 15 20 72 12 48 114 68 9 70 42 45 30 24 31 83 28 27 12 0 53 79 67 42 23 0 0 35 72 84 44 39 30 54 4 28 31 0 75 50 31 80 33 19 4 47 4 0 47 36 26 28 63 7 16 20 0 68 26 15 81 12 111 6 51 18 13 45 77 41 30 63 27 25 15 7 0 4 16 10 34 89 43 0 59 20 97 36 32 102 63 127 4 30 19 16 22 50 6 21 47 31 38 54 52 18 14 0 8 11 43 16 24 4 0 89 0 12 15 0 0 52 27 36 111 75 61 34 21 45 72 11 10 43 111 0 25 4 9 30 39 32 0 5 76 46 82 0 0 4 0 35 44 64 28 24 0 12 64 36 0 30 24 48 12 48 18 53
30 122 105 49 43 59 105 48 40 56 146 4 50 84 82 53 70 68 27 49 72 40 156 117 41 165 24 71 40 64 18 31 148 80 69 29 23 64 33 40 10 230 101 132 7 60 18 141 12 45 26 56 12 65 0 0 96 35 57 45 70 107 59 40 10 18 36 64 56 15 6 28 28 18 53 99 8 57 50 75 104 82 126 65 114 5 39 66 68 42 0 125 187 75 93 87 78 79 4 36 69 65 103 14 55 64 134 49 13 35 91 60 55 0 0 177 20 191 16 35 92 15 30 25 209 136 35 50 24 156 103 90 91 83 54 72 96 20 39 7 24 16 20 45 0 107 0 24 63 161 72 20 116 57 0 18 78 68 0 71 15 47 39 27 81 47 95 114 49 18 88 160 36 10 38 54 36 77 57 82 120 64 15 53 14 95 5 0 38 67 81 130 0 0 85 66 10 170 25 2 88 42 32 91 92 172 28 216 306 21 0 23 86 46 15 60 0 85 149 6 97 35 75 88 1 45 16 64 20 86 98 133 103 55 129 245 24 63 87 81 45 99 68 216 30 101 93 18 81 6 37 22 142 8 45 14
76 89 172 108 150 0 31 85 117 67 93 126 67 97 103 86 142 146 88 14 39 25 52 40 235 115 6 44 206 96 32 89 86 105 165 32 71 66 105 265 129 168 130 159 143 67 186 138 78 84 132 24 107 65 143 50 92 28 94 51 117 79 34 38 79 131 16 96 21 99 13 103 29 41 118 94 58 33 42 208 36 68 7 11 94 18 33 110 52 107 49 14 107 144 93 56 58 95 56 169 88 151 63 73 143 118 138 120 63 65 101 198 99 65 18 139 124 305 63 192 0 141 124 49 89 56 208 57 196 14 205 106 166 130 85 109 0 155 122 66 48 121 34 225 80 120 111 149 109 144 63 35 44 1 32 119 49 84 32 14 32 75 63 4 38 40 58 49 164 78 117 90 137 66 69 82 34 25 62 122 168 52 114 119 126 127 48 25 47 57 154 165 91 120 59 138 120 36 47 96 110 155 61 28 0 12 42 124 142 237 31 0 144 93 47 261 102 45 104 120 114 121 180 104 58 141 24 0 175 46 20 66 218 246 136 68 132 57 102 40 53 27 122 141 76 21 89 6 37 86 45 56 61 116 31 94
31 73 130 2 64 94 47 74 0 30 104 42 48 93 33 0 21 2 0 43 67 0 22 27 171 81 91 8 12 28 53 0 59 39 99 7 0 45 76 31 53 117 48 28 168 9 64 42 9 19 113 4 21 6 23 91 88 2 67 13 42 14 33 43 132 63 5 32 0 54 60 15 14 0 25 84 18 99 18 33 79 114 33 62 9 30 21 129 6 87 63 73 43 99 49 4 12 142 0 64 81 130 122 35 0 27 82 95 7 49 71 44 49 0 0 72 75 70 24 64 62 8 20 6 59 38 42 0 77 33 61 64 60 71 18 83 10 52 78 32 100 8 97 115 40 81 7 14 0 100 13 70 18 28 81 86 61 5 31 39 18 27 69 10 54 83 76 4 63 6 45 79 131 27 96 2 92 79 0 130 83 27 128 60 75 55 0 46 0 32 27 72 47 52 64 59 59 121 24 12 79 48 54 107 50 46 9 105 46 13 52 27 72 9 34 67 43 8 98 36 6 0 109 150 91 71 63 9 36 81 12 21 195 96 8 102 70 67 157 78 8 0 9 0 94 28 90 16 8 17 42 63 76 53 27 3
74 37 82 80 66 132 33 2 36 157 5 44 46 124 108 62 71 77 48 107 1 42 125 99 101 113 115 150 43 80 85 122 94 70 166 12 59 94 106 184 167 78 16 123 7 91 80 100 152 2 115 29 158 61 10 30 79 148 101 93 93 24 78 27 116 58 1 164 129 95 46 115 93 85 220 74 94 59 73 173 0 19 34 24 83 84 67 28 134 160 128 52 0 14 15 160 16 4 65 315 66 81 59 103 87 0 114 8 20 24 170 25 190 35 61 67 191 28 97 90 129 91 99 92 183 27 12 121 93 261 195 0 0 18 160 85 97 36 232 50 40 48 76 50 93 68 170 99 40 133 63 83 86 31 100 50 51 0 85 204 3 56 156 128 72 1 37 138 48 40 132 73 200 20 18 0 44 10 8 28 153 108 38 144 123 142 23 18 0 14 138 53 14 2 34 118 26 57 50 109 66 153 68 213 106 122 83 24 16 88 93 9 18 66 0 0 0 8 72 26 164 108 154 60 70 0 7 11 72 148 71 135 20 55 151 48 127 20 107 50 69 74 0 285 70 50 88 28 29 87 58 83 33 164 38 55
107 86 41 10 91 157 20 0 85 26 50 64 48 90 55 4 127 57 63 69 94 36 116 79 74 81 166 126 103 36 5 70 22 109 167 67 112 106 75 139 71 72 34 179 47 7 135 121 0 30 51 105 86 57 109 72 146 76 42 18 77 18 57 7 47 107 49 143 0 36 183 270 56 0 110 93 9 74 17 40 45 47 53 50 35 89 42 121 65 108 148 18 72 71 181 227 105 94 54 114 82 81 283 9 18 32 183 17 5 13 116 82 38 115 45 66 142 54 57 129 211 77 55 117 257 131 16 0 71 75 91 43 97 37 99 123 202 45 224 123 15 44 54 153 110 48 96 95 38 99 109 49 122 82 63 39 32 132 95 108 97 126 109 60 19 133 21 39 231 28 50 110 15 64 60 87 20 23 54 58 130 152 155 54 257 96 56 25 60 204 58 108 145 195 32 87 97 119 63 45 6 20 46 52 48 52 17 126 92 108 38 15 96 39 157 24 159 12 0 75 92 9 0 119 133 76 88 5 50 101 95 140 80 65 51 76 140 76 165 99 76 71 34 189 104 28 106 54 72 84 61 0 86 117 51 170
25 84 6 18 57 63 0 0 2 122 5 18 0 65 81 56 32 48 152 58 22 20 63 0 14 116 8 0 148 138 64 54 124 74 63 35 25 42 114 79 8 18 35 74 33 6 10 86 0 0 90 0 22 107 18 45 61 6 15 48 108 0 48 72 0 35 57 57 0 30 57 142 12 14 93 0 92 91 24 38 0 66 8 64 51 5 58 32 168 33 48 18 104 48 56 159 74 57 0 88 16 37 76 164 20 7 70 0 24 45 42 143 18 8 0 40 64 122 0 59 88 54 63 72 31 87 10 86 99 32 42 0 27 12 68 0 50 55 56 27 72 41 24 43 0 78 40 79 7 0 129 0 112 15 6 30 81 57 70 28 55 79 0 22 0 0 0 24 28 6 44 78 68 0 54 112 6 7 30 50 167 0 70 155 37 76 12 23 54 66 140 0 20 77 39 54 10 117 28 83 66 54 65 35 23 0 48 30 151 56 0 80 76 0 62 15 24 116 172 23 0 71 82 49 93 21 48 98 8 31 31 0 128 120 70 47 113 96 84 80 94 0 4 32 116 18 30 0 60 46 45 0 63 96 21 76
172 20 55 30 124 54 128 14 175 25 54 243 88 27 96 15 152 50 18 160 91 30 56 55 97 18 69 158 99 81 6 63 44 199 224 34 21 16 77 85 67 18 12 180 121 57 111 63 7 48 125 60 101 129 132 53 0 32 93 181 194 0 65 73 133 124 48 234 84 132 57 208 78 48 182 15 0 0 53 84 177 55 56 0 23 75 142 70 92 27 22 101 66 40 10 3 60 36 48 4 80 42 84 62 39 39 66 112 65 63 177 7 164 59 0 22 133 160 135 56 16 0 150 20 150 5 52 10 37 48 93 1 87 102 144 165 82 3 73 43 5 48 54 59 58 33 36 144 134 120 165 56 177 54 48 69 37 96 117 114 62 36 0 104 16 28 88 0 87 16 73 9 156 12 58 141 35 12 0 18 175 88 18 168 128 223 42 75 101 199 6 8 0 97 155 143 101 81 42 55 114 21 8 35 147 43 36 56 14 72 190 143 20 220 76 129 63 35 55 31 163 141 139 33 63 36 61 92 37 51 31 60 118 116 210 43 96 80 21 27 9 81 178 61 30 9 42 21 242 212 203 87 96 64 57 83
0 0 11 52 6 175 36 0 42 72 39 35 64 35 36 0 18 72 65 0 18 0 99 105 10 102 0 0 0 4 81 113 63 0 63 64 29 24 43 0 33 2 42 10 25 27 36 88 7 27 6 38 0 64 82 12 0 0 0 92 50 71 92 18 16 12 0 36 7 32 99 46 0 1 36 34 0 132 4 20 20 93 0 105 116 0 12 48 36 40 63 12 0 66 24 15 3 18 4 40 70 81 46 80 21 0 87 36 45 0 131 60 52 0 24 76 108 9 85 51 78 15 0 45 36 9 10 42 8 48 26 0 0 36 0 0 9 36 84 0 48 28 43 15 72 24 0 42 86 128 64 36 12 0 0 41 43 104 63 141 0 5 52 109 2 72 24 30 8 52 35 43 12 18 18 36 1 6 12 24 45 48 128 80 89 18 0 0 0 0 15 7 6 69 11 70 0 0 0 3 63 15 32 50 15 32 0 9 36 40 35 18 0 2 15 83 18 16 107 3 0 39 0 72 98 9 0 27 64 18 0 18 37 93 15 105 16 12 139 16 19 0 4 58 78 59 9 9 20 28 18 40 44 64 0 21
98 168 100 36 201 0 48 0 58 14 121 88 16 0 40 12 18 51 89 125 54 98 36 50 54 64 110 9 108 54 0 34 136 87 16 116 63 58 67 63 66 51 35 34 96 160 63 75 136 0 54 150 35 58 78 77 116 98 40 146 64 0 12 3 27 81 0 91 26 4 15 64 36 31 112 9 104 0 145 81 54 0 16 12 96 35 44 160 14 69 14 37 60 32 40 16 55 34 46 78 32 68 97 22 144 7 16 53 24 124 49 196 43 6 25 84 32 111 82 64 66 60 97 58 75 32 0 44 34 115 116 72 134 58 103 64 134 46 101 7 188 43 8 42 145 133 12 44 18 60 156 94 96 0 40 12 8 124 39 74 161 7 31 8 45 47 30 92 80 10 72 37 114 36 138 57 111 93 21 95 135 121 69 25 64 52 40 124 82 24 114 58 0 182 63 56 56 24 35 101 80 94 131 9 59 24 44 7 146 20 143 16 39 120 100 66 57 35 169 43 41 114 81 127 70 48 112 126 82 8 36 72 85 87 86 33 28 41 30 72 56 69 50 69 28 61 18 70 53 201 101 113 148 51 0 0
80 60 63 38 43 136 3 50 18 203 0 45 21 96 68 46 84 24 0 72 20 0 2 45 64 6 175 86 56 16 6 6 89 121 30 116 34 12 6 114 25 18 29 122 34 85 16 70 81 0 33 53 9 90 101 10 54 16 48 49 86 24 56 176 19 65 112 80 71 35 113 134 56 61 68 63 99 14 27 7 34 45 4 27 109 56 33 45 8 21 85 0 36 44 90 12 87 44 102 20 0 0 167 4 12 39 69 10 42 10 156 62 48 82 8 143 200 128 22 24 114 80 162 14 12 20 16 188 65 109 134 0 127 4 0 51 112 51 32 8 45 31 9 108 0 102 1 42 66 66 65 73 129 0 0 35 45 61 93 23 77 64 22 0 26 81 111 77 67 66 86 116 45 58 51 51 85 15 34 136 230 103 122 202 87 64 34 70 3 36 132 0 7 154 174 33 24 146 10 34 160 3 0 151 115 36 44 0 40 26 55 61 85 85 105 44 44 23 36 20 64 86 1 119 116 65 137 40 96 7 100 69 75 81 38 141 70 66 0 200 44 139 54 88 7 0 86 113 159 120 16 15 81 24 9 77
30 117 0 7 83 54 214 0 71 70 59 47 4 59 105 12 0 176 22 136 70 48 66 93 39 43 84 100 146 100 94 75 201 191 99 80 3 24 16 46 60 132 26 116 55 83 16 96 28 18 21 100 32 91 122 207 82 32 46 30 124 7 86 76 27 89 0 110 68 40 93 58 20 112 69 76 64 5 49 354 20 24 47 27 115 88 69 99 22 102 36 30 0 64 35 11 153 61 19 140 44 102 118 66 15 131 92 8 4 15 121 200 56 5 20 47 23 8 8 69 64 85 78 59 57 68 24 27 42 80 82 48 66 12 117 24 45 117 55 48 16 92 36 85 70 68 12 73 42 84 46 59 82 66 37 69 100 97 161 47 99 50 91 21 70 74 102 103 123 9 48 34 12 52 21 28 2 0 55 139 100 133 39 63 137 40 60 16 0 32 75 94 119 117 7 43 0 68 14 34 48 4 51 59 6 96 28 78 146 100 41 70 4 81 39 26 80 15 25 20 120 0 68 84 152 36 44 14 157 40 4 112 62 41 17 87 79 158 133 12 149 37 94 117 43 11 70 48 24 52 27 24 90 92 141 18
96 0 64 104 113 34 70 0 78 58 55 129 30 102 24 29 63 79 72 113 166 40 64 44 0 24 48 137 85 18 6 0 36 67 90 15 6 82 25 126 40 97 33 133 0 130 42 99 60 0 23 63 35 8 81 0 0 0 37 61 46 110 3 51 62 15 37 229 48 90 56 94 12 6 142 48 54 12 26 196 63 21 24 69 92 20 55 32 95 59 9 107 27 18 47 65 18 195 45 86 151 49 24 4 85 6 105 46 20 56 102 24 114 44 0 97 95 51 90 102 63 0 18 0 139 88 0 60 143 31 136 13 89 87 87 182 0 24 98 0 21 128 0 24 39 69 3 34 77 54 64 12 80 63 0 61 31 90 49 14 74 93 18 12 68 81 69 140 37 40 78 112 58 138 53 9 17 101 82 22 187 54 54 141 23 74 0 0 0 67 109 111 15 63 81 33 34 71 18 27 2 38 28 9 18 41 24 70 85 54 27 27 123 21 25 0 128 47 28 38 190 59 85 70 66 36 7 73 11 60 0 129 29 101 44 52 8 27 133 14 10 15 28 195 64 39 35 2 13 79 89 24 96 90 55 83
0 40 0 47 0 148 5 28 49 105 0 17 0 65 141 41 16 5 102 48 32 56 119 86 51 72 9 49 118 0 0 5 108 27 68 79 31 0 5 0 2 36 39 63 8 0 16 105 7 0 41 0 38 25 65 9 44 0 0 71 53 23 47 30 83 47 28 36 53 0 74 18 36 28 0 33 18 28 25 7 89 12 71 72 10 20 18 20 60 36 72 91 5 76 44 54 4 145 12 14 24 81 0 0 53 42 9 0 42 36 63 25 12 45 0 7 40 17 24 28 137 36 8 45 81 8 17 0 172 143 178 62 5 60 85 52 64 25 0 18 42 2 32 12 9 75 85 32 3 37 86 63 54 93 41 97 151 0 54 0 58 4 4 78 8 20 58 31 9 68 93 30 51 48 35 40 55 44 21 89 94 39 95 3 9 0 36 0 0 72 0 0 113 24 23 132 20 44 0 0 64 59 0 56 0 1 0 99 72 99 40 130 73 59 45 42 46 111 32 16 7 24 144 117 73 0 56 36 1 0 2 32 44 40 60 48 36 89 0 46 108 64 0 27 25 117 14 0 140 69 0 88 7 4 20 45
87 189 27 44 109 24 103 89 59 123 23 36 41 123 88 43 48 76 164 93 80 157 111 160 179 103 33 118 84 54 0 91 202 96 194 161 56 216 98 21 67 52 33 58 51 81 74 127 98 30 86 146 128 136 20 36 145 0 182 53 38 46 49 52 73 182 106 14 42 65 224 184 62 15 88 21 32 27 95 184 54 20 150 29 25 192 59 175 31 61 268 67 33 95 121 115 72 115 78 58 69 171 84 134 110 24 62 89 52 75 161 73 45 55 48 129 165 86 89 62 91 99 69 48 54 116 54 50 151 22 34 130 90 28 106 151 127 118 76 59 178 23 91 46 79 106 11 124 97 94 110 50 130 200 193 53 62 149 4 58 52 68 15 139 33 10 66 164 56 40 103 109 130 60 76 183 26 90 65 58 122 94 177 185 109 73 45 14 80 216 24 81 26 180 36 98 85 103 0 115 86 76 65 28 31 12 100 48 87 7 120 12 186 68 127 89 64 50 43 53 55 9 67 198 48 18 33 73 79 55 119 101 80 90 51 82 140 39 106 129 140 26 46 124 101 163 29 129 36 160 65 22 59 0 50 36
111 51 22 152 40 57 160 0 178 291 12 56 75 113 75 62 38 85 100 153 46 34 40 177 77 0 100 171 127 0 8 0 35 91 42 60 0 6 42 115 136 78 30 106 44 36 77 209 66 34 106 21 32 158 51 35 31 0 39 121 42 28 48 4 46 65 0 97 39 97 88 84 111 8 203 41 36 52 16 121 107 70 3 123 75 0 73 90 48 63 111 8 0 125 96 177 16 94 48 75 185 0 92 20 10 45 39 38 45 21 72 31 83 15 36 97 48 207 76 198 50 81 118 72 161 68 73 44 50 163 81 0 110 40 21 66 0 32 0 73 112 96 25 46 47 44 0 38 74 69 24 49 56 60 49 77 92 115 8 144 225 64 65 60 8 51 118 209 27 79 70 12 98 61 105 103 60 0 32 103 117 152 40 98 24 4 99 122 9 60 71 82 72 54 4 60 31 0 72 40 15 16 8 0 34 0 58 96 78 72 112 16 110 26 64 39 63 16 60 125 135 32 58 27 48 0 64 146 49 87 0 68 40 72 98 186 64 0 129 6 92 16 40 231 28 0 40 75 149 6 52 26 48 77 60 151
20 124 67 27 72 56 153 25 57 99 44 0 60 113 61 16 42 28 56 99 8 0 55 0 49 67 0 0 64 0 31 55 123 36 43 105 18 30 12 46 45 45 6 81 100 21 12 21 4 30 126 0 20 32 132 36 0 0 39 24 33 56 144 3 81 0 0 64 12 115 44 166 0 40 4 12 0 118 29 0 89 52 0 10 112 30 16 92 12 97 0 5 12 11 107 54 0 25 0 18 18 47 110 94 24 30 3 69 39 0 129 40 44 25 24 82 4 122 84 24 12 6 36 0 50 56 12 0 58 109 16 18 10 24 0 81 26 95 88 0 16 2 0 109 0 80 56 69 32 71 16 86 110 103 0 12 0 202 50 4 0 32 39 30 45 15 56 4 137 81 0 26 91 43 0 99 0 48 0 40 0 31 60 32 48 79 54 0 20 49 68 0 54 36 40 72 88 0 44 6 26 0 75 117 14 20 0 0 0 35 20 6 20 80 18 156 32 56 20 0 37 0 8 75 99 63 44 0 10 52 0 28 169 36 0 50 102 100 94 45 0 27 98 10 71 40 0 0 72 32 30 0 62 56 0 177
30 3 121 0 94 168 65 24 138 120 48 75 54 20 125 1 48 13 20 123 128 36 131 104 57 13 93 67 65 42 46 14 63 91 152 91 51 114 41 3 50 135 28 7 92 54 91 30 102 18 18 3 70 133 115 68 130 0 42 45 56 3 60 75 119 75 15 84 82 94 89 21 51 5 58 124 45 0 19 4 172 68 55 35 51 30 81 113 45 48 18 58 16 69 28 48 72 126 0 46 45 0 135 9 56 34 96 8 37 31 84 15 12 50 0 99 28 68 76 111 45 12 83 28 165 7 42 98 84 81 25 4 117 74 75 96 67 8 99 32 0 105 1 0 42 98 28 0 85 48 92 142 137 82 27 70 92 35 54 42 74 100 92 142 41 7 72 0 114 71 33 18 48 56 64 35 80 80 37 83 202 55 10 75 86 8 78 5 31 102 58 85 55 75 52 79 90 133 79 24 75 36 32 70 77 82 26 105 38 135 54 46 179 43 0 32 3 107 54 44 5 9 36 138 77 21 128 39 65 0 48 51 86 53 129 100 106 99 154 85 36 40 40 21 37 63 142 27 110 169 121 10 119 13 6 39
136 52 45 0 6 1 28 18 50 7 0 3 70 54 13 31 6 36 123 31 6 15 144 17 74 18 6 0 18 18 0 0 147 2 35 100 22 181 45 70 69 6 79 88 38 45 20 78 21 6 16 97 30 49 9 9 57 16 171 18 20 57 12 6 128 98 16 22 45 8 36 138 13 0 126 0 7 1 105 8 17 26 42 0 42 77 0 38 0 44 110 111 21 9 7 40 2 31 33 65 9 32 83 83 27 83 67 28 0 38 21 2 57 19 48 26 64 54 37 12 0 9 20 28 8 0 104 100 56 0 35 76 9 26 97 112 42 62 63 0 80 45 0 0 38 36 0 40 81 114 34 65 139 89 79 0 16 2 16 54 38 7 16 21 6 0 9 38 8 28 88 17 81 12 0 138 16 97 11 0 64 101 8 25 0 12 36 32 10 96 9 39 0 34 0 84 29 72 1 3 101 37 0 2 37 8 73 0 0 65 0 0 45 4 0 39 84 0 33 34 87 10 0 105 8 2 6 8 0 42 41 74 34 48 1 162 66 10 69 6 0 0 48 114 69 0 2 16 0 8 0 0 21 7 2 0
83 42 18 20 24 1 13 33 69 110 74 65 41 0 54 54 80 29 103 92 122 0 65 7 85 12 0 59 18 34 96 0 45 50 36 26 26 120 7 0 41 20 0 100 0 97 0 31 47 36 40 89 35 46 0 71 53 13 76 85 48 36 46 45 12 167 28 84 154 0 7 0 24 3 70 21 0 45 76 58 60 97 46 14 30 2 56 61 61 27 57 101 0 84 80 76 1 73 18 55 20 87 48 0 100 10 12 63 8 28 35 0 0 0 0 120 61 141 10 44 11 62 42 5 56 21 20 0 29 19 18 8 99 23 4 0 71 70 7 0 24 59 84 48 34 54 54 87 133 139 52 82 80 16 21 18 50 2 44 132 5 4 48 50 0 69 23 83 30 8 28 0 10 4 21 7 28 125 83 72 62 70 34 163 0 0 72 28 49 47 73 74 0 46 21 14 33 79 0 46 30 23 15 63 36 24 36 75 20 59 55 44 207 52 16 97 7 20 0 15 35 14 206 55 13 0 37 46 80 9 0 46 66 65 3 81 72 0 71 27 0 28 66 46 15 42 73 34 81 56 54 32 0 0 5 30
46 10 27 159 125 0 63 71 94 90 28 60 98 57 72 39 40 73 97 159 90 145 37 95 168 109 45 98 55 27 45 105 207 73 137 0 89 40 98 80 42 48 105 191 6 60 178 107 76 32 53 140 53 53 56 193 112 35 48 90 54 45 56 18 76 42 105 34 56 94 180 82 86 20 0 24 142 81 99 113 126 56 144 102 99 108 72 74 0 276 210 74 0 21 117 132 33 140 48 0 70 108 105 97 112 131 178 15 122 52 112 72 163 24 0 105 101 0 14 53 76 44 207 50 123 85 73 24 30 52 14 76 72 0 83 105 90 145 48 42 135 35 8 132 53 168 28 107 46 222 109 100 101 178 80 32 34 127 107 6 15 72 32 139 0 8 205 154 205 101 140 81 158 82 19 185 50 8 28 198 55 164 214 118 216 114 111 16 12 184 95 123 38 78 21 114 73 68 45 71 87 111 14 0 9 9 30 96 127 137 35 86 53 61 98 94 54 96 38 28 165 56 18 106 121 14 45 45 110 20 45 49 183 60 100 44 42 74 104 185 14 117 97 28 66 52 5 98 118 146 101 12 89 46 81 75
88 0 24 27 18 145 174 46 28 16 66 123 42 12 100 28 57 46 32 136 26 0 63 0 67 28 24 98 67 92 0 0 57 90 72 36 24 0 11 157 10 68 44 101 66 5 56 42 81 54 57 82 84 0 92 40 32 6 108 24 72 53 78 100 129 6 37 153 26 129 156 78 46 80 74 48 8 18 6 33 24 15 90 25 14 97 26 109 112 84 34 4 24 59 25 60 72 34 52 89 47 48 12 52 12 32 110 35 18 50 204 49 92 74 14 39 70 76 128 97 0 68 101 30 82 4 0 56 74 154 93 16 63 45 63 216 40 97 42 32 56 80 0 36 35 32 70 38 80 65 30 21 132 38 79 71 66 40 113 9 10 185 6 51 31 29 39 54 61 33 73 46 17 40 0 37 0 7 34 68 147 13 20 70 150 47 53 70 86 100 93 27 88 34 109 69 16 66 62 76 38 31 78 31 0 0 50 92 121 131 24 3 40 33 76 87 35 12 35 81 32 32 50 24 8 76 3 94 59 52 0 70 53 64 70 76 63 36 32 62 3 111 30 30 59 2 124 92 21 117 48 50 96 54 110 15
125 0 53 52 74 167 39 12 65 36 81 8 68 84 79 46 45 17 64 79 0 20 40 33 77 9 57 62 40 19 0 15 109 8 127 48 72 112 98 48 45 93 52 12 28 106 50 61 62 21 75 64 27 99 12 8 54 0 69 91 34 16 91 46 187 157 48 63 40 43 83 52 4 27 106 28 56 46 126 76 63 6 42 21 88 12 76 0 50 5 0 112 21 0 30 93 0 118 24 74 100 27 109 73 24 32 80 18 14 9 81 30 38 0 35 165 101 136 8 26 80 47 12 18 20 120 0 0 119 32 60 9 45 112 24 72 0 51 20 76 78 148 0 42 56 8 63 67 66 92 166 80 56 58 0 54 0 48 64 84 30 63 74 24 113 36 42 0 36 32 52 99 126 60 57 33 80 32 32 0 30 0 46 171 33 15 40 0 47 32 16 40 39 122 71 27 18 56 63 18 49 32 6 2 14 45 0 4 54 35 64 25 100 84 6 0 48 0 3 59 40 40 0 123 57 18 0 0 30 102 18 57 36 179 89 193 75 38 98 52 0 100 0 222 107 8 91 20 6 0 37 9 17 37 67 41
50 0 12 46 55 38 20 4 98 56 27 18 44 42 8 0 56 8 98 134 16 6 93 12 90 0 20 54 12 0 32 19 14 101 34 15 57 4 19 42 40 0 19 18 68 17 65 20 92 16 140 53 12 93 18 0 57 98 10 6 86 21 5 4 217 16 0 96 11 18 39 20 18 0 108 43 17 38 47 11 0 60 26 27 24 28 72 69 9 94 147 0 3 59 24 144 5 31 0 34 153 15 102 16 19 12 13 0 80 0 10 8 40 0 0 13 39 47 42 65 32 126 34 56 74 6 20 51 31 4 5 27 32 62 41 12 24 24 57 0 94 4 12 58 19 25 25 25 15 30 4 101 56 0 0 56 16 16 0 20 30 83 43 12 30 24 28 14 0 36 15 31 47 18 66 112 16 2 6 84 20 48 28 108 12 46 0 13 14 28 28 83 0 15 0 63 32 15 0 56 60 10 10 10 6 33 18 40 0 33 113 109 30 60 75 38 18 29 11 39 57 40 0 48 78 0 70 6 87 50 102 101 58 0 90 22 120 0 99 56 0 0 53 5 83 4 47 94 112 57 0 12 3 34 0 0
97 25 0 58 117 8 44 0 50 142 36 72 19 84 20 110 149 4 90 142 34 0 45 106 63 9 25 35 261 6 0 6 42 55 49 0 24 97 58 66 32 69 0 77 8 6 70 12 76 12 115 14 54 24 18 30 82 4 33 55 112 36 75 59 70 24 76 63 26 0 106 58 56 18 120 14 16 81 0 96 6 35 56 0 57 31 81 125 48 12 54 53 14 60 0 64 0 80 3 20 35 58 40 41 43 72 0 63 40 43 146 20 0 35 0 105 102 110 20 48 48 40 18 12 110 72 113 42 102 36 62 36 24 64 44 36 26 86 27 39 161 12 40 35 48 28 20 115 37 24 80 106 54 86 35 22 9 119 28 2 105 104 107 18 45 54 73 0 33 60 5 151 44 32 64 38 20 30 36 44 89 18 30 147 15 83 90 39 0 48 107 28 18 153 10 49 84 107 16 48 36 15 69 61 10 20 20 117 0 16 62 2 196 117 0 55 87 0 39 57 132 0 84 50 62 50 27 33 42 50 0 72 81 90 0 0 0 0 10 53 33 54 66 35 214 0 87 0 126 87 77 42 6 64 20 71
90 107 53 43 83 93 5 35 87 36 40 36 0 6 38 38 22 12 135 34 84 102 44 6 76 48 93 25 35 76 12 18 82 81 111 42 3 6 103 2 0 24 0 93 64 120 126 96 127 31 108 18 78 51 38 48 87 10 97 71 29 22 20 35 57 69 140 56 111 20 4 150 100 20 30 14 44 20 76 83 75 29 35 14 118 141 33 226 95 72 4 45 121 27 15 122 35 124 0 45 120 87 56 35 7 67 26 113 44 82 172 91 40 34 14 14 32 191 62 94 144 54 9 45 73 50 0 32 21 0 0 48 79 0 54 142 35 41 125 0 127 14 52 79 111 104 10 50 5 81 105 4 47 111 167 141 84 45 25 53 96 65 0 45 21 32 0 0 64 5 33 7 52 83 110 21 18 39 1 4 39 88 8 79 60 61 31 16 0 106 62 5 42 107 97 119 0 98 81 63 74 55 48 0 149 32 104 48 87 16 22 115 99 24 35 134 60 46 84 6 28 119 0 74 4 126 0 73 47 100 42 56 105 18 30 16 146 166 22 38 69 7 38 59 2 146 33 140 83 90 40 56 87 104 21 8
161 32 9 25 81 131 35 35 63 88 81 21 25 75 45 0 68 0 87 53 102 25 77 36 73 3 84 0 75 96 11 44 155 15 31 76 24 116 59 14 200 89 0 45 155 33 26 46 16 39 38 68 88 77 0 89 104 42 94 23 58 8 36 74 7 0 0 40 65 31 51 96 30 92 120 87 4 156 10 81 0 80 43 24 4 71 12 40 23 44 48 48 72 18 68 44 19 48 21 98 96 28 168 63 84 35 83 72 55 0 40 116 30 36 42 36 42 102 16 167 81 7 68 41 129 63 15 0 100 24 50 0 52 6 78 99 99 57 118 70 32 131 51 117 17 133 50 30 12 93 24 16 119 0 27 20 30 48 29 49 54 0 30 45 0 90 6 95 91 26 12 42 89 62 42 21 4 80 26 0 83 67 2 28 134 45 12 54 78 0 81 106 32 39 63 9 4 196 12 89 41 66 0 43 18 4 0 109 109 85 12 12 40 12 88 15 40 6 7 12 0 12 0 2 100 0 5 146 15 79 40 41 106 90 0 84 91 63 93 28 48 40 52 138 27 32 122 79 60 67 82 0 87 94 0 68
0 0 28 25 40 0 71 99 102 197 0 0 58 27 74 63 36 18 95 30 72 133 95 39 26 14 37 58 45 62 0 45 94 100 9 48 106 16 87 42 22 14 8 10 0 33 75 98 99 9 16 104 72 40 19 24 32 2 54 68 68 71 119 45 53 65 73 22 0 0 80 21 71 0 141 8 108 27 43 81 15 0 121 96 69 162 60 135 81 46 50 66 0 30 105 70 45 87 36 15 114 18 14 54 109 9 16 27 3 18 75 35 38 99 36 93 45 170 122 98 45 18 101 46 34 0 0 0 0 119 142 36 11 5 106 72 83 6 0 62 110 27 48 0 15 88 6 50 0 78 59 42 122 115 144 56 10 109 0 39 81 32 0 84 27 152 66 45 160 38 52 67 48 29 174 126 34 19 18 0 90 96 21 30 50 31 30 98 74 151 60 114 8 37 6 24 54 166 0 48 33 88 108 41 39 0 79 89 166 15 39 35 128 104 66 15 22 6 0 0 18 0 72 179 136 0 0 219 36 0 108 90 80 32 16 82 66 9 15 66 6 57 23 51 92 142 9 162 7 126 0 35 0 27 42 48
99 80 70 0 16 0 48 23 151 35 0 76 20 69 32 0 0 25 15 83 93 94 24 32 27 103 9 30 84 20 0 0 65 40 42 0 0 0 117 29 40 63 0 189 54 11 89 0 18 40 64 106 18 40 162 0 63 0 0 89 96 64 9 0 53 45 4 105 28 93 25 103 56 0 45 49 47 16 0 36 117 14 10 65 5 56 82 44 16 72 114 64 75 20 40 0 8 132 84 27 159 5 6 0 108 4 45 62 54 71 84 88 29 2 0 91 0 107 12 35 121 53 13 143 158 104 135 0 117 154 65 83 129 91 6 126 40 40 41 0 0 72 0 1 9 48 72 0 121 173 72 0 51 43 0 55 28 45 0 35 0 6 113 0 37 63 0 127 25 63 45 56 45 33 45 79 20 116 6 7 10 24 20 4 81 24 8 65 57 104 123 153 89 45 42 85 90 49 0 0 0 69 20 0 81 0 0 9 100 0 90 0 3 7 40 81 8 0 0 81 82 37 56 60 12 62 60 30 9 80 24 106 7 76 90 229 74 15 9 0 106 12 6 81 0 81 36 7 65 0 13 0 24 12 58 99
35 172 57 117 103 36 164 45 55 212 84 72 24 111 136 22 27 42 14 10 0 116 99 110 116 207 39 57 161 184 57 21 100 77 27 114 106 45 81 123 112 108 54 191 74 60 0 120 54 30 93 0 126 73 87 35 78 86 0 9 56 8 98 162 35 126 9 81 43 0 67 97 144 57 56 75 46 42 10 78 3 7 12 0 28 6 9 64 133 77 65 105 24 146 138 79 4 107 7 128 31 89 175 11 53 69 53 76 1 7 157 80 71 29 0 0 28 122 0 95 63 114 28 21 180 172 75 60 70 47 50 168 66 131 95 162 76 66 0 121 55 20 44 51 36 141 34 72 101 68 30 13 206 92 54 25 166 71 0 112 69 100 60 8 54 72 0 27 12 54 59 89 72 0 28 98 45 116 69 105 154 113 0 164 104 129 27 155 18 25 211 72 40 15 4 60 105 114 20 39 136 102 30 260 0 0 82 20 96 98 40 6 110 12 71 88 53 63 78 7 5 92 291 110 128 45 22 50 45 96 177 45 96 40 135 108 78 54 56 0 12 111 3 54 40 42 40 55 201 170 40 19 139 117 63 171
10 24 20 34 51 74 107 0 77 74 69 47 44 6 193 108 16 18 176 16 4 36 73 88 151 71 12 35 178 106 0 30 118 90 68 0 54 0 28 159 6 135 56 0 50 9 68 9 27 81 110 0 18 75 57 57 80 16 82 4 174 90 4 66 48 63 124 70 0 64 126 80 21 78 41 68 61 48 66 63 12 9 83 57 2 47 78 72 128 131 87 52 8 95 0 80 39 55 26 132 92 77 42 87 15 0 0 33 38 126 90 30 63 15 58 28 18 0 42 117 36 84 121 0 44 21 84 98 83 117 58 36 43 54 79 24 102 86 0 48 81 48 15 83 0 66 38 42 115 89 0 69 14 10 0 99 63 59 0 47 15 158 0 36 7 42 59 95 107 0 97 98 188 12 68 0 12 16 59 55 48 9 49 27 4 30 115 89 71 34 155 8 45 71 18 72 9 107 18 72 52 81 60 67 27 18 74 168 63 135 14 0 56 66 128 38 18 25 55 62 10 33 56 33 73 0 30 54 30 111 0 22 76 30 14 18 0 27 72 148 25 84 0 7 74 6 102 42 12 41 30 29 23 54 42 7
38 57 40 104 82 75 68 3 56 76 96 87 40 80 176 57 68 192 138 105 64 102 134 199 158 133 49 35 156 20 18 82 111 193 22 112 29 45 143 71 15 40 50 54 168 13 84 135 35 19 189 167 60 56 54 2 248 24 46 95 106 118 168 99 252 129 22 128 144 57 58 89 121 68 47 73 77 28 98 200 55 76 88 64 30 122 168 72 84 186 148 174 124 71 117 84 62 112 69 22 239 176 187 229 28 259 104 70 56 92 156 83 57 48 0 32 151 341 6 87 294 88 117 91 53 28 113 61 99 38 168 111 1 68 101 99 80 70 72 28 126 28 20 57 30 78 46 56 38 107 21 136 123 75 73 104 169 146 107 112 27 42 81 87 0 0 38 42 62 20 75 81 50 32 162 168 102 201 17 84 110 27 84 145 30 72 25 61 36 293 68 138 124 202 161 152 105 99 57 95 102 68 80 58 65 103 85 66 151 70 77 113 81 86 43 48 57 187 40 6 36 172 72 57 205 74 50 120 27 78 15 57 102 188 128 88 143 72 230 62 12 99 71 122 77 128 35 68 151 57 66 64 49 54 58 143
67 175 82 48 79 99 123 63 0 143 126 120 39 191 88 143 0 30 56 185 46 69 143 105 59 63 84 87 79 89 106 65 137 16 85 141 32 24 35 0 107 145 98 222 111 92 44 167 66 16 72 32 64 67 15 32 159 0 15 63 141 87 98 119 32 0 53 104 20 36 89 129 60 21 24 25 72 56 54 145 105 20 66 52 128 39 100 70 24 23 20 17 74 119 98 35 24 122 3 72 8 6 86 46 97 134 87 0 55 0 49 91 69 85 35 128 42 265 0 121 75 21 0 60 200 139 24 45 110 160 45 57 58 123 176 24 117 85 4 76 92 102 0 0 64 109 36 92 28 39 25 60 130 63 92 19 113 61 114 92 20 56 21 59 54 57 54 83 141 25 79 0 0 77 126 4 91 0 0 120 63 77 101 92 85 207 84 92 49 146 114 41 94 101 70 86 20 112 48 74 30 86 44 198 44 72 94 29 175 140 36 118 149 43 35 157 120 115 100 0 64 198 77 127 168 120 23 12 24 90 72 48 185 83 47 90 127 125 55 162 40 81 85 146 135 107 39 11 131 140 12 20 54 82 10 45
64 0 0 61 0 124 95 0 74 136 14 69 92 48 65 50 24 0 75 32 48 56 12 111 78 0 146 30 114 24 63 0 24 37 0 0 0 27 0 0 63 0 0 88 106 2 35 42 0 27 24 1 0 130 0 36 85 0 0 36 72 36 35 101 8 64 31 32 29 23 107 60 35 0 27 0 0 42 16 34 33 12 180 8 27 54 72 0 24 2 0 0 27 0 42 38 0 38 0 45 42 0 35 1 42 72 27 44 5 64 53 45 62 45 7 0 18 75 5 155 111 0 11 0 99 29 0 16 78 22 0 32 93 0 79 16 10 9 0 18 64 64 12 42 81 34 0 0 56 152 118 0 34 16 0 26 164 45 40 121 74 78 45 36 0 96 45 14 17 21 0 30 73 0 44 40 56 0 6 0 64 58 0 8 40 27 36 49 2 95 60 24 36 45 41 8 7 28 0 32 0 30 0 81 60 7 23 36 63 32 62 0 70 27 49 36 63 10 25 20 39 99 0 80 58 81 49 1 0 39 0 18 54 6 14 84 108 0 0 14 0 2 46 45 0 30 4 0 70 92 18 0 0 13 9 0
53 33 46 73 107 2 86 61 51 80 21 91 28 27 93 51 104 6 114 99 112 145 29 126 102 75 11 105 57 30 12 48 166 2 36 116 84 103 88 124 36 0 40 0 89 36 0 213 56 0 24 143 40 0 90 17 179 8 16 12 29 31 74 1 101 111 8 170 6 33 237 102 6 63 9 48 36 61 85 48 0 47 110 32 10 67 34 32 64 75 170 44 10 196 173 44 0 102 35 74 1 141 72 84 52 97 30 63 90 13 88 172 67 90 0 82 42 146 0 0 48 92 122 15 36 9 44 41 102 0 4 75 107 43 0 144 45 14 30 60 221 38 30 51 6 7 22 102 35 73 0 99 66 73 17 24 0 99 0 18 45 98 25 81 30 1 0 35 69 3 0 232 40 84 5 168 11 65 2 32 125 135 81 273 71 108 140 19 70 117 120 145 8 37 60 225 81 39 16 135 160 77 52 58 29 0 38 71 53 147 18 9 5 48 114 95 123 60 253 64 31 49 0 197 74 0 45 8 59 149 177 49 59 88 53 81 12 72 96 158 0 0 9 68 135 70 46 59 12 162 33 115 75 62 48 42
19 7 24 1 90 29 40 0 60 48 0 12 21 6 163 2 22 5 32 54 67 114 87 81 92 0 146 15 124 68 0 0 99 49 52 65 3 94 110 19 35 58 87 68 0 21 7 77 0 4 24 25 104 83 36 75 0 56 36 38 17 0 0 20 22 59 27 24 97 89 82 0 46 0 45 0 89 56 21 41 40 45 6 57 12 0 6 28 104 18 32 41 6 81 7 1 18 6 30 54 42 48 91 0 49 3 18 31 36 7 10 62 40 0 0 96 21 48 91 57 3 30 11 3 68 0 114 63 0 122 7 15 87 24 84 180 24 26 96 32 22 64 12 27 23 42 35 14 52 8 43 70 129 66 88 0 47 8 42 35 9 117 74 54 8 9 55 8 54 112 36 67 92 36 54 0 28 57 3 58 34 126 53 18 62 43 0 49 0 14 12 50 5 36 8 33 45 39 81 44 72 84 18 56 28 0 0 0 81 80 32 21 21 43 9 22 0 36 30 9 15 86 16 186 0 0 72 2 97 0 36 68 6 61 33 102 18 6 109 43 6 59 25 11 0 24 83 0 3 9 0 53 26 84 11 35
112 14 109 84 75 74 37 0 74 128 107 114 18 4 163 0 86 19 65 156 101 48 76 93 60 6 10 148 124 55 42 0 28 51 39 117 96 0 163 131 124 41 12 65 31 72 74 82 118 0 31 88 89 85 44 0 188 97 36 81 173 45 78 103 63 66 0 164 84 25 80 31 69 72 89 91 36 81 18 88 72 56 55 71 9 54 131 16 96 15 99 0 62 28 189 48 46 8 12 88 69 42 96 144 42 0 65 12 101 15 95 107 80 32 63 247 186 252 0 129 63 0 120 59 0 32 60 0 32 170 230 25 148 30 54 115 224 21 20 82 148 135 56 36 16 124 71 42 18 80 114 36 168 50 35 4 86 0 48 138 76 56 45 83 42 81 31 122 36 74 54 0 120 3 68 64 0 90 25 49 163 66 46 50 165 59 32 94 65 32 41 40 35 39 166 132 60 139 0 4 178 26 64 149 36 54 151 87 58 18 81 79 54 93 24 164 12 165 179 60 48 159 119 18 18 36 34 56 24 28 100 191 16 41 19 89 66 54 0 42 4 66 65 120 85 80 55 87 115 120 0 68 72 0 0 69
55 8 107 69 22 24 70 5 41 97 87 59 20 0 148 0 26 43 33 25 22 0 97 105 88 96 0 54 27 81 0 58 97 43 96 60 123 0 182 22 80 26 35 63 59 42 124 9 43 0 38 3 119 20 59 62 71 4 13 44 12 18 107 40 85 140 3 24 43 22 0 111 2 65 36 70 104 0 0 138 66 82 29 39 81 38 51 30 98 105 81 104 28 12 90 57 25 84 46 109 80 66 16 33 39 81 117 67 9 106 76 55 50 0 28 89 69 82 45 32 9 29 1 18 185 97 0 0 11 67 40 30 25 0 71 54 37 80 20 38 0 150 73 131 0 166 0 94 90 78 198 48 44 73 46 5 72 20 9 77 5 51 147 53 0 15 30 83 26 0 0 35 53 12 57 0 28 96 71 92 96 32 46 40 141 44 46 1 4 0 21 13 41 36 109 45 48 30 0 48 20 0 97 94 40 64 0 40 79 27 36 23 171 12 12 0 51 99 130 42 19 56 102 0 90 18 30 0 122 118 7 36 61 64 0 0 40 0 45 16 48 37 33 22 34 5 127 40 31 0 12 36 5 128 32 66
63 80 32 52 51 101 135 36 36 288 132 15 65 116 140 107 109 91 35 104 35 20 61 20 105 97 79 62 88 77 275 88 246 109 192 206 20 141 100 103 151 21 36 211 8 89 64 60 117 3 196 50 18 61 111 122 109 24 82 107 147 29 34 25 133 151 63 72 94 43 82 80 7 17 72 24 115 71 37 96 46 106 83 54 44 31 112 114 117 31 44 82 0 59 54 87 48 136 1 116 37 10 131 53 35 48 44 0 7 38 175 148 91 24 0 103 32 196 3 84 36 95 97 95 112 42 96 9 43 8 189 51 61 80 119 108 111 116 57 40 41 60 8 136 75 144 80 148 85 14 14 112 60 120 26 135 161 48 76 113 32 73 3 29 26 5 70 51 186 96 35 53 124 12 49 87 123 68 115 215 193 108 110 196 136 35 68 15 22 163 120 81 43 99 27 81 19 120 30 53 19 1 45 116 29 47 14 154 50 81 62 72 249 125 88 88 144 49 5 14 117 17 181 120 188 89 134 56 103 9 94 107 65 85 30 88 16 51 119 83 53 82 119 99 56 13 45 25 173 73 83 67 62 97 66 111
85 96 9 17 65 95 131 5 24 82 12 12 21 16 37 0 25 18 83 94 24 0 4 20 96 27 66 40 112 21 18 0 183 18 48 50 36 93 25 42 53 18 0 60 50 24 16 0 20 0 90 6 0 85 0 22 52 14 80 43 64 6 16 136 30 21 45 60 40 12 90 189 102 94 80 23 79 28 6 64 0 19 67 17 61 45 18 76 68 78 24 40 72 57 56 76 14 24 69 38 79 20 67 31 0 14 27 18 2 15 59 9 36 30 54 125 12 141 12 71 109 49 116 105 12 75 18 36 166 54 4 4 31 0 54 126 6 62 73 0 38 56 51 28 3 40 24 83 33 30 33 49 45 39 35 3 76 64 47 111 108 123 4 9 0 30 30 15 69 0 89 48 67 60 3 57 0 24 24 0 63 65 0 137 53 14 42 22 20 18 103 35 94 116 32 2 15 112 9 28 16 45 42 21 15 0 0 57 73 150 63 21 86 55 0 36 120 0 54 52 16 75 0 45 54 15 72 0 24 27 20 6 76 40 0 151 57 14 25 91 119 87 46 0 48 28 58 51 110 70 35 6 32 37 28 0
77 0 31 72 40 7 40 21 45 20 76 6 28 6 179 0 6 0 74 16 30 58 96 84 157 8 0 0 40 58 28 26 94 30 54 50 27 93 69 14 41 60 77 87 48 69 0 126 22 18 28 41 76 88 53 35 45 24 100 2 85 81 0 0 0 65 0 82 17 9 103 44 23 8 39 48 15 2 65 6 48 21 0 38 0 10 56 66 72 62 72 59 45 162 0 36 44 24 15 39 97 58 39 6 9 11 61 14 47 24 3 23 44 0 74 6 21 68 55 42 0 6 32 21 138 4 49 94 59 0 21 8 81 34 21 199 72 0 0 14 128 55 0 55 6 24 20 6 56 24 0 32 72 0 36 10 0 24 16 51 16 142 81 50 0 3 57 75 21 9 15 41 96 0 50 27 0 36 13 21 9 47 48 16 3 9 64 0 21 10 86 3 10 12 34 72 0 0 4 68 15 15 18 0 22 44 52 115 36 70 0 27 88 0 16 20 20 32 88 98 57 28 4 52 28 0 20 32 47 14 44 9 0 4 7 121 18 34 51 42 0 20 0 37 71 0 77 19 0 34 6 14 13 96 0 39
25 33 48 60 0 16 166 77 0 78 146 88 128 104 221 127 12 102 32 74 75 157 2 169 199 49 20 66 116 59 116 63 92 140 84 122 43 63 84 21 50 52 81 126 95 70 76 78 3 18 36 41 0 75 72 178 213 26 126 109 81 47 147 52 45 71 80 276 89 32 60 17 130 183 0 53 89 44 18 322 27 0 8 81 94 96 62 176 0 66 33 14 27 20 68 89 66 190 29 129 0 57 98 113 82 169 33 141 51 84 127 92 97 108 0 113 139 139 35 99 47 145 14 16 133 15 99 40 8 103 54 87 73 147 198 4 64 24 70 15 72 28 65 89 128 99 20 123 35 12 42 54 205 108 86 32 182 108 28 295 40 132 88 68 14 142 56 78 217 18 105 35 135 18 162 12 72 100 0 68 10 98 79 60 27 132 60 116 12 58 143 106 67 72 83 48 35 181 138 106 62 58 34 146 73 114 146 35 213 18 87 36 190 159 44 45 118 107 52 45 27 153 141 157 112 54 35 179 59 139 25 116 79 114 81 186 133 38 58 123 117 103 0 84 48 72 124 36 25 141 63 109 0 77 50 0
25 79 18 0 30 93 26 0 157 30 71 23 42 41 160 0 0 41 9 29 26 28 14 100 60 18 30 22 27 17 43 40 71 74 155 148 0 66 5 27 18 27 46 56 71 10 52 116 36 27 0 0 75 49 21 6 86 20 32 90 146 72 12 77 84 130 30 81 32 18 94 88 7 64 0 16 95 36 78 98 86 20 30 69 36 129 53 22 83 0 1 108 33 0 72 65 29 38 17 81 44 23 126 88 5 20 0 0 22 119 134 113 49 7 6 70 108 128 10 61 36 18 18 56 14 64 44 0 34 52 49 12 51 80 19 79 50 24 0 24 78 191 3 22 0 29 8 56 30 90 38 0 124 40 72 39 0 7 65 176 9 6 0 17 14 4 46 16 95 71 95 49 148 4 0 48 77 74 39 0 5 40 12 21 106 2 34 24 83 57 66 102 58 76 62 0 24 74 147 87 24 15 8 47 40 84 54 43 99 28 155 51 65 134 84 28 0 33 0 12 16 3 54 72 44 20 0 54 67 53 27 15 70 159 25 71 35 9 72 49 53 50 32 90 8 0 32 0 6 39 50 64 26 12 7 129
8 16 44 114 89 117 196 0 98 45 0 22 40 20 36 102 51 94 85 24 36 56 103 71 49 0 98 64 123 66 78 38 78 122 78 56 57 18 39 81 99 12 0 28 44 3 54 114 58 0 79 42 45 51 32 63 48 81 32 84 91 93 35 46 92 143 109 45 10 45 98 30 0 35 104 11 97 152 75 70 12 41 151 141 20 26 84 94 84 84 48 145 42 28 20 195 50 28 8 63 66 119 68 7 66 27 29 35 6 58 85 119 24 5 4 16 63 81 28 158 42 0 0 59 117 27 18 0 74 155 158 0 103 14 157 73 11 40 12 74 76 100 6 77 40 103 25 109 24 0 82 104 99 36 66 10 106 40 22 80 33 62 64 9 0 64 54 168 16 105 15 31 90 61 167 24 80 77 48 19 72 144 37 0 43 35 30 115 71 89 13 28 64 21 24 21 38 99 48 0 103 84 114 10 6 13 42 83 90 5 63 42 119 156 80 74 60 68 16 0 44 27 103 12 208 57 131 179 144 71 0 22 45 43 31 21 18 14 56 30 52 0 68 103 142 29 58 21 44 1 0 30 8 39 71 80
29 41 52 15 33 20 32 41 28 71 32 44 0 40 203 22 26 27 24 75 40 56 94 65 152 5 121 41 69 39 0 61 125 38 7 30 7 32 79 79 27 45 70 56 8 69 56 22 96 96 89 41 164 28 18 93 2 78 130 138 94 63 92 58 153 81 25 29 44 6 49 126 65 0 34 55 64 32 21 90 9 41 62 12 54 93 56 63 122 0 32 16 41 52 30 5 15 25 44 40 113 70 85 23 9 3 36 46 45 35 158 98 94 23 28 22 0 47 70 19 41 58 6 43 127 66 14 0 77 191 153 62 94 37 36 178 95 56 15 2 55 38 40 74 34 74 117 25 52 75 119 53 72 18 113 25 159 14 141 115 102 14 104 76 21 22 32 72 28 90 34 8 41 121 76 7 21 45 25 80 37 72 137 181 43 0 42 15 45 105 55 2 34 81 70 278 20 51 110 0 118 79 56 156 22 100 18 101 103 46 0 24 135 91 18 6 0 127 60 20 8 69 89 38 14 66 72 54 144 107 3 49 18 91 37 24 89 61 44 88 61 77 32 74 0 67 124 119 104 8 56 65 80 87 56 14
42 88 143 42 20 126 27 75 137 104 108 71 45 146 62 45 0 68 142 54 72 108 98 60 198 20 37 99 149 95 0 36 160 76 141 100 50 40 135 113 10 0 69 78 108 165 146 2 103 0 82 0 30 28 161 168 135 0 16 101 57 166 97 40 174 137 57 3 0 158 6 139 119 0 184 64 48 153 42 166 39 63 16 75 95 42 50 75 17 140 60 16 71 64 90 25 39 162 14 107 0 61 82 175 85 54 54 8 18 21 79 78 99 24 59 94 82 107 64 85 85 24 165 24 51 61 39 126 64 68 78 20 118 11 143 48 78 73 108 18 72 77 139 142 91 68 44 84 41 179 9 15 121 16 122 6 40 111 16 0 64 80 0 10 5 46 88 108 90 69 129 102 36 94 70 117 49 24 122 82 54 103 54 123 166 39 8 120 126 68 9 84 18 99 72 24 27 131 41 63 81 85 78 192 71 35 36 42 194 94 141 3 53 50 61 168 157 90 0 37 15 156 117 82 0 6 50 195 76 130 66 94 158 128 42 0 86 22 71 112 0 125 118 50 29 18 22 91 5 113 55 123 51 71 33 12
0 63 3 69 54 87 55 60 96 22 45 55 21 99 43 66 0 101 128 40 20 102 158 15 15 72 52 35 84 69 25 21 51 147 185 88 32 6 83 36 51 96 68 55 89 18 104 92 86 114 41 93 100 126 40 2 72 6 56 85 0 48 79 57 115 56 24 0 104 25 201 9 88 0 8 12 60 0 27 35 86 47 160 28 88 63 87 109 0 15 96 135 24 44 63 77 24 125 27 69 64 111 25 6 3 0 14 0 112 93 145 27 27 23 22 78 30 64 89 30 120 0 24 28 12 0 48 9 60 32 9 77 21 20 43 96 21 0 4 0 18 48 40 50 80 73 35 74 0 80 50 18 68 61 96 101 25 69 35 50 24 24 9 65 35 0 107 109 79 3 118 43 129 0 33 102 119 5 36 10 109 48 91 68 21 77 88 54 48 190 80 118 81 49 84 18 90 64 60 12 34 9 22 63 130 6 26 36 20 26 131 121 56 96 102 56 10 51 38 19 42 16 30 66 24 90 30 60 40 36 24 36 108 43 54 32 0 85 83 28 35 28 10 57 26 105 48 72 39 106 93 124 8 0 90 0
146 15 37 57 48 156 80 33 120 136 47 65 75 0 56 79 33 139 131 17 79 48 149 62 147 99 18 74 52 121 54 162 41 42 139 80 75 33 27 43 74 33 63 95 111 94 112 150 119 14 124 11 6 40 139 53 128 0 6 103 24 88 126 6 39 119 91 161 17 28 105 61 24 33 137 174 53 14 134 84 35 100 56 79 139 26 0 145 27 96 106 24 6 107 0 49 97 111 12 68 41 133 65 4 63 8 91 49 54 73 64 36 78 0 0 54 42 103 54 156 106 58 116 54 144 0 0 62 38 75 64 2 118 42 97 48 47 59 62 123 169 38 64 80 91 48 49 24 40 81 48 84 37 94 92 60 30 63 56 45 135 122 60 45 12 114 42 180 57 0 71 57 0 53 188 84 16 81 44 111 105 122 4 140 113 75 22 150 134 46 52 70 64 73 50 86 84 115 18 64 90 51 167 130 0 14 24 182 122 38 76 21 88 112 95 44 45 40 28 61 9 86 138 118 184 42 30 172 75 71 45 35 54 92 36 77 87 78 59 126 0 123 8 60 147 54 99 120 18 72 37 80 55 60 73 81
109 121 48 67 116 156 89 0 121 30 96 93 68 61 53 6 49 0 91 133 121 20 2 107 73 78 126 102 135 137 89 70 111 31 20 13 35 71 60 52 127 12 27 103 94 0 66 125 126 10 33 0 82 56 0 106 74 77 0 159 119 90 0 58 35 41 23 48 32 52 44 123 45 43 139 54 8 72 77 193 54 17 60 0 30 46 18 84 32 94 35 44 18 10 7 123 38 138 13 99 95 63 23 18 107 34 35 74 32 122 198 0 63 0 64 187 28 34 31 62 113 11 35 93 121 15 68 71 262 26 188 48 54 68 69 108 10 76 0 57 55 90 65 96 57 130 72 56 107 219 128 106 48 51 60 25 61 53 110 140 84 48 32 42 16 74 45 13 0 9 51 97 270 0 0 78 24 0 10 154 73 48 130 58 89 49 6 95 7 144 76 133 0 15 62 210 136 27 56 64 20 39 40 99 123 138 0 82 50 61 118 84 44 115 115 107 45 65 90 20 200 27 41 29 69 35 0 16 70 87 21 104 44 87 105 123 82 12 32 60 20 84 121 97 161 20 20 4 146 113 12 87 29 60 16 69
27 99 83 86 21 24 15 3 61 104 48 16 10 30 117 0 21 0 25 87 1 72 32 27 62 62 6 0 63 66 0 37 0 0 36 0 36 52 63 24 66 18 21 0 119 59 0 149 91 47 127 23 39 25 57 27 24 48 5 55 0 84 24 0 44 88 171 24 49 27 26 47 0 54 0 7 48 48 9 100 56 0 12 25 98 42 0 200 16 161 22 32 78 3 91 48 102 49 24 25 70 114 48 0 26 76 3 130 7 159 211 89 30 0 4 30 2 56 24 24 54 70 64 77 45 7 0 49 18 136 127 56 13 27 66 0 81 56 84 39 36 2 20 112 61 38 107 91 0 57 83 91 10 110 159 53 121 0 100 69 74 36 75 62 94 0 30 55 0 0 35 48 54 12 119 24 0 80 15 0 6 20 0 98 36 7 14 0 2 35 71 3 64 74 118 54 16 95 156 95 127 0 123 65 56 74 95 96 54 70 44 0 4 0 0 133 30 54 64 50 45 90 59 130 56 66 54 117 56 53 66 25 69 85 43 45 159 52 84 24 58 7 94 27 19 54 43 2 54 80 7 18 37 0 0 28
184 81 76 45 96 60 61 0 32 116 146 85 14 91 52 81 85 55 30 95 100 144 115 32 107 35 50 145 21 80 112 81 87 89 143 107 54 43 55 4 183 65 93 156 27 77 114 124 95 51 86 88 130 115 8 80 76 42 60 119 45 45 71 92 72 112 4 51 144 25 46 36 116 83 59 98 0 55 52 207 36 113 75 40 66 10 47 48 16 29 3 3 53 64 27 21 67 80 0 67 108 16 72 33 64 70 71 104 72 40 30 81 35 0 0 134 75 159 64 69 142 23 33 151 43 21 41 38 22 51 90 42 68 48 130 52 42 126 16 99 115 92 52 62 109 185 0 50 91 119 48 61 51 41 73 14 54 74 65 44 45 14 67 195 18 45 50 115 36 34 58 6 84 55 59 36 79 43 22 91 154 24 116 130 130 134 25 127 108 75 93 75 12 55 96 29 78 106 88 51 0 60 64 75 88 25 76 53 42 50 66 53 34 150 37 82 2 90 74 8 100 98 105 60 69 52 2 108 6 80 60 19 93 81 160 124 84 75 121 50 15 41 129 102 132 86 66 90 165 178 89 99 39 113 26 55
38 68 18 0 0 61 12 0 99 52 36 71 19 34 12 3 34 30 30 68 30 0 94 0 31 33 13 48 60 18 54 62 61 38 99 34 0 0 18 39 81 3 49 23 64 91 43 40 36 30 18 28 40 14 16 85 0 28 0 47 87 38 7 49 28 53 0 95 4 36 10 2 1 0 78 44 15 118 54 83 0 27 14 30 35 0 28 0 24 32 6 0 20 70 64 45 9 4 0 17 82 15 31 31 28 15 67 32 28 0 21 4 12 0 0 80 0 36 32 63 12 33 54 18 37 0 9 0 54 4 27 6 62 4 1 48 2 72 12 92 50 40 17 35 75 92 4 0 10 34 32 11 22 0 29 5 0 33 54 0 74 87 0 21 0 62 30 16 16 21 45 12 22 32 38 54 20 76 4 0 35 0 0 74 54 15 12 22 12 3 94 0 85 4 20 0 20 42 0 38 29 12 12 9 3 7 13 82 61 35 70 107 31 6 28 114 0 25 0 54 28 12 50 25 79 9 0 53 6 18 14 91 10 8 3 71 32 8 10 7 6 100 44 42 60 12 38 88 6 36 76 24 71 40 16 28
18 99 0 12 45 10 118 2 83 153 32 87 41 167 30 99 42 117 140 116 50 0 46 104 90 18 78 110 76 34 54 10 127 96 64 20 0 54 30 39 66 56 19 32 0 105 93 49 64 0 25 40 93 119 128 0 88 0 25 37 142 48 112 0 108 81 42 105 0 32 110 71 28 0 41 93 24 43 0 104 29 49 147 83 18 32 117 40 87 12 93 72 62 93 0 88 53 66 45 22 43 64 31 15 15 36 108 14 0 0 36 0 23 9 0 99 46 141 54 70 54 63 70 9 72 37 0 75 0 34 81 0 100 85 125 117 78 54 77 0 0 60 88 136 66 69 0 128 72 160 106 0 72 67 0 63 90 0 0 114 2 90 135 0 11 26 0 97 44 58 35 0 82 117 108 0 48 0 62 42 155 102 36 15 96 18 58 52 128 81 0 0 12 46 147 6 26 0 52 40 21 37 31 0 27 51 42 40 102 63 39 77 165 59 86 5 48 64 0 0 39 3 189 59 90 63 90 79 25 85 0 69 22 0 40 5 48 45 43 85 45 107 61 121 0 48 53 45 9 79 134 18 72 86 117 107
12 99 0 42 11 148 120 32 0 109 0 57 49 166 0 126 10 46 89 149 0 20 78 91 15 99 37 24 112 67 81 28 44 58 42 40 69 48 57 105 27 59 13 50 72 25 53 0 36 22 126 2 60 88 22 28 28 72 58 18 0 5 27 77 43 140 46 97 73 13 22 12 57 117 73 21 72 123 53 40 0 28 27 0 83 4 92 0 0 107 125 77 24 48 88 123 19 2 3 62 83 39 0 30 2 27 99 38 16 0 60 1 68 0 0 12 8 0 0 12 63 87 0 66 205 74 12 96 85 24 0 56 25 59 117 9 64 18 74 26 0 8 43 81 21 136 72 113 29 36 33 27 49 2 4 61 42 0 19 36 21 152 44 21 0 36 16 27 46 39 121 12 18 89 66 153 77 108 0 12 77 45 6 121 36 80 27 60 2 52 54 75 40 15 9 51 92 27 36 40 64 84 30 27 20 27 73 0 0 55 127 95 91 33 22 35 56 99 65 0 52 71 78 9 87 36 29 6 33 97 48 185 54 58 125 0 154 54 54 4 147 55 88 85 77 36 30 2 198 28 0 0 27 0 60 0
109 102 57 12 154 47 108 51 27 231 34 6 94 43 128 131 41 60 57 229 59 0 139 40 111 84 62 83 97 56 97 103 187 83 68 144 60 159 50 72 185 46 88 61 48 183 110 192 105 0 65 117 73 145 73 54 104 84 66 18 23 92 68 32 17 64 56 16 88 6 45 116 84 41 106 27 0 123 55 256 57 69 120 14 116 60 84 164 50 5 103 44 18 33 117 76 37 117 19 193 21 139 67 12 84 19 39 28 28 28 12 210 58 57 24 201 16 184 16 12 84 46 109 52 110 51 0 45 52 115 34 0 113 25 255 38 322 49 62 64 175 30 140 164 95 117 27 74 0 128 145 149 123 67 86 49 102 0 52 129 49 61 90 23 4 147 111 96 111 63 129 28 39 78 60 65 74 135 36 82 221 97 35 52 77 45 130 25 86 66 0 32 24 119 20 72 14 77 57 177 102 85 115 115 28 2 12 148 119 80 106 116 144 85 80 102 94 60 47 19 68 35 219 45 64 54 14 81 97 69 34 141 198 105 76 37 52 114 92 77 56 41 49 141 70 95 87 30 30 149 126 34 70 62 17 158
62 36 18 25 45 151 166 56 96 117 66 26 48 67 51 80 26 78 58 111 12 35 116 98 28 15 59 90 168 22 87 53 31 72 97 81 0 7 10 35 108 0 70 112 32 33 115 120 107 24 70 6 36 0 0 90 64 0 4 18 90 40 49 22 27 0 25 56 95 32 32 37 59 110 42 69 24 149 35 244 125 70 65 68 66 9 114 78 0 63 20 53 66 15 19 14 50 98 4 0 21 27 78 44 40 47 0 54 42 16 83 105 124 53 25 41 0 134 48 98 9 4 38 12 176 48 26 0 92 81 40 0 68 30 103 42 98 12 0 67 82 65 20 51 2 16 49 47 38 6 14 91 78 49 27 47 56 47 12 84 67 69 32 107 36 0 6 14 43 21 4 9 13 34 126 41 99 51 0 31 0 10 36 219 82 99 72 59 10 122 96 60 69 48 78 58 80 38 38 15 8 5 80 50 105 39 46 26 8 175 48 57 128 20 50 37 30 25 100 2 8 87 40 29 177 12 97 39 42 52 0 41 42 49 127 121 41 36 34 114 19 18 63 83 5 10 34 0 46 42 16 70 3 35 10 21
35 72 23 24 12 63 2 21 36 100 63 121 50 0 92 2 49 95 18 77 36 16 58 43 41 0 57 72 40 6 122 83 43 81 148 54 81 76 30 0 62 8 56 138 81 44 63 50 80 12 173 87 0 74 0 36 89 82 54 64 86 6 44 20 71 117 0 56 107 22 6 16 27 52 64 6 8 0 10 100 39 78 0 145 14 6 38 8 44 12 14 25 9 28 0 109 0 0 105 91 20 91 46 5 58 29 49 0 0 35 69 79 9 15 8 68 14 99 4 63 12 16 74 28 6 12 55 10 69 80 63 54 83 110 42 51 66 38 28 34 68 48 0 40 55 30 56 43 63 39 49 35 42 12 28 62 46 0 72 112 99 2 63 70 56 16 64 35 18 28 50 12 31 44 44 101 106 15 0 0 97 37 10 123 48 64 56 56 14 0 104 186 84 18 58 36 15 92 35 42 49 0 0 26 50 66 40 54 57 68 7 83 20 40 32 72 6 6 104 12 28 141 37 56 68 25 0 21 14 18 56 12 84 30 91 131 89 141 97 14 117 26 66 44 86 37 50 34 137 21 71 74 42 45 15 34
86 109 72 76 24 99 57 33 122 63 19 40 58 36 52 36 39 38 0 149 34 0 16 8 92 42 81 80 74 66 0 58 7 18 134 46 0 0 16 44 16 9 0 70 119 67 32 39 89 34 134 77 16 96 91 12 112 89 57 16 99 34 84 119 207 102 8 46 16 39 119 40 69 15 26 2 68 21 0 56 96 101 76 25 7 135 66 257 32 14 72 17 162 63 50 40 28 24 0 8 68 30 103 53 56 131 54 62 72 0 144 104 61 54 0 68 102 64 4 173 137 69 35 77 70 0 8 148 42 0 28 15 96 88 100 153 28 44 181 0 40 128 54 102 14 24 82 72 18 0 59 0 71 40 0 73 124 0 107 82 0 30 107 0 43 26 44 81 72 29 35 42 8 8 22 45 59 4 12 98 76 153 83 64 107 93 20 20 88 140 21 71 32 83 16 22 6 14 181 57 84 5 61 53 32 85 0 54 143 28 111 136 81 62 86 0 99 36 56 14 17 92 0 6 15 48 62 0 116 197 30 40 88 181 88 81 71 16 77 86 9 0 62 50 77 0 61 127 10 118 63 0 0 87 35 59
81 35 10 54 15 58 2 9 60 7 59 63 28 99 45 23 10 30 41 93 44 0 134 0 29 6 8 18 16 21 18 25 97 72 8 16 51 63 15 48 0 51 106 30 73 30 0 43 46 0 28 0 20 15 63 0 50 0 32 42 72 7 4 2 69 40 35 0 0 54 167 10 10 3 132 52 103 32 22 6 6 38 14 37 46 124 48 47 8 38 157 26 43 0 0 0 0 36 0 92 7 57 88 63 78 44 122 14 74 22 119 59 115 0 40 21 72 18 0 36 27 41 35 7 98 24 102 87 12 81 20 60 15 46 99 39 72 145 131 0 40 32 6 35 3 28 26 56 125 104 0 47 6 75 111 0 36 24 36 0 107 21 0 15 28 0 63 87 3 60 126 87 14 0 18 66 0 42 9 63 97 92 153 22 63 13 64 115 27 62 0 37 36 10 8 47 0 114 32 24 80 49 0 9 12 37 110 72 35 44 84 0 106 0 189 78 18 0 8 25 59 17 11 93 32 18 45 159 3 0 40 104 54 12 33 41 22 77 80 20 4 81 20 59 61 6 45 63 61 20 52 36 75 13 0 18
6 48 116 78 91 110 31 0 60 139 112 70 22 6 8 32 65 41 29 18 56 35 12 54 47 22 24 42 54 8 42 74 19 69 125 63 32 131 40 76 23 0 103 96 45 0 72 28 129 48 72 45 49 122 98 18 171 0 41 49 14 36 2 0 108 83 25 17 46 42 82 84 31 9 11 42 24 3 0 174 58 92 42 43 27 28 24 48 30 104 1 48 82 18 45 59 12 45 35 99 3 46 83 73 70 7 55 44 9 75 75 69 81 22 28 150 18 50 30 55 37 31 38 6 64 103 66 45 70 88 45 20 20 50 54 28 26 8 51 15 90 107 42 136 21 106 4 121 16 121 140 47 80 44 0 32 16 92 18 126 47 62 41 72 0 0 15 45 46 41 20 72 32 1 50 17 32 20 46 113 29 4 52 183 118 17 63 2 45 54 66 72 12 77 72 60 5 44 87 13 20 44 63 83 99 107 0 30 47 7 18 35 136 63 16 52 73 72 64 48 24 32 8 62 109 53 30 51 54 43 76 53 46 88 8 114 20 63 18 30 80 39 41 66 84 34 58 46 18 72 86 100 95 14 18 90
25 84 75 11 21 45 127 73 37 134 24 51 44 26 112 80 54 23 31 32 74 95 0 81 4 103 158 67 109 163 121 7 301 64 94 77 0 7 112 124 188 119 59 96 136 15 80 132 53 6 80 14 18 171 21 79 28 21 24 100 110 134 67 42 33 134 5 52 4 148 97 166 91 16 107 16 226 47 44 177 18 11 45 130 80 33 144 205 89 165 16 48 199 129 42 66 101 36 49 124 35 118 64 33 39 171 53 109 107 57 17 121 67 2 60 239 128 157 122 135 67 122 254 63 174 45 87 163 148 96 76 63 120 40 234 189 6 88 71 33 46 82 0 103 18 52 11 178 9 94 30 48 153 5 74 45 93 13 72 2 65 113 7 84 22 34 94 58 216 32 47 96 135 72 259 94 113 15 0 60 149 41 67 72 0 65 53 57 38 269 100 19 7 156 141 168 79 101 2 91 123 51 24 37 119 173 38 36 115 98 25 108 160 37 109 154 59 101 144 12 64 44 161 82 130 0 82 73 185 7 30 116 147 159 212 72 14 94 153 82 32 88 77 142 143 44 83 35 79 106 195 55 44 132 12 27
128 93 55 16 112 16 30 29 40 110 3 80 11 36 62 0 136 57 72 23 8 25 69 0 82 87 38 7 66 90 24 8 103 96 78 61 107 80 115 24 111 0 22 80 37 62 12 7 78 12 117 70 124 112 233 45 72 121 61 117 0 2 27 12 16 20 0 39 16 26 0 96 18 16 91 0 3 102 30 10 0 41 0 24 42 54 0 111 48 6 46 0 100 1 16 183 0 0 82 52 70 0 70 16 193 0 36 43 104 0 18 81 124 7 0 97 9 40 10 127 16 52 149 36 137 81 81 36 148 113 91 0 45 71 83 125 7 44 87 16 10 10 8 72 76 105 168 48 83 108 120 26 23 18 35 54 21 140 29 1 95 2 126 68 84 0 62 83 88 94 111 57 74 8 72 48 0 51 0 66 11 30 24 91 104 122 40 41 0 60 36 114 0 128 0 12 5 18 0 54 2 54 10 34 0 0 24 22 0 55 72 56 14 32 64 71 43 34 45 0 184 0 69 18 22 36 58 35 9 41 17 159 209 0 162 17 9 73 78 18 3 30 66 94 15 16 80 47 69 126 97 4 70 51 30 70
40 63 0 0 4 136 5 18 99 102 21 24 18 0 38 54 70 9 176 72 18 8 122 18 101 64 97 33 118 34 5 15 38 51 94 105 18 0 54 48 43 32 0 13 3 60 44 90 23 48 69 0 40 49 34 48 92 8 52 24 28 82 103 36 60 42 67 0 51 14 46 22 38 9 4 2 23 48 0 21 95 75 63 21 27 74 52 68 48 37 56 88 107 0 21 184 44 133 43 0 60 72 67 22 2 13 16 7 41 54 54 78 28 72 0 99 28 143 14 62 127 69 45 0 158 0 0 12 111 159 15 15 14 21 46 91 24 5 97 0 45 7 69 191 80 64 121 14 8 81 99 0 80 77 0 93 4 24 54 79 91 7 22 54 13 50 60 35 141 56 52 126 0 8 48 0 32 1 10 0 64 72 0 58 43 21 54 77 53 64 18 54 94 113 32 24 0 52 66 2 33 8 32 23 24 28 54 69 67 75 57 72 0 160 52 0 64 20 26 9 9 44 9 36 20 27 0 143 48 83 18 105 21 91 23 6 13 82 0 46 0 57 0 21 20 88 49 0 28 174 99 32 0 56 43 49
126 101 164 1 86 0 95 44 109 90 85 96 42 99 127 85 91 59 37 49 6 202 88 70 107 176 37 87 72 51 42 88 39 0 135 58 46 0 46 0 188 27 0 223 77 34 131 0 81 48 117 61 91 44 0 27 109 63 88 47 12 36 54 0 51 93 74 87 96 169 4 16 40 33 65 46 0 41 60 125 40 86 9 22 60 51 89 166 32 143 8 11 41 30 72 53 0 169 1 27 136 45 30 88 148 42 45 75 35 53 52 60 70 54 0 110 107 44 59 93 57 44 71 54 141 24 80 56 156 81 118 20 50 75 101 79 120 44 42 73 40 159 35 82 67 120 5 63 8 44 20 75 8 0 43 43 100 85 42 56 45 14 48 48 36 114 0 22 81 21 0 0 99 9 203 8 80 44 0 90 99 30 128 108 80 212 36 102 155 148 148 79 0 72 94 97 90 85 0 0 60 83 20 34 2 50 28 9 119 130 18 27 59 14 129 164 16 59 102 18 16 124 56 21 133 42 7 113 29 14 48 54 199 77 314 95 34 74 30 133 4 85 14 167 108 148 29 78 47 174 131 0 20 104 3 55
18 21 119 15 30 81 9 35 26 80 24 43 6 86 22 65 0 10 91 83 28 0 183 36 0 11 39 16 85 84 0 16 4 147 157 59 58 20 76 0 65 0 57 24 35 9 55 48 80 62 67 9 67 75 54 82 9 58 42 56 62 72 24 69 112 4 0 3 0 42 125 104 20 38 129 0 82 81 1 28 134 46 51 90 43 91 17 91 45 25 73 24 0 0 26 72 53 91 33 16 22 7 12 103 40 54 19 32 14 45 79 32 21 53 81 52 176 109 96 26 70 53 184 128 88 2 0 60 188 185 161 68 38 12 57 56 52 74 28 0 0 0 25 82 38 88 113 8 119 30 112 63 203 65 71 19 43 28 16 8 18 8 80 199 68 10 98 15 97 43 51 126 31 9 6 89 39 25 69 149 168 12 229 55 41 15 22 83 99 110 0 27 48 0 68 83 0 97 84 103 13 77 0 38 62 21 0 64 63 159 23 60 84 55 200 0 54 27 121 9 4 11 32 26 0 42 60 218 29 87 0 54 106 116 44 78 33 51 99 77 0 82 49 24 21 8 9 82 108 0 52 9 0 25 30 12
113 55 24 0 110 154 23 15 127 66 86 0 67 54 103 34 42 48 66 111 34 68 162 59 43 115 0 162 94 170 15 151 27 70 67 100 84 8 14 76 116 63 14 137 97 9 40 63 61 123 72 161 59 78 128 54 119 60 73 132 152 72 150 69 211 60 44 8 76 6 19 121 47 109 16 16 2 105 17 127 58 42 89 45 12 0 86 66 0 185 126 79 60 35 197 158 130 90 18 91 134 139 114 58 133 146 67 98 42 138 27 120 66 30 14 4 18 104 25 93 36 133 15 42 95 9 21 196 0 75 82 66 0 8 49 0 65 40 4 136 63 12 9 153 10 189 12 120 5 146 76 7 111 114 8 110 122 51 84 51 31 103 111 18 10 88 56 145 12 18 92 73 18 88 18 93 43 90 72 68 57 66 104 32 127 113 42 20 2 108 311 132 90 139 111 56 71 84 72 58 140 75 45 4 169 99 42 141 186 10 87 222 28 51 154 113 66 78 165 28 98 85 10 14 107 12 56 0 125 98 42 153 12 81 102 109 101 117 78 82 130 54 28 38 44 78 84 79 81 21 33 35 23 2 50 19
66 8 80 75 88 59 121 54 77 158 65 97 74 8 66 6 24 0 12 84 104 103 56 36 36 194 63 67 104 92 18 63 73 113 39 15 71 71 65 197 18 72 108 61 80 90 34 183 87 0 24 48 0 143 165 56 86 12 39 213 200 112 56 0 148 72 0 108 83 102 90 99 1 137 92 9 85 115 29 131 48 72 18 66 30 96 33 46 71 131 0 50 15 122 193 12 91 78 34 60 54 3 50 203 155 83 85 54 68 37 49 187 230 9 63 111 84 29 13 129 39 63 126 0 128 24 0 79 59 0 199 48 51 14 155 7 85 20 15 81 62 44 27 0 46 59 0 52 93 121 81 99 42 88 81 65 30 75 24 88 93 12 107 44 89 141 66 69 90 22 69 41 224 48 25 95 58 49 35 45 112 77 21 76 122 51 0 89 5 71 138 59 0 93 70 0 12 186 15 15 69 37 66 142 27 98 50 102 23 71 147 8 48 90 81 63 105 34 140 11 90 144 207 54 101 0 119 64 4 115 0 247 63 23 69 102 12 0 37 75 0 112 60 91 53 30 5 85 14 270 147 46 106 63 0 70
28 185 88 54 59 41 54 9 92 62 64 183 6 16 221 52 0 126 51 99 72 137 138 194 135 40 181 83 43 72 0 41 93 146 0 140 0 106 8 40 3 66 131 137 63 18 12 102 72 0 6 136 27 122 159 73 55 0 24 6 50 189 144 0 126 82 53 240 60 136 180 195 57 62 85 99 81 79 14 140 0 0 2 54 134 86 42 120 102 42 18 1 29 123 14 0 111 115 51 24 47 65 74 75 0 172 28 3 0 51 202 162 27 70 91 98 0 130 225 189 73 78 182 13 70 7 79 113 102 135 172 110 69 129 100 159 209 6 80 48 3 33 6 96 23 118 18 0 166 135 32 6 149 22 71 36 217 111 66 49 124 117 63 124 25 16 158 7 98 51 23 72 227 8 30 53 3 51 12 175 212 110 156 168 144 18 64 127 54 139 44 72 108 43 165 102 75 69 128 117 34 35 0 69 31 70 5 13 166 106 45 68 88 61 131 60 77 53 77 26 19 153 87 58 80 140 0 134 85 32 21 108 81 33 154 188 56 114 66 89 80 35 28 52 47 42 25 46 68 42 179 132 186 85 76 70
18 21 0 27 70 119 97 20 27 24 0 4 24 36 189 43 14 9 32 107 96 60 54 110 58 0 107 0 106 36 0 60 167 56 50 53 24 119 42 24 101 52 72 123 108 27 6 41 0 0 73 35 62 128 0 80 81 36 44 0 32 12 0 0 20 0 62 0 110 75 122 91 50 123 33 7 68 64 5 72 0 24 6 48 83 73 15 92 48 0 63 0 48 118 0 8 60 0 36 50 36 24 136 18 16 4 37 66 0 0 123 107 60 0 54 2 24 128 104 126 90 0 54 60 120 20 68 123 62 12 52 66 12 5 88 189 48 51 130 67 16 40 55 183 32 14 50 45 38 24 59 98 57 94 88 7 0 30 15 36 24 84 69 48 25 39 34 16 120 81 0 81 149 0 25 127 45 14 36 2 37 131 2 110 105 14 0 56 45 0 14 24 6 149 130 72 72 0 34 51 30 0 0 64 58 25 15 36 0 172 0 0 76 0 42 21 24 0 44 25 6 151 0 115 104 35 45 6 56 54 48 72 45 71 46 58 169 25 21 87 52 53 24 63 0 0 30 30 178 71 0 93 0 147 12 95
5 4 11 0 0 88 5 36 43 45 73 11 17 0 15 6 20 0 3 74 108 103 97 12 56 8 36 59 12 135 12 30 135 19 247 18 0 40 119 0 40 0 5 81 49 0 32 108 84 54 0 0 4 72 100 102 0 44 49 140 24 40 30 43 69 128 75 48 33 10 5 180 104 4 28 46 112 78 36 24 26 93 72 23 52 77 0 6 42 0 2 46 110 101 35 12 0 39 0 29 0 71 76 0 66 44 113 72 43 8 9 80 63 0 14 32 79 48 0 23 25 35 0 40 36 121 0 56 0 40 24 20 108 25 123 137 0 98 0 31 187 45 0 116 9 54 0 116 57 40 2 0 57 15 89 22 82 0 35 0 0 163 40 84 25 5 0 113 7 25 49 22 29 78 71 42 21 40 56 4 42 36 22 93 58 71 2 29 3 9 84 69 72 39 60 75 56 15 73 0 24 77 32 14 0 28 0 123 191 1 87 114 148 6 17 72 32 106 56 73 0 1 46 58 15 97 84 99 45 32 8 75 16 78 62 110 64 3 111 38 8 42 40 7 72 25 49 53 97 46 0 0 7 0 24 0
12 49 73 56 36 9 0 50 42 12 63 30 33 3 93 0 0 25 18 50 0 54 15 108 109 0 30 16 0 15 0 12 33 96 20 0 121 186 36 29 0 191 56 64 0 107 0 54 26 0 16 49 27 99 128 0 26 6 14 0 6 62 38 81 20 30 0 77 21 36 152 69 27 5 69 0 22 55 36 31 42 24 1 42 84 28 1 28 80 105 24 8 39 93 7 95 114 16 30 0 36 15 21 42 117 30 32 0 74 38 119 62 57 17 0 64 48 42 79 136 94 0 9 35 54 154 90 105 95 111 96 33 60 87 27 27 72 0 0 0 44 7 0 38 0 133 24 10 91 163 16 49 70 69 77 30 0 16 94 5 27 99 2 89 81 9 69 138 27 35 62 143 140 4 12 0 6 42 16 0 7 27 48 102 54 29 7 50 26 16 52 45 28 51 38 18 0 52 56 31 0 36 62 0 55 73 70 36 63 97 0 18 24 0 143 4 50 63 49 27 61 6 0 18 39 6 36 36 44 0 45 17 21 19 19 72 36 54 27 74 0 7 24 112 70 0 4 29 25 18 26 35 32 20 19 21
55 72 40 32 48 63 44 145 15 54 44 12 26 54 104 92 51 4 26 70 104 0 44 0 90 63 47 0 0 37 0 27 45 0 31 0 8 14 62 0 20 12 0 126 51 52 73 144 8 0 40 16 36 38 40 76 16 8 84 24 114 51 87 182 41 0 64 0 87 36 172 76 9 64 40 12 58 77 0 4 0 133 92 9 64 66 39 32 32 10 22 9 14 129 50 8 60 8 4 0 40 0 93 49 2 72 24 64 144 0 69 10 72 0 0 28 0 104 6 49 0 28 0 0 110 0 87 28 127 68 47 18 0 9 32 24 28 8 40 123 83 56 4 63 30 38 0 95 16 115 0 89 168 28 50 52 8 0 35 4 0 39 76 44 58 28 8 68 42 16 15 0 79 80 40 6 8 28 8 107 32 0 28 131 95 0 0 91 137 72 89 29 56 20 101 0 32 93 48 28 52 32 144 102 2 13 39 63 0 104 90 4 0 104 0 131 32 26 24 12 4 103 28 168 72 52 82 24 56 56 16 0 58 14 83 53 69 69 29 125 16 0 54 0 32 14 20 0 86 121 0 63 6 119 52 0
82 87 41 3 13 8 57 56 40 108 56 132 0 36 73 63 44 68 33 94 164 158 27 99 16 0 87 48 102 16 0 40 154 16 24 8 28 51 43 12 16 90 29 67 62 89 55 113 0 0 67 60 21 12 0 75 20 56 46 38 33 30 27 37 30 25 44 155 33 16 56 121 42 18 64 37 73 0 32 9 24 0 28 22 118 61 2 4 66 0 6 0 0 100 81 4 49 0 36 6 0 22 56 24 174 78 23 15 49 10 42 40 57 14 12 27 40 27 44 0 91 27 6 0 92 64 36 17 30 96 22 83 153 133 74 135 50 5 32 87 146 19 22 13 26 37 0 58 45 145 48 2 203 8 16 34 20 56 0 0 72 2 20 71 78 67 4 69 6 21 0 0 55 71 77 38 3 42 10 28 30 73 36 67 18 12 4 72 71 42 77 43 0 62 80 6 61 59 18 0 84 45 40 0 0 43 8 48 84 9 103 0 0 44 56 48 0 25 0 2 6 65 54 196 28 54 63 104 79 24 40 67 59 58 71 80 16 41 4 34 82 51 12 64 0 52 43 64 8 107 48 28 80 83 30 11
89 107 80 71 52 98 5 0 60 135 4 72 3 64 96 84 74 20 222 117 18 0 108 0 153 139 43 120 134 18 0 28 225 24 34 74 37 12 24 85 21 41 132 222 0 102 92 110 40 32 61 80 72 207 18 9 80 0 71 11 69 63 72 5 61 89 67 12 119 0 123 83 32 0 54 56 22 68 75 53 88 180 130 51 45 35 83 95 4 89 152 228 151 0 0 228 42 88 42 15 16 124 160 0 76 23 94 36 70 7 45 98 77 20 0 168 63 317 24 24 64 84 76 18 5 35 80 0 21 114 15 77 140 60 63 151 91 87 70 0 138 61 106 115 40 21 8 132 45 210 57 60 159 34 0 99 58 0 54 183 24 14 28 21 11 3 0 87 10 101 178 60 114 133 87 40 87 40 54 161 184 134 163 122 127 142 140 44 108 14 33 9 60 48 72 66 6 31 0 0 95 112 34 53 9 95 54 117 174 96 73 144 171 73 100 90 44 35 140 27 8 56 135 186 102 66 10 146 35 0 54 63 92 9 0 213 108 156 149 106 3 173 82 142 79 187 67 57 94 168 87 74 9 36 96 137
39 95 101 0 0 9 4 142 78 3 17 24 23 78 30 119 48 0 72 10 30 63 40 115 96 17 6 10 82 49 35 74 0 108 25 0 45 111 72 12 14 82 36 71 143 8 72 225 20 9 85 75 122 27 100 37 138 0 63 58 113 0 52 90 156 108 0 113 52 21 9 89 0 60 101 135 0 122 8 103 102 84 40 63 16 0 69 103 65 92 28 7 0 108 72 49 75 46 0 28 27 89 118 102 18 204 47 115 112 70 43 72 54 33 0 12 74 144 0 27 165 27 32 54 12 65 54 28 62 42 99 117 10 147 88 45 80 7 56 21 4 3 0 77 4 92 7 54 6 145 24 45 72 32 32 2 108 33 51 29 0 10 183 15 54 0 20 57 7 0 21 55 7 108 96 72 6 178 24 36 78 24 56 92 18 34 60 28 27 92 123 4 0 94 44 60 126 63 12 44 54 32 126 38 48 26 0 16 56 96 0 91 64 6 97 138 18 72 46 0 37 36 86 15 88 54 188 0 22 106 0 81 97 101 104 205 96 96 50 149 2 9 84 86 9 81 37 0 0 0 3 89 24 0 0 169
30 45 46 83 147 115 84 59 88 183 90 51 68 0 66 108 29 30 102 96 48 12 49 164 149 26 93 126 122 0 104 92 107 136 104 0 77 26 112 88 126 100 0 50 106 0 217 75 328 15 107 16 81 199 140 66 98 93 124 166 108 156 93 114 191 131 106 93 65 14 79 285 132 41 148 57 32 93 14 90 44 30 172 92 36 147 41 199 40 0 32 87 24 18 28 47 109 52 36 81 48 24 194 147 30 119 2 60 75 33 93 71 61 68 68 86 96 136 146 100 126 9 79 30 54 51 105 60 56 45 0 30 114 0 93 157 104 84 47 77 142 70 0 231 0 39 45 74 51 258 30 90 0 42 114 10 67 123 70 87 89 48 60 75 93 80 143 27 245 0 132 72 136 50 36 90 44 78 38 161 53 43 126 191 66 100 43 4 31 81 42 14 12 113 86 98 103 142 121 0 124 128 118 78 16 108 0 56 9 36 78 30 115 161 48 0 68 58 53 49 193 70 16 0 122 56 87 84 60 78 97 176 106 109 32 58 123 58 28 173 6 7 120 88 138 18 36 135 102 76 57 19 52 67 0 47
76 150 2 12 129 92 57 27 110 36 53 0 28 111 130 8 28 45 49 0 14 73 85 104 95 50 7 42 99 52 0 8 0 63 111 20 28 55 37 103 69 167 35 49 108 33 0 29 14 63 0 38 34 85 66 59 65 76 23 0 97 26 45 48 148 70 89 111 77 42 135 8 17 35 12 114 0 20 5 88 54 69 36 32 90 0 14 131 49 77 16 92 9 77 75 89 79 109 30 31 53 1 34 26 30 56 18 52 56 83 79 69 53 1 8 66 32 117 60 90 54 64 63 49 105 88 28 134 40 15 0 140 68 108 93 18 30 64 18 57 18 78 28 65 45 78 14 6 45 72 92 7 22 32 12 39 92 98 71 109 58 149 124 48 77 64 27 3 25 53 28 85 179 0 57 81 166 67 67 96 32 96 56 159 12 70 0 0 12 18 109 12 42 226 90 29 83 121 29 43 152 7 72 82 103 66 8 45 52 55 56 87 76 43 24 0 173 23 88 74 46 63 56 42 38 88 82 0 146 117 30 106 69 80 111 182 70 41 48 135 28 15 22 24 134 7 39 61 90 49 96 7 31 55 21 0
13 35 85 82 20 60 129 30 48 201 42 117 0 40 121 29 49 0 104 97 42 91 19 40 145 20 100 21 28 6 0 63 0 27 216 130 98 0 60 16 61 0 0 116 80 44 166 119 25 39 20 3 22 58 41 48 35 0 71 0 79 92 20 32 52 147 70 18 7 48 26 2 21 86 40 51 0 130 86 0 76 139 103 26 27 26 35 94 9 33 35 59 57 120 102 151 0 149 42 150 16 20 0 45 70 88 97 0 0 27 45 205 21 40 0 59 47 123 14 93 116 87 35 75 9 72 48 16 77 91 84 16 138 10 40 40 92 45 0 12 137 102 47 40 5 111 4 77 83 149 58 16 46 42 40 77 139 47 125 112 72 144 12 42 10 43 53 2 98 56 86 49 215 15 24 40 10 54 25 132 83 54 35 23 97 36 0 76 108 108 112 49 34 25 43 0 54 54 48 29 15 52 42 68 73 48 30 75 117 157 21 27 92 98 63 0 155 52 36 47 45 84 72 60 118 125 19 35 75 45 0 96 90 80 5 155 89 48 0 122 0 96 44 0 116 48 146 13 73 68 63 35 24 13 37 25
15 157 24 61 35 63 142 7 208 170 114 64 59 117 130 177 55 48 53 49 94 91 60 328 65 36 42 69 141 56 82 66 138 34 97 40 72 68 85 52 8 48 39 51 12 63 52 75 16 67 84 37 0 77 102 63 123 0 73 74 74 29 105 20 148 108 14 87 108 45 77 7 85 18 72 75 73 63 112 186 80 61 32 171 57 42 16 52 37 26 67 21 24 118 0 89 4 51 7 44 8 21 9 135 83 131 3 4 52 20 119 26 83 0 63 213 24 129 45 113 90 63 178 4 99 4 137 30 104 89 20 147 7 104 84 18 118 44 5 84 76 62 70 81 39 169 84 28 86 83 75 30 64 131 56 64 59 56 142 188 37 1 87 55 13 134 104 4 129 53 38 56 20 126 126 33 42 58 124 7 64 42 5 194 87 57 79 116 75 53 177 78 92 58 85 121 27 88 124 88 72 14 56 56 88 58 109 6 134 18 20 74 225 50 229 21 77 91 23 72 75 70 229 135 59 0 32 103 129 100 4 64 6 56 16 57 8 41 99 174 179 72 4 104 44 3 49 25 89 84 113 50 72 62 4 110
0 123 60 36 68 108 125 14 85 151 21 76 0 109 118 0 44 0 8 129 101 0 32 0 26 56 113 32 218 0 63 43 0 104 69 8 0 0 14 146 127 116 20 56 204 85 67 107 126 126 18 71 28 51 4 52 15 88 0 36 69 96 56 88 40 0 54 10 48 79 92 113 37 45 0 3 83 98 45 137 114 115 139 10 147 26 87 142 36 58 0 70 42 16 47 222 66 58 18 160 100 131 130 14 63 24 0 110 49 40 116 129 33 12 12 6 32 112 0 8 0 32 35 49 161 101 16 76 8 107 23 80 127 28 79 0 160 96 111 0 100 0 59 196 85 142 46 127 58 40 71 68 180 0 54 75 114 58 99 12 109 169 0 0 0 114 40 23 40 50 0 21 72 8 71 139 123 30 30 61 64 65 6 30 0 24 68 86 3 103 209 50 116 102 143 62 49 32 99 125 116 94 64 150 149 7 44 78 52 51 170 119 107 80 50 42 8 136 60 24 0 52 104 83 176 178 49 108 155 66 36 95 133 86 28 0 63 3 175 18 18 0 76 12 0 18 92 6 15 21 105 56 78 30 24 66
0 2 51 0 5 42 90 48 115 125 145 0 43 144 111 96 0 4 144 113 24 90 21 61 87 45 61 73 42 21 13 51 42 12 69 24 109 46 35 46 20 81 0 33 3 60 91 77 53 12 36 69 28 35 16 68 139 48 42 57 78 51 126 72 81 103 57 120 0 0 76 54 76 30 72 36 12 59 47 107 36 57 46 33 84 60 44 54 76 23 44 19 30 77 89 59 54 137 0 0 30 51 72 120 33 18 36 0 74 42 56 158 33 54 33 56 0 54 0 65 12 0 18 111 0 105 36 72 35 131 79 0 84 17 92 12 124 16 30 3 58 36 73 28 9 45 48 33 0 54 34 52 114 28 4 16 26 48 32 32 21 115 0 1 66 60 35 41 117 36 72 41 59 48 92 66 0 0 6 96 32 36 9 122 48 78 45 122 79 48 81 32 0 20 53 82 30 0 66 50 45 72 78 110 0 65 115 9 171 6 51 56 88 64 38 0 36 89 20 3 12 87 36 62 130 36 8 48 54 79 18 75 5 45 0 0 40 8 22 76 0 36 23 77 47 68 14 46 0 107 21 45 10 28 12 9
43 92 67 19 76 109 141 27 166 200 27 76 62 115 118 2 56 2 180 28 201 64 52 148 76 81 36 44 114 48 6 36 288 70 122 16 8 50 63 119 122 42 64 16 97 146 76 88 4 0 64 82 100 28 102 102 0 32 0 52 37 9 141 7 35 167 35 94 32 130 162 118 8 6 10 36 128 119 8 179 126 78 42 91 119 60 67 74 79 95 12 64 48 124 55 103 43 95 37 81 72 7 50 77 38 15 111 76 48 22 119 22 77 6 35 188 39 91 46 94 0 52 133 0 138 159 0 0 68 113 16 94 130 43 66 80 89 130 0 70 27 93 99 16 77 52 0 115 81 39 79 60 248 117 0 54 40 271 9 38 33 96 0 6 5 0 12 68 45 21 66 143 24 126 17 21 74 158 173 8 38 201 32 126 39 66 36 64 93 0 58 89 0 187 67 18 0 64 6 0 52 28 60 19 64 32 0 72 160 23 109 32 139 12 109 104 120 11 23 30 0 16 93 128 0 34 46 74 130 93 117 79 63 40 46 29 8 61 164 60 45 13 8 82 75 76 37 20 93 117 158 64 0 110 27 59
164 104 39 78 140 122 128 66 32 90 20 138 36 36 0 67 30 18 119 48 7 0 170 194 71 103 95 15 217 130 72 135 42 153 67 128 6 72 0 54 162 48 77 0 72 54 71 208 52 0 74 191 38 94 139 49 20 18 178 48 103 63 137 72 86 74 2 6 30 144 105 175 40 55 92 68 0 195 77 201 0 44 153 18 99 75 86 80 80 161 34 72 61 29 18 113 6 14 27 114 0 137 63 36 98 81 98 55 91 0 119 48 167 0 63 118 74 62 72 127 52 22 96 23 189 34 42 72 169 139 47 45 36 24 161 54 108 38 137 51 26 138 75 153 76 136 71 118 67 111 58 58 161 88 64 0 36 165 99 116 12 62 73 108 24 18 153 147 72 36 40 7 132 26 36 18 64 30 6 94 8 66 90 74 192 185 72 6 0 98 24 89 24 64 75 97 118 26 117 76 14 98 124 167 27 180 3 133 85 61 18 112 68 0 36 156 67 24 163 52 92 0 77 76 48 54 76 45 88 211 76 110 151 92 19 172 147 118 76 87 92 15 44 83 49 35 116 113 73 134 24 18 34 27 3 108
56 132 110 0 57 119 24 21 61 38 82 32 0 0 112 28 66 26 84 115 88 24 29 0 27 29 144 57 91 53 0 29 60 0 48 59 45 25 57 131 76 72 161 0 0 21 72 27 6 84 21 102 17 50 60 20 116 12 33 6 136 48 41 30 57 14 12 54 0 28 12 153 8 0 88 10 13 49 31 70 0 97 0 18 8 82 99 82 119 37 4 5 74 18 49 92 85 12 74 46 111 60 83 0 71 18 9 59 21 48 42 103 30 14 92 202 32 215 36 99 111 0 100 88 8 0 35 40 45 132 130 49 101 114 75 148 132 52 91 58 56 32 48 201 4 12 33 82 21 120 55 0 140 0 6 72 63 78 36 114 30 0 47 35 16 16 25 46 119 28 6 107 5 54 21 0 105 15 30 37 116 78 137 88 68 8 64 106 45 36 46 18 42 217 34 112 22 8 36 152 135 40 72 48 63 35 161 105 90 4 29 31 103 32 70 70 56 28 64 65 4 36 15 146 15 16 0 81 29 114 0 15 104 72 84 121 16 9 118 54 0 0 45 0 58 12 36 16 40 0 127 55 103 115 20 66
45 48 20 0 0 155 80 19 71 85 51 20 0 47 110 63 29 38 86 57 129 96 66 102 37 105 0 0 49 18 40 76 24 168 20 15 15 49 56 24 103 163 89 66 106 7 0 136 18 18 75 104 16 87 16 0 123 0 52 74 66 44 55 60 97 15 6 27 63 52 128 96 85 18 36 102 14 56 0 107 6 93 60 44 20 18 21 33 34 21 32 57 18 116 36 113 36 93 12 36 0 143 201 40 27 30 148 48 12 0 163 87 80 2 0 49 34 64 84 135 113 18 0 0 67 37 63 120 58 50 0 27 0 27 107 0 124 20 16 12 7 48 0 120 0 36 61 35 36 45 24 0 0 51 64 108 45 8 126 0 0 63 0 70 8 8 107 6 95 0 59 55 72 36 60 65 21 15 0 0 55 42 31 70 82 26 60 112 80 35 0 97 59 35 59 37 63 114 54 44 28 34 0 74 0 0 12 85 48 108 0 133 3 44 164 0 69 15 18 14 21 110 24 37 85 4 17 36 34 81 0 120 28 148 80 119 126 246 87 108 56 0 45 24 48 75 87 24 3 77 36 63 71 16 0 52
15 18 30 100 156 24 88 20 40 30 41 88 0 56 97 33 14 199 39 112 16 50 0 155 75 14 134 128 24 48 41 71 44 68 76 8 79 0 82 22 56 39 8 74 15 3 51 45 100 0 32 104 76 50 5 0 123 68 64 48 36 4 8 14 74 30 6 168 16 23 95 56 34 32 36 25 24 40 83 161 30 34 110 94 4 52 61 88 84 11 121 7 0 0 90 57 0 84 70 51 18 35 102 64 6 0 21 8 77 0 104 71 77 16 28 38 44 64 144 6 6 72 42 18 61 59 0 12 16 78 39 8 92 32 92 216 5 88 56 15 0 19 0 32 1 92 21 80 77 24 8 32 92 82 42 12 120 9 9 38 42 36 0 63 16 40 56 15 114 48 36 14 57 62 94 134 32 6 36 48 70 82 68 12 42 75 85 24 3 154 63 93 0 33 91 139 124 26 54 92 28 52 0 16 25 28 36 1 47 31 60 12 43 99 91 0 0 36 0 40 68 59 0 84 7 96 28 16 40 34 24 52 57 45 24 41 63 0 30 87 72 16 89 133 12 32 10 44 121 0 32 28 100 70 40 120
10 40 130 72 78 58 109 90 46 79 60 90 31 71 8 13 24 16 23 58 22 0 133 95 113 164 48 25 81 104 0 63 82 59 67 50 18 24 16 16 10 43 34 94 120 14 167 66 19 0 75 20 61 28 0 98 102 30 60 88 80 120 78 68 81 128 30 2 24 0 33 24 26 73 47 19 86 137 0 85 24 105 26 60 60 6 27 87 24 92 0 25 76 39 121 0 82 0 0 40 21 75 56 53 42 75 0 124 57 84 13 112 63 30 28 166 4 180 38 144 0 88 27 8 47 40 119 45 108 26 67 45 36 37 0 16 56 25 7 63 61 107 0 145 0 74 10 91 0 63 89 90 55 0 15 6 62 8 10 0 57 43 44 0 47 32 64 42 119 0 135 46 105 42 63 26 27 30 10 155 60 32 82 48 153 25 12 55 33 100 142 18 32 44 32 30 24 124 14 8 34 84 59 66 32 21 18 21 151 161 46 52 137 2 34 121 42 54 135 2 0 89 44 139 165 68 62 0 16 123 39 11 1 97 75 98 14 0 13 126 32 78 31 5 14 14 21 31 45 14 3 31 0 56 0 0
20 4 54 98 28 206 32 0 71 0 28 48 26 103 94 8 0 84 88 50 54 0 97 9 86 37 76 39 36 72 6 19 132 111 102 0 6 58 96 63 0 51 1 175 65 104 71 143 81 0 36 82 118 14 100 26 2 42 55 66 59 1 18 96 28 45 45 64 62 48 62 91 75 48 86 0 128 155 86 46 90 49 14 38 37 51 32 35 107 103 120 132 103 37 78 65 55 0 54 63 82 110 78 12 59 11 20 0 48 0 90 164 109 5 0 66 35 45 0 77 69 66 22 107 224 96 72 0 100 162 35 36 105 25 5 104 91 48 56 42 54 25 0 24 7 70 106 112 127 58 9 44 89 9 113 70 0 0 0 44 0 25 78 0 37 0 78 119 54 56 35 9 109 100 89 7 5 189 26 0 43 101 0 22 149 0 65 48 45 5 58 13 174 0 38 36 18 28 81 0 44 122 0 0 68 20 10 98 9 65 127 0 19 37 48 64 64 81 23 15 100 69 44 89 96 42 72 117 23 63 0 12 6 45 31 130 99 41 74 29 141 14 129 139 7 24 77 16 69 42 72 21 0 126 19 0
80 219 99 0 119 67 0 0 198 123 151 24 62 91 80 144 32 28 72 141 68 21 10 79 42 100 0 66 138 114 84 22 73 129 65 125 16 8 73 181 101 14 129 54 80 34 143 124 125 42 0 177 113 56 63 56 65 161 138 9 129 63 4 54 50 66 0 85 82 74 121 91 155 36 132 0 56 21 41 53 46 40 88 90 62 8 24 132 8 112 127 74 129 0 45 120 56 29 21 178 36 68 113 53 62 50 223 24 50 21 62 49 148 2 69 95 29 111 154 21 72 71 197 117 123 56 16 178 62 86 115 56 165 51 183 99 212 83 158 79 50 26 98 83 72 139 76 138 0 103 53 32 232 13 81 21 82 42 42 77 117 20 36 97 54 40 39 121 140 135 194 50 77 56 29 132 54 24 44 91 64 93 106 112 159 51 116 130 77 130 104 93 32 56 0 96 119 24 155 90 87 56 76 123 60 130 48 0 180 86 20 124 117 46 123 177 0 160 36 82 60 83 152 108 72 80 0 221 69 131 57 64 46 32 49 133 69 0 178 21 65 209 35 158 22 57 69 173 114 218 162 128 39 0 1 107
40 66 102 75 48 235 49 35 121 35 100 88 0 45 114 95 32 119 91 117 112 12 26 0 40 39 92 55 42 0 18 16 50 48 0 174 0 54 131 65 40 0 0 0 56 40 109 108 17 0 0 6 38 74 91 27 67 102 39 0 20 49 182 132 0 106 46 86 108 28 45 120 0 0 12 94 0 105 58 8 64 136 52 0 85 40 0 130 6 0 60 21 0 29 19 56 184 42 30 21 122 36 0 4 35 51 96 0 51 79 72 30 20 14 21 78 58 191 66 110 52 149 0 75 111 63 0 24 59 148 21 0 76 64 14 20 184 0 114 27 119 13 48 24 6 12 100 62 37 155 56 14 112 0 40 108 80 63 47 56 80 78 64 72 7 0 56 156 6 48 105 71 0 61 44 49 25 75 40 109 9 79 160 57 159 40 91 87 0 0 0 7 14 120 76 49 20 92 8 0 104 6 18 28 99 2 0 72 127 45 32 44 0 51 24 72 0 42 31 0 7 41 47 36 0 50 44 70 30 3 0 0 116 28 2 42 132 51 69 72 0 41 48 105 18 13 35 0 56 9 64 0 18 1 9 0
4 8 64 0 143 107 54 9 79 19 44 54 73 110 36 36 18 72 120 8 104 46 127 0 112 35 44 24 111 63 81 99 123 105 0 36 12 70 117 72 36 27 0 63 72 96 42 38 127 42 0 102 25 135 72 83 64 40 54 160 143 35 30 3 0 82 0 56 28 90 45 81 75 47 90 97 28 70 38 13 0 123 86 145 66 54 63 18 68 70 45 32 30 68 66 45 0 0 105 30 18 95 152 90 42 24 243 30 7 0 79 22 9 0 0 50 9 77 48 126 24 28 126 4 15 38 9 151 0 32 0 90 106 54 42 24 6 160 54 24 16 46 40 21 24 47 14 96 63 157 78 28 92 31 0 4 0 157 88 28 88 30 73 48 6 43 54 113 95 0 59 82 72 81 143 84 127 0 14 27 87 49 54 115 52 85 59 0 70 100 58 29 0 156 116 3 127 102 92 126 134 58 8 72 64 129 0 36 166 44 24 84 145 20 78 48 57 21 48 0 83 36 62 67 205 36 50 83 42 94 15 124 160 100 8 91 36 57 45 62 0 83 112 97 126 27 118 100 40 27 59 16 66 50 72 24
23 29 175 79 6 214 12 3 28 25 82 136 64 204 0 4 0 48 91 214 11 59 73 71 36 66 120 32 146 13 0 67 133 84 102 50 92 24 120 67 57 16 12 18 31 49 171 48 186 18 78 64 177 96 64 47 179 107 107 120 18 12 52 48 98 64 92 90 22 93 80 52 10 69 100 7 58 91 62 63 27 65 18 60 92 57 0 72 6 175 44 87 86 35 110 8 56 15 0 102 133 131 111 61 66 20 87 42 6 12 153 22 92 23 28 136 84 44 0 101 126 31 0 9 59 35 21 126 89 68 15 0 82 45 126 119 64 8 135 83 80 172 38 117 114 149 12 167 0 91 226 47 96 47 0 42 14 56 31 100 54 0 88 18 0 100 0 72 71 52 100 54 78 66 5 117 78 106 10 91 63 129 166 14 115 7 24 54 16 111 18 41 30 124 9 4 88 88 26 45 88 86 0 90 63 9 26 36 42 93 56 34 140 26 4 81 64 52 69 10 69 92 102 64 62 63 93 0 83 69 72 84 239 105 109 76 162 0 80 40 55 73 72 114 93 69 31 41 44 214 48 46 39 81 9 1
5 177 122 42 73 48 60 21 44 55 11 90 99 104 37 12 75 141 26 71 20 70 76 40 66 96 81 167 89 65 73 0 154 120 84 0 0 108 0 93 100 107 51 86 71 51 58 146 124 45 162 8 56 51 57 144 85 154 14 7 93 84 96 45 75 77 13 83 66 138 0 49 112 21 87 19 63 52 120 80 92 4 62 64 0 56 47 85 0 87 80 79 24 40 117 101 64 55 3 87 45 89 87 36 143 0 23 72 7 100 95 49 27 32 0 57 0 0 14 0 25 107 72 9 71 95 84 39 100 93 22 66 109 56 0 54 157 24 0 114 42 66 49 120 62 116 43 44 44 137 69 63 81 70 56 11 13 20 55 169 15 90 89 7 8 136 6 30 64 0 104 35 205 7 7 67 74 11 14 132 158 141 22 30 106 67 0 15 91 93 112 82 79 28 49 24 67 86 56 50 119 62 12 93 85 30 52 0 171 9 98 49 34 45 16 57 56 125 142 24 83 0 222 6 62 55 86 0 88 145 51 93 110 44 179 59 124 0 6 75 24 71 94 28 60 69 88 9 45 158 14 54 48 36 7 104
10 18 32 51 22 5 141 30 159 115 68 68 4 94 275 19 0 61 98 130 120 6 106 53 61 5 74 0 72 32 0 6 95 12 135 20 0 4 84 52 64 16 62 143 10 17 121 72 145 87 89 51 166 35 126 0 30 14 66 60 157 45 94 10 24 14 24 141 56 16 28 48 48 74 8 81 40 0 28 111 92 16 14 10 71 157 112 130 104 44 46 69 0 65 16 24 48 64 30 36 64 8 42 135 11 18 45 20 14 0 131 0 61 12 10 56 115 40 48 40 68 83 48 59 89 32 18 62 0 40 60 14 137 40 24 231 90 99 0 18 90 20 40 24 16 68 20 66 62 6 27 32 73 77 82 50 45 108 38 93 34 117 124 41 24 0 12 18 68 79 105 20 127 144 40 74 44 0 73 68 0 65 126 66 52 66 26 72 38 122 148 158 60 103 79 138 88 10 0 92 60 0 18 38 30 42 50 102 52 24 61 27 94 73 7 0 64 38 55 161 60 60 115 107 12 90 5 65 24 8 6 83 110 136 40 63 0 18 129 24 30 87 20 8 119 40 128 63 109 63 29 7 36 160 3 131
0 143 44 24 0 0 76 26 28 67 0 21 0 86 59 68 40 58 56 189 0 15 19 4 17 92 0 34 214 31 0 22 10 15 13 35 75 66 54 35 0 26 49 19 0 36 26 20 176 19 57 101 80 8 16 0 0 44 112 66 57 49 46 42 80 24 32 44 45 12 59 111 53 116 0 0 0 42 0 24 0 45 59 0 47 7 27 148 40 47 64 36 46 32 47 147 0 10 63 75 33 50 37 72 48 14 42 46 0 21 107 0 0 0 0 22 40 30 0 46 108 59 0 87 40 57 28 119 141 0 153 0 2 48 14 12 34 43 42 24 25 16 0 13 0 44 0 129 42 29 0 56 74 24 12 88 79 0 16 104 12 63 37 31 0 0 0 77 14 49 88 0 12 50 7 63 33 6 6 119 35 0 154 51 16 54 59 45 36 132 61 174 58 0 47 62 132 18 56 60 15 0 77 98 4 63 24 64 77 149 0 63 125 16 24 18 10 53 14 29 72 35 123 21 63 77 16 15 49 49 15 2 130 86 105 0 102 27 47 108 22 130 22 60 96 46 168 63 91 77 21 51 28 25 66 56
0 89 209 63 162 27 59 45 52 163 44 119 75 171 113 36 30 57 58 163 10 35 70 122 93 72 68 71 108 30 18 52 92 112 140 68 126 31 122 0 113 45 44 62 129 35 125 137 145 16 137 8 162 191 114 48 118 35 68 44 33 91 100 81 157 68 0 58 20 153 19 145 65 8 57 45 128 72 81 28 202 28 10 18 67 140 54 167 86 99 223 102 16 45 246 5 9 114 24 96 124 151 96 3 21 0 39 63 25 112 0 68 35 34 24 50 43 78 177 78 66 106 78 0 104 74 0 9 23 160 27 60 82 16 0 131 108 36 80 16 0 50 35 87 95 68 33 53 81 210 193 23 101 18 80 70 24 139 0 66 10 14 123 4 55 45 94 87 175 15 0 59 143 26 61 15 74 108 0 105 40 52 75 62 80 28 17 49 35 112 0 107 28 136 20 75 54 0 16 41 42 0 0 128 50 19 26 0 77 51 64 7 42 18 30 108 69 171 157 28 70 81 81 69 35 95 63 28 137 72 20 141 166 134 87 6 158 0 12 124 84 27 149 34 0 52 104 65 18 51 11 37 32 54 36 17
35 62 76 38 124 121 106 81 0 105 142 80 67 56 0 8 20 104 83 55 113 15 142 18 38 147 40 78 90 15 40 72 35 167 91 37 42 44 88 42 8 8 92 78 81 75 98 122 38 12 62 84 39 166 153 24 95 28 43 86 108 153 102 143 128 41 37 49 84 20 39 152 111 96 72 4 0 56 7 75 60 136 36 14 59 57 0 70 47 48 89 36 76 6 133 35 165 114 16 126 10 71 88 64 108 42 72 150 69 100 32 84 122 20 0 37 47 19 0 158 42 100 78 24 79 0 60 98 116 53 95 78 25 163 54 24 115 68 155 84 71 45 64 112 13 18 48 11 32 162 77 92 66 21 77 20 128 117 49 115 71 77 92 36 94 10 106 107 109 115 180 12 20 95 48 17 84 35 0 63 80 67 183 64 172 44 84 4 21 72 132 139 78 68 126 20 86 88 61 20 16 46 64 83 20 40 48 0 66 129 7 73 0 12 112 7 45 73 66 52 96 75 41 104 14 0 182 0 21 96 64 129 229 28 96 47 203 138 16 219 130 128 52 110 64 71 46 0 94 116 141 109 118 21 45 80
76 0 35 6 57 92 118 23 6 102 29 181 18 17 46 9 16 102 10 231 115 28 165 99 24 8 60 54 125 44 61 8 102 51 20 148 54 121 41 56 196 87 45 1 8 103 36 36 126 10 6 82 16 33 32 0 122 61 10 0 49 42 76 9 61 36 0 112 0 38 49 71 27 12 16 99 8 157 23 81 41 31 70 8 35 54 77 82 145 25 23 0 0 30 110 61 9 28 111 87 0 49 70 25 126 19 63 42 63 0 9 119 15 34 12 116 65 111 128 32 67 130 73 0 191 25 0 24 111 76 46 51 57 78 109 84 97 24 24 91 40 45 24 53 42 11 16 16 80 132 52 39 123 35 18 58 43 68 18 33 6 54 21 75 10 39 57 22 89 20 88 46 16 45 36 2 157 66 22 55 199 25 75 114 56 38 44 14 3 85 35 127 38 144 63 7 36 72 0 145 43 90 0 7 22 6 0 215 17 110 83 75 72 10 60 105 90 0 64 39 30 6 62 49 20 92 52 6 83 24 0 125 137 81 92 62 20 58 53 53 40 0 52 0 42 60 130 53 55 97 83 60 175 98 53 0
85 70 61 46 63 79 107 32 54 88 106 101 28 111 123 49 89 0 72 28 133 49 103 381 95 72 0 34 21 107 0 31 66 8 10 69 165 86 24 57 10 134 24 40 57 23 15 17 16 0 9 76 18 16 21 0 333 28 32 90 130 54 12 91 105 0 37 82 24 0 141 32 78 67 56 85 99 58 25 150 54 47 39 93 40 63 40 0 114 29 0 4 10 43 0 0 18 57 54 80 37 0 217 141 87 81 96 16 34 81 39 0 123 12 0 54 126 83 49 137 136 121 6 41 112 80 27 69 178 27 156 40 35 82 81 0 114 63 5 0 33 121 15 0 25 18 0 20 39 92 114 60 56 50 31 7 64 99 68 193 10 27 25 27 3 63 36 38 71 101 129 115 66 48 31 5 119 55 50 72 0 62 92 126 53 100 32 56 7 72 69 123 4 203 80 112 0 178 0 47 52 4 0 108 57 48 76 145 47 124 56 19 47 124 45 0 16 73 67 10 63 63 39 97 39 0 8 0 45 162 48 39 0 167 24 47 69 56 56 113 9 104 18 110 16 24 141 18 223 35 46 100 72 29 16 8
75 28 9 54 108 27 71 33 33 106 18 27 15 50 8 36 0 0 59 16 8 7 36 75 159 91 21 41 72 64 36 65 171 54 71 106 61 46 117 91 114 30 70 12 97 26 23 0 90 3 13 88 47 48 164 28 106 19 65 42 33 32 29 5 5 55 0 36 17 9 9 130 68 78 49 27 17 0 83 83 8 64 0 3 170 52 11 39 24 34 63 0 40 7 14 47 43 45 12 126 6 45 8 51 93 56 199 23 160 28 73 166 49 1 0 156 14 0 9 36 38 0 114 29 6 156 111 154 41 20 83 59 58 30 83 62 61 44 63 0 35 73 56 135 0 40 91 81 75 104 2 38 38 78 55 9 0 87 54 4 12 50 55 30 0 30 36 214 64 88 63 53 46 2 32 27 18 0 0 18 93 38 2 11 132 29 21 0 0 0 33 0 20 87 52 81 0 18 126 101 24 48 74 0 18 97 43 90 107 71 26 84 0 10 38 0 30 87 56 18 116 0 14 9 116 16 9 0 65 131 18 147 54 45 14 0 18 0 22 78 9 14 83 52 42 0 127 126 24 27 18 0 49 101 10 72
0 207 161 43 72 137 72 0 135 106 0 162 12 18 75 48 75 31 179 10 63 36 118 90 52 160 70 66 222 44 90 145 136 63 39 134 128 42 141 88 112 40 67 12 206 162 115 85 51 0 255 69 43 61 170 125 70 0 36 70 61 45 84 4 90 197 18 4 108 39 91 110 66 152 99 138 12 154 0 61 180 0 122 79 0 67 255 126 31 161 8 90 0 43 57 132 103 48 10 164 37 122 41 72 72 63 14 71 8 69 100 56 68 9 0 21 18 294 0 53 267 56 54 74 193 116 72 54 48 7 111 9 142 9 126 45 157 85 8 53 0 71 154 180 10 258 25 248 3 7 39 73 260 8 4 175 123 3 71 148 8 63 81 104 0 3 0 40 30 21 100 85 12 93 136 132 82 137 114 52 226 74 161 96 85 54 61 49 70 133 160 74 146 172 137 150 94 94 81 162 36 42 130 109 140 71 56 104 70 54 111 117 64 26 146 163 81 81 87 36 1 24 88 27 226 194 129 120 199 47 0 0 138 102 104 120 131 180 54 36 56 25 14 75 43 143 72 91 93 92 81 24 12 67 8 234
157 131 5 6 78 14 35 9 50 46 162 0 17 18 37 9 42 43 121 24 103 12 0 55 187 83 30 42 59 40 45 42 63 28 192 84 67 153 26 10 69 47 53 20 49 33 56 52 11 54 54 82 82 172 18 65 183 42 135 134 78 40 39 51 215 8 0 37 112 55 16 72 74 30 11 0 56 55 0 158 34 59 143 50 42 0 21 90 88 51 16 27 81 146 30 94 40 36 39 162 35 130 79 37 24 16 68 43 0 57 0 70 67 0 61 52 28 24 82 63 48 183 57 36 58 47 101 16 119 35 102 63 28 96 81 112 17 85 85 4 193 9 52 26 39 73 15 46 6 105 0 25 199 16 0 0 0 38 32 176 3 78 93 27 5 33 46 99 98 8 99 6 228 133 0 6 43 8 54 126 0 57 1 111 74 63 36 0 0 8 174 123 6 92 22 3 60 27 45 92 5 97 84 3 22 37 0 45 102 58 16 7 186 62 36 46 78 7 60 18 60 80 129 38 27 32 0 33 45 26 120 108 78 9 51 121 6 0 150 77 101 37 24 22 93 45 39 69 27 4 32 227 21 27 0 0
123 108 0 36 72 67 108 9 12 239 39 0 47 127 56 44 0 31 24 68 30 49 60 0 82 81 188 0 51 78 27 18 72 4 101 7 59 42 87 8 54 0 84 0 42 103 15 18 18 0 81 26 13 63 126 129 32 125 66 0 50 17 35 108 45 84 57 0 15 44 59 9 0 0 27 10 53 18 24 45 9 23 8 2 81 32 28 38 18 18 28 27 32 106 26 16 14 40 1 0 24 0 215 22 9 3 10 11 14 0 8 28 56 5 15 92 55 98 0 66 36 0 46 56 64 36 0 64 120 107 70 0 71 24 102 96 166 18 92 36 11 34 105 114 7 108 93 77 7 0 24 26 108 101 0 63 36 9 16 118 29 80 4 6 0 35 14 2 77 6 24 0 56 18 6 18 0 36 3 14 32 111 60 0 87 0 42 18 0 0 27 3 20 75 23 24 0 27 12 17 76 19 53 35 21 0 21 103 50 96 18 18 21 8 0 102 88 24 70 18 35 84 34 36 75 81 63 8 81 157 0 31 135 0 14 81 74 63 21 46 0 14 0 80 65 20 70 27 0 54 0 9 16 32 0 150
0 24 2 0 0 8 64 26 48 61 24 52 6 0 138 48 80 53 27 48 70 14 45 45 78 63 68 80 74 78 5 15 17 4 35 32 0 4 95 2 2 12 25 47 0 0 0 0 4 0 30 2 46 7 0 51 8 34 36 21 118 0 8 18 15 81 19 119 10 6 14 143 57 72 28 3 10 0 42 102 3 78 6 0 41 67 36 66 92 52 22 0 0 0 14 48 6 0 28 21 25 0 54 85 40 72 93 35 48 13 2 12 51 2 48 114 94 5 16 0 25 68 3 46 47 56 5 38 79 68 83 15 3 35 34 100 40 9 0 29 24 5 0 59 27 25 44 16 20 60 29 33 129 60 42 8 116 15 38 89 25 41 45 20 0 2 30 32 45 22 60 78 80 0 38 82 4 0 0 41 10 12 21 16 50 10 0 57 7 30 15 9 35 24 52 158 35 9 5 8 122 61 16 50 24 106 60 45 82 35 100 30 0 122 42 26 0 48 56 2 9 15 37 18 6 24 8 10 22 0 6 12 90 46 81 12 4 0 8 0 14 98 0 41 98 26 39 1 27 12 11 17 79 57 88 0
24 72 128 81 27 118 70 1 42 104 60 36 0 15 17 37 39 21 103 12 0 0 65 27 110 126 9 42 30 66 0 126 71 0 103 0 103 24 49 77 48 56 7 84 91 132 86 45 132 0 45 73 96 71 112 45 182 56 7 89 139 83 53 21 260 139 15 30 45 24 82 35 8 45 0 12 28 32 0 20 36 49 63 12 9 9 47 117 32 124 47 18 0 32 63 56 74 0 0 96 25 49 150 100 42 18 24 53 5 93 15 63 63 21 49 7 0 7 33 147 0 36 51 14 32 0 38 48 82 28 122 54 12 0 1 6 3 90 72 64 28 24 59 93 0 0 5 79 13 99 0 115 35 5 46 0 0 27 15 8 23 0 51 0 99 18 30 70 30 58 68 43 36 18 81 0 30 34 70 109 2 140 43 162 132 107 72 63 0 18 100 9 0 135 20 24 36 62 0 18 77 16 161 25 14 73 27 8 28 63 87 0 40 0 0 56 60 0 68 52 12 64 10 69 82 7 105 91 68 48 128 63 145 25 136 10 57 0 48 81 0 49 21 60 70 6 27 24 81 114 93 99 0 9 0 89
40 28 55 15 9 63 72 22 0 67 0 35 32 61 128 86 16 0 102 183 64 3 92 27 130 117 2 36 48 25 16 24 40 39 57 0 48 18 0 35 63 110 0 48 0 35 112 79 81 0 35 40 113 71 47 73 82 10 191 33 6 31 0 51 52 24 32 82 36 38 149 18 82 81 41 83 48 56 35 122 0 56 102 116 88 40 0 116 30 47 44 0 97 163 103 118 0 0 0 16 0 158 16 80 106 36 48 56 38 0 33 55 9 1 63 7 32 104 136 41 12 64 93 0 168 3 56 24 92 157 103 72 12 113 44 0 74 16 136 63 0 0 49 106 126 18 64 16 9 14 31 97 188 0 2 4 81 0 40 9 104 41 99 27 0 2 51 8 128 0 5 56 55 20 53 24 92 17 54 35 102 0 41 103 4 69 60 29 113 64 62 0 6 69 76 78 23 45 8 106 81 89 24 40 35 54 27 81 106 144 7 14 199 85 71 84 22 104 140 0 0 157 163 67 92 20 6 59 88 0 0 155 136 5 187 88 27 94 16 142 30 67 56 0 47 124 40 0 83 228 12 151 27 97 24 4
0 89 12 21 102 6 212 0 48 249 48 0 0 176 73 76 16 7 176 86 32 60 20 0 27 37 58 0 97 69 23 14 130 18 99 18 22 0 12 7 59 52 0 138 103 8 70 63 0 0 95 10 66 82 7 75 16 8 14 12 48 2 60 36 109 0 21 30 85 0 18 56 0 64 39 60 0 32 8 153 85 23 75 0 76 20 16 77 114 51 23 127 63 67 194 147 40 123 0 10 0 59 83 79 28 44 4 35 0 0 93 116 28 0 0 56 32 80 0 11 38 20 52 0 46 61 0 0 28 49 76 78 25 33 27 69 0 73 36 33 56 0 15 0 45 53 9 0 120 118 0 104 100 66 14 28 75 105 0 34 27 28 92 52 5 72 0 0 2 77 26 0 167 104 6 56 100 24 42 64 0 21 0 13 16 25 59 7 0 0 144 54 0 21 0 48 0 9 9 91 35 36 30 96 55 47 3 87 119 153 12 14 124 16 42 8 5 0 99 8 0 24 174 77 89 18 30 12 39 28 8 75 190 96 24 71 12 0 100 88 0 35 43 42 16 117 25 21 69 44 18 40 0 56 4 134
36 173 54 44 67 16 28 0 90 16 114 66 91 12 167 64 0 56 0 12 56 75 259 12 135 60 3 94 76 42 0 74 135 18 74 36 4 137 49 35 24 174 19 80 7 143 26 134 87 45 32 96 114 14 2 84 59 24 51 6 21 114 76 15 102 66 66 50 104 21 54 112 59 26 11 79 11 0 25 71 77 28 32 31 8 109 51 3 92 128 132 18 3 7 0 28 23 61 23 178 138 1 56 110 0 18 137 56 45 85 85 5 113 0 10 134 40 19 5 10 123 24 32 24 190 8 83 112 29 141 168 113 32 22 129 127 21 110 0 0 8 83 50 55 51 104 32 173 73 157 28 1 50 108 194 25 8 87 74 72 26 26 135 36 61 27 30 242 3 16 35 79 240 0 22 54 61 3 64 112 54 235 70 53 48 74 35 9 1 8 79 109 25 93 24 59 0 166 153 25 78 39 29 86 14 126 55 176 112 40 98 63 52 67 0 25 108 0 63 80 94 0 56 0 0 0 3 0 67 194 51 22 28 34 9 31 94 49 120 49 10 99 17 119 77 45 182 102 33 27 14 78 76 113 21 13
29 16 36 55 105 10 139 88 63 119 0 85 20 130 128 58 21 77 62 196 0 24 78 49 100 58 49 0 28 0 18 8 52 54 135 39 71 70 82 35 24 28 18 104 42 66 42 82 59 15 64 15 106 83 0 24 100 64 92 16 100 72 87 82 75 61 6 112 23 2 117 96 15 66 12 54 79 2 5 59 0 79 0 0 28 128 15 9 64 69 197 122 0 134 165 155 30 123 100 6 24 56 161 42 84 79 8 27 33 7 9 85 53 0 0 93 159 66 28 175 0 88 14 57 14 75 28 92 118 117 82 10 52 54 28 26 136 70 29 24 28 0 108 0 8 70 0 72 73 76 41 51 48 2 72 116 15 28 9 36 64 86 0 62 0 45 124 144 63 26 153 125 38 39 77 64 79 26 54 79 46 47 132 92 58 66 40 139 123 49 179 108 12 92 14 0 0 108 13 67 79 0 16 150 31 0 33 70 64 83 78 16 18 122 155 0 124 35 69 83 46 62 153 50 215 24 15 28 0 137 0 17 225 230 13 6 135 18 79 67 53 0 78 48 12 0 18 6 50 38 0 63 88 10 65 120
122 16 100 54 81 88 65 9 41 96 16 118 70 85 61 0 87 0 138 164 40 20 62 137 134 90 112 11 120 34 6 83 64 14 186 41 35 94 47 63 11 33 83 80 65 50 53 29 0 51 32 52 27 113 139 77 197 2 177 53 73 73 54 53 96 112 17 55 94 152 73 125 2 15 35 49 30 83 10 47 49 191 39 12 36 125 67 121 60 87 48 14 106 52 70 94 12 97 13 114 101 54 133 94 50 6 63 51 45 0 81 27 229 0 28 76 111 0 2 128 99 119 89 45 151 130 63 94 165 72 99 18 44 27 35 98 18 68 95 34 3 109 83 166 128 92 28 16 85 70 117 28 51 47 2 30 40 109 76 79 114 54 15 104 20 43 6 0 68 133 3 49 167 108 0 41 0 70 12 90 28 92 66 91 163 17 88 71 54 118 116 101 12 146 45 174 0 13 105 26 2 133 167 92 28 92 8 58 56 121 6 16 116 35 28 178 62 116 131 0 49 45 54 98 14 125 32 55 69 150 0 119 28 74 90 63 35 82 230 96 112 10 40 43 50 18 13 89 55 168 3 39 113 146 34 97
54 24 12 153 173 28 97 23 10 152 82 67 6 25 25 30 81 109 84 5 128 14 82 47 120 68 24 96 43 161 5 128 91 40 125 12 99 0 72 44 37 47 38 148 68 44 12 0 72 12 74 7 96 145 111 18 219 32 35 41 64 70 132 162 50 57 65 26 72 0 36 65 26 45 47 81 32 0 105 80 18 128 36 42 59 0 127 30 24 44 154 42 122 77 154 31 92 110 6 55 45 162 147 73 107 40 45 42 102 63 32 57 36 12 0 99 26 103 0 55 25 25 45 24 61 26 8 45 17 39 38 10 111 25 135 33 98 41 68 108 54 53 68 81 12 45 18 46 30 137 35 42 24 80 70 0 26 37 27 34 5 81 0 81 30 20 26 88 77 16 20 63 5 51 63 70 7 43 17 67 99 45 112 133 92 63 14 46 84 160 108 44 11 41 45 108 4 200 0 48 169 0 43 29 66 30 33 69 38 57 7 89 14 6 127 0 36 141 43 58 0 45 76 118 29 4 80 20 111 16 120 15 70 98 180 24 82 39 72 118 47 54 83 20 113 47 139 1 209 126 3 60 141 11 88 9
16 183 178 36 106 134 0 17 111 68 107 120 0 15 77 125 37 61 123 56 54 98 155 191 86 36 57 87 69 24 15 77 114 195 74 98 62 134 58 52 51 124 50 32 116 156 276 146 43 0 144 142 209 97 68 63 147 0 82 59 19 0 62 0 127 106 62 88 38 42 185 136 82 53 75 51 64 28 8 156 81 0 27 23 56 33 24 137 145 103 0 24 56 140 36 88 123 54 42 74 201 110 6 90 6 17 70 53 36 33 102 128 52 15 0 124 92 130 172 104 46 127 97 55 54 16 63 93 128 175 57 18 112 22 144 80 161 61 62 59 57 124 30 155 67 222 3 111 42 0 170 26 105 12 101 105 53 99 35 0 0 119 0 108 27 7 120 121 88 62 28 91 189 101 59 56 10 68 12 144 115 76 102 168 142 89 135 89 54 63 69 24 87 24 12 20 10 30 113 79 36 40 48 79 97 14 12 7 0 144 108 58 185 193 32 64 72 54 150 22 16 92 75 106 33 61 0 144 39 128 9 79 130 144 63 81 126 110 9 29 139 84 20 144 0 64 92 101 0 139 168 165 100 53 55 72
22 101 71 12 31 57 66 15 20 16 79 231 25 29 184 50 78 0 44 83 39 25 69 180 106 8 61 81 72 28 62 48 133 43 60 50 68 109 25 66 9 73 177 17 120 3 54 120 31 4 63 81 10 116 65 88 128 32 75 8 71 72 28 48 230 21 31 11 40 0 24 45 80 66 48 109 5 40 6 100 94 63 24 23 28 135 62 27 156 27 76 29 49 24 42 160 39 45 8 131 23 35 30 141 56 51 3 29 30 89 42 118 31 36 0 136 0 159 0 25 80 169 77 43 60 40 134 0 108 54 120 46 25 42 0 35 125 84 15 0 37 3 98 195 29 126 52 36 40 93 30 1 81 48 52 6 74 0 47 241 34 135 0 46 4 37 48 43 1 97 112 76 7 61 0 83 51 0 45 46 30 25 221 166 87 54 82 25 24 88 40 151 15 72 34 74 0 44 62 72 55 32 84 132 21 32 118 81 88 157 82 100 45 18 0 4 0 162 9 6 64 7 12 68 39 78 9 68 67 90 0 99 86 49 105 22 72 51 2 110 141 59 70 0 25 55 144 18 21 49 149 198 69 31 45 102
30 0 26 76 123 46 58 90 7 9 80 48 101 71 45 86 36 102 88 159 72 40 38 71 146 23 12 124 90 124 49 62 70 129 68 18 46 87 17 49 70 0 0 63 120 73 88 77 137 14 0 45 79 39 32 122 41 75 49 114 12 124 76 102 42 93 157 27 48 0 6 79 80 21 0 41 60 56 25 34 9 93 96 110 14 45 63 104 63 0 39 49 73 28 30 48 27 69 98 90 32 77 93 7 60 0 14 42 12 0 63 139 97 42 7 96 47 169 116 27 63 99 65 63 60 10 18 85 84 48 146 48 108 12 145 27 32 46 0 102 96 73 43 140 8 70 21 144 12 72 33 117 39 51 110 9 12 0 52 63 0 24 0 68 0 144 18 36 42 24 46 7 9 54 98 45 92 63 42 84 22 159 125 35 18 27 36 55 4 113 81 140 63 54 88 68 202 123 56 28 39 90 81 4 32 92 2 191 88 63 78 15 157 126 92 49 54 8 0 1 43 8 36 12 85 161 53 139 63 2 12 44 0 70 29 0 81 18 32 63 79 117 151 47 182 16 56 0 114 81 72 0 42 18 88 21
15 95 5 114 3 31 8 38 0 49 48 51 44 18 0 8 21 72 22 113 7 0 0 75 137 134 1 88 191 0 18 5 70 18 23 44 12 41 0 17 87 27 9 18 114 47 6 6 76 37 98 37 9 93 63 8 0 0 26 30 12 45 28 0 82 14 44 60 43 6 0 43 96 67 10 0 7 3 50 72 6 124 14 18 81 0 28 56 24 143 113 2 46 42 82 25 71 42 0 52 169 0 21 40 25 73 78 58 0 9 105 112 6 0 0 38 74 12 64 32 82 159 24 54 49 48 20 119 50 86 132 82 0 14 0 0 14 124 75 3 40 65 42 94 58 44 18 100 0 93 50 34 51 56 48 49 117 35 105 71 62 5 78 0 5 76 42 32 12 18 65 0 22 18 0 24 37 5 0 47 44 25 89 14 18 49 88 0 8 0 84 66 0 10 115 18 103 77 97 2 2 174 130 69 46 23 3 0 82 123 49 14 9 27 0 18 18 33 25 43 21 38 62 6 88 7 37 54 0 68 8 66 158 160 93 0 122 95 108 39 7 151 77 10 49 19 12 71 29 23 20 80 190 93 54 63
40 34 89 21 142 69 182 72 57 147 42 77 101 98 120 135 0 112 66 248 0 131 62 87 104 47 84 67 96 147 18 0 125 49 47 116 5 18 65 175 163 63 10 67 94 22 99 143 94 78 54 66 10 35 124 77 46 35 26 62 109 121 175 64 34 86 180 150 79 63 96 87 8 135 35 45 80 77 15 147 0 79 100 125 61 55 4 206 88 7 37 84 19 20 36 51 76 217 152 178 66 0 86 45 40 129 85 149 83 42 109 215 117 9 28 168 85 136 102 136 18 303 32 32 110 12 39 50 80 185 142 102 103 43 181 110 148 12 104 119 99 200 42 41 73 29 36 51 40 47 97 154 84 81 77 141 96 50 57 51 58 130 111 30 88 155 42 33 165 97 140 47 82 96 110 8 164 76 49 102 172 123 55 5 45 150 6 69 20 135 296 118 78 125 91 70 30 234 31 52 151 100 164 99 90 72 118 156 162 69 58 16 97 207 96 35 34 126 110 35 32 63 119 102 152 82 69 90 9 98 0 54 41 90 10 104 56 21 67 136 81 92 25 130 82 67 144 14 47 187 87 0 32 150 32 24
40 46 16 99 65 60 54 0 52 80 208 24 109 128 149 126 13 70 84 60 40 100 64 64 34 56 82 45 28 40 47 2 135 50 177 66 0 32 0 68 0 126 32 78 56 125 0 73 16 0 41 0 36 85 62 72 136 16 107 15 35 142 69 97 89 56 78 98 62 149 34 23 64 10 80 0 18 56 82 137 84 67 78 63 80 4 59 82 116 107 0 116 72 2 20 94 48 104 13 159 8 111 82 34 1 22 50 14 58 52 94 22 106 0 2 44 0 109 0 57 96 0 18 12 36 74 40 0 132 71 10 30 40 130 100 187 29 76 125 42 46 47 0 56 61 130 6 32 15 27 10 107 83 113 0 62 78 83 35 98 20 24 0 0 82 46 78 28 82 36 18 91 170 35 70 32 101 39 18 44 30 143 50 32 20 84 79 64 8 14 0 135 38 48 96 137 0 132 97 60 4 109 48 42 0 100 32 58 84 0 40 54 34 74 30 88 28 100 12 36 72 72 0 108 85 24 0 72 19 146 105 2 91 53 6 72 6 73 28 56 62 73 34 185 138 112 49 13 72 38 24 106 68 22 65 74
65 24 5 66 164 66 27 0 64 12 54 0 144 42 37 45 66 57 87 60 24 0 55 36 124 0 54 101 6 81 0 0 201 126 99 111 48 156 107 75 0 78 28 0 35 117 59 0 12 0 9 21 15 5 24 109 85 84 35 68 78 93 16 54 198 105 40 28 64 76 72 78 7 0 48 13 63 42 35 109 27 106 56 27 62 0 121 135 8 173 24 64 45 111 0 102 57 36 5 108 72 111 97 12 64 54 122 95 87 15 6 18 140 0 0 180 31 109 28 80 36 78 77 78 154 128 0 33 139 20 10 0 12 12 71 35 79 108 54 53 70 0 56 34 47 39 49 81 24 33 36 36 88 167 6 0 0 78 8 78 45 146 54 0 54 80 60 45 116 87 35 92 138 40 58 75 4 79 82 42 27 100 99 81 122 46 36 60 21 88 28 42 7 230 70 0 64 137 54 93 99 38 170 0 39 59 0 38 168 30 123 90 184 103 99 87 179 49 39 79 100 24 50 126 13 16 24 62 223 139 0 15 90 83 6 92 168 0 98 127 0 67 18 68 261 0 60 54 0 69 96 24 18 7 63 9
38 101 41 54 4 0 72 7 66 20 51 39 0 63 74 0 0 54 47 97 18 24 0 45 105 4 10 0 78 0 0 0 0 72 18 56 8 0 32 8 0 0 54 16 140 68 28 42 41 3 36 69 6 18 20 0 28 18 50 36 180 63 82 28 89 46 0 172 0 45 49 45 20 86 24 0 37 7 53 165 59 6 18 80 67 103 64 86 10 14 63 0 57 0 73 21 57 52 34 2 48 0 82 83 0 16 11 58 20 53 142 65 59 0 0 50 137 60 26 26 108 49 0 78 16 0 24 0 0 6 177 96 32 20 73 36 2 74 93 0 40 28 0 58 80 54 9 47 0 68 70 36 97 109 0 0 147 99 24 207 43 17 36 0 0 10 49 99 56 45 99 91 54 40 38 53 36 67 2 79 67 54 151 8 43 0 0 0 17 46 39 54 0 20 10 92 20 11 83 0 18 0 78 129 52 94 54 0 84 88 63 0 0 85 66 36 12 64 16 18 28 36 0 56 0 24 0 18 13 4 54 10 0 58 0 50 147 12 128 72 11 7 35 61 4 137 0 0 0 14 43 74 97 29 63 32
30 20 90 92 48 119 7 53 133 70 74 16 65 105 73 121 7 58 148 103 64 24 191 81 216 27 52 75 133 67 42 32 95 40 4 150 19 89 101 175 32 0 38 6 136 138 141 12 129 15 62 45 84 0 97 51 14 15 6 16 43 106 51 45 76 190 131 88 40 75 66 45 66 18 117 60 56 108 12 71 32 86 0 97 63 7 12 142 40 229 95 36 156 90 61 23 28 156 63 37 12 17 40 158 72 148 95 10 45 0 113 183 59 6 0 80 73 136 58 134 0 59 219 42 51 49 33 104 159 64 132 18 95 27 109 71 109 8 8 18 129 96 66 9 31 54 66 92 16 74 90 22 106 129 153 90 72 27 82 4 82 88 27 18 3 40 71 39 96 155 189 42 0 32 90 107 102 47 21 16 154 26 65 90 45 91 41 0 42 7 9 18 0 25 168 68 177 140 32 147 35 86 0 62 113 52 24 26 57 53 39 40 126 61 12 129 136 45 127 50 69 50 88 77 125 44 4 66 36 4 36 208 117 135 60 83 91 96 82 63 42 181 3 93 80 15 83 63 20 126 205 126 78 30 40 81
0 12 0 12 15 76 24 0 38 9 75 66 28 81 167 71 12 0 0 18 34 152 56 187 96 0 27 24 113 64 0 4 130 38 97 8 0 48 56 30 0 75 44 88 14 72 0 35 12 12 12 24 3 136 28 108 82 21 10 0 79 4 66 0 37 72 18 16 51 32 88 24 76 18 24 6 21 32 32 108 21 44 14 64 0 0 56 58 64 90 0 3 54 72 0 0 28 63 5 69 0 0 24 22 0 64 20 32 99 0 18 49 37 10 56 42 2 41 108 91 0 4 88 0 51 0 56 74 0 107 47 99 33 8 292 18 0 66 0 0 4 3 49 0 10 0 0 107 0 6 0 25 131 67 40 9 80 81 72 32 33 66 29 48 27 21 24 18 88 14 0 75 96 0 65 6 0 19 89 0 0 156 18 68 0 119 36 100 9 8 36 49 8 96 63 36 18 0 16 2 44 2 48 42 0 54 36 56 70 88 75 78 85 0 64 18 76 77 78 37 7 135 6 63 24 12 55 8 83 60 45 66 0 6 62 82 32 66 36 90 0 16 24 0 82 20 73 18 148 18 18 20 32 4 15 32
15 22 107 41 94 127 65 41 62 0 31 120 76 102 27 0 39 48 85 98 171 32 105 86 120 136 168 64 189 314 112 74 10 92 60 44 24 236 113 0 43 24 48 115 79 18 6 47 20 0 48 117 80 104 0 134 164 70 108 51 197 104 45 55 168 40 0 0 137 54 127 169 85 40 211 2 65 73 18 101 49 5 8 49 11 55 142 118 72 153 53 60 9 65 54 51 55 107 0 73 36 128 16 106 71 85 67 20 52 10 0 71 30 15 74 178 40 196 0 174 160 84 84 100 42 114 65 16 162 28 170 75 58 0 25 127 58 50 54 68 47 10 7 0 70 32 72 34 138 120 76 35 140 128 5 54 119 62 42 173 45 54 144 27 24 171 75 2 14 41 18 181 19 170 35 83 18 99 80 42 106 6 135 223 128 24 16 121 63 84 211 84 42 205 25 175 55 137 0 65 30 111 72 162 50 112 0 111 70 125 24 71 201 80 148 122 126 68 86 60 8 27 105 20 5 90 45 71 28 56 16 53 101 146 32 72 172 54 45 94 0 43 90 90 190 165 65 35 96 78 73 164 62 19 52 56
112 87 27 79 55 51 161 39 185 35 20 105 91 0 83 30 9 56 140 76 11 28 169 39 306 27 71 81 175 126 123 45 86 94 85 12 58 192 192 102 66 24 6 118 145 36 57 13 84 0 43 14 93 36 0 168 96 100 140 28 70 133 5 12 54 18 115 143 113 29 41 137 15 60 162 79 28 140 102 95 0 39 53 58 87 36 93 84 104 87 120 12 39 46 0 82 0 48 29 12 51 105 47 114 90 32 45 46 54 57 140 43 24 24 18 55 33 161 42 87 29 24 183 20 223 64 26 72 72 47 62 0 92 24 57 153 35 12 21 0 40 34 44 110 16 69 45 19 73 177 10 35 191 15 84 38 51 6 129 98 126 111 63 59 0 35 1 87 66 25 62 108 142 0 108 75 95 51 18 121 110 86 108 100 29 16 74 67 79 138 99 20 12 57 161 135 64 219 72 218 39 77 6 0 64 81 0 68 134 119 109 56 191 18 162 7 12 67 44 13 22 115 82 24 58 75 117 143 179 3 39 102 172 36 106 30 50 0 3 209 29 152 42 37 6 0 124 77 53 67 99 72 64 105 33 5
7 0 18 68 90 108 18 21 12 85 78 47 0 0 38 73 0 48 27 82 52 63 7 44 5 159 9 45 242 7 0 86 42 121 116 6 56 81 48 0 30 24 71 116 64 39 168 0 0 28 69 11 18 65 36 4 15 0 38 36 6 40 68 40 12 65 61 89 52 30 92 111 35 18 18 75 15 168 2 36 42 151 81 35 80 57 0 88 10 51 83 63 93 0 8 70 84 46 12 12 158 57 62 14 18 27 24 72 0 9 85 9 87 4 28 115 38 103 20 54 24 50 86 12 0 33 0 62 58 98 0 113 14 130 128 2 64 79 32 56 123 27 0 88 0 66 10 31 33 50 59 0 88 79 56 72 105 126 70 9 51 56 25 27 1 16 36 43 87 16 27 131 0 32 0 71 32 53 74 110 5 107 122 103 104 101 40 49 8 48 27 9 0 84 83 12 127 79 0 0 0 107 52 98 16 54 0 84 90 95 0 99 175 18 44 0 74 34 145 29 51 112 150 48 56 0 26 76 4 66 67 231 189 43 80 264 78 66 124 133 15 71 95 1 32 63 16 6 53 49 20 35 69 1 67 3
20 32 24 86 122 60 40 63 23 99 45 0 0 0 0 18 28 89 25 39 62 52 84 51 66 51 6 0 48 37 27 87 0 72 64 14 75 0 7 88 0 0 27 0 41 15 0 88 40 24 144 27 12 21 100 30 109 10 18 18 56 64 121 146 156 0 0 20 21 0 64 3 7 71 48 51 0 114 89 63 17 56 77 30 0 56 18 0 30 53 42 3 24 0 157 54 87 25 45 61 0 79 16 39 115 51 3 56 90 43 114 42 105 0 0 22 39 54 9 99 164 1 84 3 0 0 15 35 71 60 50 82 36 50 35 0 25 20 0 75 71 64 0 36 3 142 87 15 25 57 45 21 27 3 0 28 45 42 150 48 9 18 35 65 42 0 36 11 54 24 0 75 91 26 57 25 92 120 27 0 35 18 18 64 74 19 11 0 40 71 59 48 0 93 24 75 27 101 149 93 76 35 74 60 70 0 0 42 0 63 21 35 20 32 71 32 37 147 21 3 33 63 0 68 79 36 126 27 65 147 3 21 61 225 6 72 60 44 9 165 21 0 78 30 6 35 30 74 58 70 9 30 9 0 0 0
94 16 50 33 24 40 42 0 71 66 24 25 32 40 5 54 30 121 15 47 49 108 0 18 93 27 48 8 110 58 23 59 130 149 65 160 24 70 98 12 26 12 98 134 21 40 103 52 45 16 74 46 8 100 20 42 57 9 97 91 20 58 18 57 52 134 0 0 68 74 118 168 21 8 103 34 215 106 88 113 24 94 88 66 82 34 42 83 0 16 73 59 0 0 36 96 24 82 23 21 96 73 10 18 36 117 121 0 7 41 136 94 56 0 46 110 0 180 27 13 18 10 135 121 98 105 0 25 94 60 46 44 45 9 98 23 60 41 80 35 89 106 10 81 60 8 24 17 130 51 80 48 0 89 96 0 8 36 13 27 130 86 110 64 20 104 90 15 140 9 47 86 61 154 67 266 15 141 10 0 112 45 0 89 107 60 59 73 61 220 119 140 8 125 49 87 105 72 45 23 4 58 54 83 64 44 0 4 103 61 11 68 245 32 24 0 73 74 43 10 28 136 56 86 28 64 5 18 34 63 21 137 65 109 38 175 48 49 89 64 44 87 124 92 52 0 4 105 26 103 55 59 16 18 72 21
18 104 66 4 0 0 40 4 90 62 11 134 10 8 14 6 43 56 27 0 8 0 49 144 138 74 0 24 104 9 0 161 0 32 174 64 0 12 35 32 48 0 67 42 81 0 12 14 24 21 173 15 0 24 0 108 21 42 50 19 65 15 1 59 42 124 0 0 0 20 8 50 0 3 19 75 0 26 0 195 48 28 2 43 16 12 35 81 0 92 8 18 20 5 44 82 0 0 30 12 9 89 89 88 8 63 4 91 11 63 100 6 69 14 4 7 56 24 0 16 48 16 68 89 83 44 54 12 48 56 92 18 0 36 4 19 71 28 0 54 48 4 45 74 115 87 65 68 42 14 49 54 36 10 0 10 20 20 0 63 0 0 90 154 58 0 14 28 48 14 14 0 24 15 97 24 0 45 16 8 0 0 30 99 39 34 0 1 30 23 9 0 70 24 45 117 23 0 0 42 0 14 92 106 18 89 0 27 0 34 7 0 30 30 20 126 6 0 91 2 0 20 34 18 177 42 0 8 93 8 54 29 1 67 36 24 46 0 172 25 36 56 0 26 48 35 6 44 51 0 14 0 65 50 20 56
74 42 57 27 150 167 56 20 24 85 96 41 0 78 16 16 54 32 48 109 64 80 51 106 75 79 48 77 87 66 81 18 153 200 16 30 132 68 30 18 27 81 0 51 59 108 157 4 44 12 0 46 50 140 92 69 36 56 87 72 75 18 32 59 81 5 17 63 14 14 87 81 20 42 72 7 78 142 38 81 72 15 117 27 104 158 93 85 39 141 88 69 0 21 98 40 58 2 12 64 114 39 1 39 140 45 90 15 7 92 55 56 48 8 21 85 41 54 156 91 118 104 78 54 56 73 27 10 66 33 6 74 83 52 0 34 38 179 25 42 117 44 0 43 58 94 20 86 52 178 81 0 12 0 38 65 10 81 121 18 74 5 16 51 94 40 54 33 106 0 26 140 104 225 81 5 4 105 20 34 5 54 15 63 134 60 72 12 0 68 92 39 24 96 72 8 48 35 0 80 24 116 0 23 28 45 0 51 9 100 30 49 91 36 78 42 63 0 108 9 147 21 24 122 141 91 0 43 20 54 0 148 153 20 0 72 107 54 47 0 133 120 164 154 0 64 33 88 77 149 13 36 48 46 109 0
63 42 84 85 62 112 51 33 64 97 41 38 12 46 32 0 34 82 0 161 92 5 60 27 5 0 75 69 100 34 6 30 66 74 0 11 75 70 78 3 37 103 39 37 165 52 97 51 139 6 144 97 63 8 71 40 70 56 88 60 18 3 77 31 0 106 64 112 151 52 12 156 11 129 131 83 11 102 3 118 65 79 0 100 72 0 24 160 29 162 42 81 20 18 76 49 22 0 48 44 30 133 138 7 123 23 45 107 53 63 51 78 106 24 24 116 54 165 0 54 58 9 3 21 88 7 19 53 100 90 66 0 7 51 32 109 83 8 113 32 4 48 8 232 6 188 12 76 28 82 64 164 18 55 59 90 56 6 64 4 140 12 7 9 3 15 119 49 21 14 69 45 12 117 111 18 45 99 16 171 0 28 129 178 109 27 71 133 0 42 110 158 122 49 191 94 36 143 66 34 37 72 0 41 52 21 0 69 21 81 27 48 45 54 111 39 42 51 84 66 56 167 30 77 171 48 0 103 79 12 81 51 84 103 21 31 96 89 41 14 196 66 26 65 21 66 117 65 101 68 45 34 119 16 20 72
66 0 78 51 45 6 9 13 76 6 42 15 0 6 10 6 60 98 69 9 0 103 193 18 16 6 5 149 4 26 63 85 63 87 68 0 89 0 21 44 21 36 16 61 38 54 199 89 99 63 6 63 86 135 34 48 89 81 29 64 96 116 64 10 124 35 24 177 103 0 2 57 84 45 187 113 7 91 45 43 75 40 113 93 132 0 62 45 4 36 0 27 7 14 0 0 38 18 2 81 0 0 52 36 93 20 24 42 30 30 142 78 59 35 0 117 99 108 95 90 113 9 18 7 48 0 56 23 24 78 198 109 49 63 83 52 34 4 31 0 133 42 41 107 20 129 0 31 6 201 33 16 6 42 43 9 47 65 80 101 36 51 9 26 0 0 89 35 69 42 146 50 66 0 120 9 66 76 28 82 128 2 7 186 16 95 30 46 53 32 121 10 4 63 105 54 83 77 54 18 52 56 114 64 129 32 3 18 19 10 105 0 111 150 60 55 20 0 24 54 174 76 60 63 105 84 6 66 92 0 0 37 47 7 92 88 27 0 12 36 26 49 15 81 59 42 24 0 14 66 96 66 36 27 23 90
59 106 24 31 11 12 20 21 68 70 137 99 64 21 28 27 62 11 42 96 50 0 72 18 2 72 51 59 28 106 144 97 100 75 120 120 45 50 49 18 65 81 40 85 65 20 0 27 63 0 115 33 0 111 0 90 82 78 69 151 39 101 81 64 53 54 0 95 141 71 0 87 85 35 38 32 45 21 49 73 56 87 0 18 79 18 8 6 20 38 8 40 36 22 84 96 87 24 17 113 40 5 74 20 57 44 18 28 50 110 16 0 15 0 0 157 42 129 0 100 65 0 53 59 76 47 64 18 107 23 54 16 25 94 54 56 45 96 0 175 40 18 16 135 3 116 14 47 0 134 41 45 150 21 41 45 0 17 93 165 12 22 9 21 101 8 52 24 150 14 25 10 60 81 102 42 64 28 0 57 35 0 35 118 166 52 8 128 42 88 138 144 59 117 107 48 37 115 54 10 53 38 42 110 73 83 94 47 32 20 17 82 35 46 6 205 0 98 8 33 92 27 67 45 29 2 0 87 42 88 32 54 78 63 100 135 45 54 54 35 98 50 52 66 85 48 111 4 199 64 108 74 6 25 10 51
0 92 69 18 6 0 0 0 66 89 48 45 0 0 4 42 77 27 117 60 20 24 0 0 48 16 54 0 94 30 62 0 61 25 125 38 45 30 62 26 94 3 33 63 77 79 0 45 70 0 160 35 0 28 0 19 145 36 24 3 9 17 24 0 20 147 27 87 59 24 0 40 38 39 35 0 6 0 35 11 82 109 8 49 16 48 99 67 44 44 0 2 52 5 0 124 16 0 18 72 30 37 69 0 72 0 0 46 3 41 24 22 81 0 0 54 24 130 6 40 155 0 110 86 0 0 106 2 2 52 69 34 27 16 0 89 0 67 52 30 16 0 64 134 50 16 128 106 20 54 70 59 44 0 0 0 29 25 7 98 23 2 129 42 48 16 0 0 62 2 0 8 34 7 56 92 47 69 47 27 89 167 11 54 36 55 57 64 21 6 46 76 12 125 24 48 105 0 62 72 34 49 30 15 2 0 76 36 44 10 42 0 0 12 6 58 60 8 34 0 8 0 69 14 78 42 0 48 40 67 0 0 55 55 54 56 99 45 78 24 28 7 37 35 24 89 0 0 15 36 66 40 22 62 0 121
76 4 20 42 29 159 18 4 0 95 78 64 86 126 122 0 0 9 103 97 28 105 49 24 63 63 115 44 90 0 15 92 171 0 184 175 0 44 54 32 34 18 10 96 145 68 170 12 93 61 35 6 106 76 8 132 40 42 114 0 4 48 65 49 49 145 52 1 30 94 59 106 4 74 42 120 46 87 133 7 63 87 9 107 8 72 0 39 2 31 0 34 64 0 0 23 0 67 47 39 81 70 174 48 38 36 0 10 0 6 133 142 20 55 66 121 32 76 30 27 42 111 109 75 63 12 0 81 206 203 8 84 165 66 77 132 130 10 33 96 145 141 72 98 16 94 44 122 2 15 33 12 186 54 24 54 45 4 43 91 32 64 18 42 0 73 16 41 143 0 72 62 88 16 10 34 45 32 83 16 12 130 92 51 149 67 28 38 80 36 129 44 105 147 2 30 126 24 17 36 60 12 22 84 20 40 15 96 100 106 55 34 126 0 62 56 93 105 92 5 40 12 126 74 48 88 75 14 59 170 16 0 126 44 84 165 26 0 92 64 0 89 20 51 170 3 22 4 36 130 25 4 35 58 4 0
45 39 35 36 1 48 160 0 38 34 24 66 43 0 142 4 56 27 32 4 14 0 42 63 147 32 16 66 207 103 9 35 112 39 18 18 128 30 35 139 51 72 28 76 12 24 18 87 21 112 53 3 39 88 16 95 71 16 128 0 0 27 0 88 99 1 54 12 1 151 40 18 1 72 56 48 59 54 72 51 54 8 5 18 3 9 4 61 40 98 68 20 9 78 0 123 49 33 4 108 71 36 42 43 64 7 57 0 1 186 98 38 124 25 20 17 7 9 37 0 5 96 157 12 105 32 51 48 178 0 0 42 46 7 118 105 50 126 51 131 16 36 88 109 131 16 116 30 32 30 135 31 3 27 9 58 39 29 34 100 82 176 16 29 6 60 6 84 12 57 58 102 61 38 0 68 0 44 52 32 62 27 8 125 74 58 47 10 69 72 129 64 114 48 12 60 72 0 24 32 0 7 52 38 8 43 16 100 103 167 0 0 0 6 8 83 33 5 94 58 8 64 92 43 21 12 0 14 48 107 3 83 0 55 4 14 24 5 86 47 16 122 8 25 14 40 127 7 44 195 3 42 34 8 76 93
140 205 40 77 123 69 77 6 79 83 133 47 64 81 188 24 46 106 74 76 246 38 117 87 138 82 18 72 105 134 0 27 238 0 146 92 5 150 94 45 154 72 51 92 115 106 62 114 52 30 12 54 50 102 126 35 35 14 92 24 126 89 42 145 184 69 16 65 101 36 163 207 105 2 66 18 124 0 137 55 62 47 99 30 81 182 103 102 54 90 160 210 99 171 131 34 11 71 98 62 134 85 45 75 108 5 12 11 78 38 98 123 24 0 36 109 59 180 28 113 118 7 0 135 86 96 193 34 150 154 87 134 111 22 17 143 0 136 81 81 138 92 28 12 135 152 86 46 141 277 57 20 136 162 107 8 102 2 58 234 60 33 56 99 31 64 28 163 53 134 55 68 181 54 25 83 74 117 101 47 48 96 180 63 114 14 20 87 96 72 45 68 72 101 92 78 28 121 51 20 117 117 66 148 62 15 40 12 100 102 98 7 116 20 78 2 78 67 54 104 65 0 90 175 6 16 68 52 135 66 24 42 48 111 16 128 142 45 116 123 105 16 60 91 80 73 20 14 88 47 24 135 93 88 111 26
106 0 69 35 46 18 41 9 17 70 45 12 4 20 98 0 42 0 89 46 66 25 30 0 13 54 0 56 0 44 67 28 70 76 160 40 66 19 18 12 37 21 59 29 58 7 166 23 52 0 0 8 56 100 35 75 183 45 7 42 95 80 35 45 110 98 0 0 27 71 71 4 52 3 45 6 54 63 25 29 31 8 44 120 69 35 27 18 5 1 52 68 0 56 49 28 45 60 52 129 55 46 63 21 58 0 35 6 0 32 0 7 46 5 21 96 40 7 30 9 32 44 2 6 73 23 79 20 93 49 80 42 84 42 93 0 55 0 0 49 83 89 27 80 16 28 20 83 0 150 43 0 51 33 8 9 45 27 24 92 30 0 0 2 20 0 4 24 63 0 101 0 129 7 49 0 103 18 10 89 11 8 43 102 29 9 10 14 112 18 63 98 0 45 45 32 0 0 25 0 114 40 25 34 37 69 7 49 45 0 30 15 53 64 66 9 10 41 25 3 94 39 77 56 55 14 35 30 12 41 0 27 0 0 30 25 32 65 35 117 35 3 0 68 34 0 40 6 0 0 43 89 63 41 0 90
72 46 35 144 24 255 16 0 12 120 24 0 15 42 116 13 20 65 48 41 20 21 154 0 75 79 76 0 36 72 69 63 132 82 99 30 113 9 107 0 18 40 165 160 28 24 0 112 80 0 0 54 127 86 119 27 90 75 76 98 31 0 48 0 21 0 0 41 40 6 72 61 73 8 0 0 82 63 35 100 0 99 12 84 58 42 113 18 97 0 102 56 66 0 56 48 32 64 0 6 20 213 117 5 76 5 81 3 100 0 76 82 39 24 0 69 0 85 48 24 167 0 63 6 60 8 32 54 0 24 24 30 64 0 63 57 75 44 33 79 8 12 40 154 7 162 8 72 43 0 35 0 27 0 29 72 0 5 162 0 45 9 36 48 0 8 98 83 45 21 125 63 0 6 77 40 71 69 25 104 75 102 95 225 60 77 48 30 16 129 155 42 63 86 14 0 0 85 33 114 123 8 48 0 115 0 8 7 77 35 56 190 39 0 128 56 12 79 36 0 4 85 6 73 74 15 27 61 93 0 64 0 124 40 188 147 54 126 37 53 90 58 29 8 90 96 58 0 63 44 39 120 170 110 5 61
6 128 10 0 70 32 76 2 88 228 110 0 72 40 76 44 54 2 179 83 12 0 110 0 21 46 0 42 0 4 0 35 56 71 88 83 49 0 9 36 41 0 21 111 0 29 42 129 0 53 78 74 50 90 46 96 34 0 18 0 6 0 66 6 54 13 12 44 33 42 45 76 0 9 0 9 32 0 29 152 148 70 0 24 76 0 31 21 59 74 40 96 0 72 121 106 29 154 0 0 52 46 21 81 49 14 116 40 7 14 45 120 71 40 0 203 28 87 0 3 27 53 79 48 135 0 0 0 92 56 87 6 53 0 130 14 30 12 67 52 0 0 0 103 28 95 32 2 100 75 41 56 110 66 6 89 102 166 36 190 0 64 70 72 0 41 57 0 26 25 6 9 139 30 27 50 0 44 63 157 63 0 12 55 164 59 38 28 42 81 56 68 134 8 0 7 0 0 79 8 26 4 9 109 0 0 36 0 48 134 35 96 128 60 0 54 153 0 84 29 7 62 95 0 93 36 27 51 27 59 0 46 92 34 40 48 127 90 47 16 66 0 67 25 77 41 0 13 18 76 72 63 16 63 75 42
0 130 90 13 18 63 21 0 49 90 50 70 24 62 53 31 25 116 50 51 10 20 10 77 30 57 32 53 41 14 37 30 168 76 140 135 89 78 28 51 0 40 72 59 0 6 49 56 55 0 69 131 31 55 18 39 112 73 82 7 94 144 60 100 128 53 22 67 44 43 39 155 71 54 48 1 14 39 68 75 19 9 19 109 10 28 44 87 108 87 19 42 14 42 20 0 84 0 15 69 0 48 58 33 38 11 42 66 12 123 87 90 5 52 63 31 58 142 83 42 75 63 126 80 58 16 73 79 32 126 149 78 21 41 13 131 20 65 8 0 119 27 0 29 0 16 16 195 6 118 60 34 198 18 29 4 64 0 30 139 25 18 28 7 4 10 0 117 134 113 37 35 134 48 24 123 36 90 70 77 57 46 123 80 34 57 99 114 0 38 152 76 10 55 53 40 42 43 137 95 0 42 64 126 6 96 122 8 115 53 45 61 154 33 79 75 62 46 127 0 15 15 102 67 53 28 24 13 48 49 22 0 121 42 143 28 204 78 18 118 87 31 26 39 29 48 72 63 116 21 61 144 65 18 20 27
42 28 0 6 6 0 45 6 38 86 84 36 0 78 152 16 30 15 52 73 84 0 33 248 151 0 7 28 224 0 30 44 111 44 106 34 11 0 108 83 6 99 49 0 86 111 183 93 32 90 54 40 26 71 64 54 101 0 73 81 46 25 120 21 127 117 32 0 52 16 57 15 98 30 0 31 64 54 10 48 76 8 76 122 94 48 63 30 29 16 58 0 0 57 48 99 67 40 63 179 107 0 95 120 26 210 24 20 2 85 35 12 0 31 16 81 107 98 11 48 94 45 13 0 42 4 111 69 4 28 60 92 72 102 147 0 99 76 60 20 111 80 99 98 84 99 24 146 0 45 42 4 66 0 0 44 72 73 0 56 48 0 61 0 7 0 70 76 6 35 5 84 18 76 138 3 113 0 156 42 107 54 54 51 39 6 0 40 35 68 118 70 75 176 84 0 0 8 85 13 0 0 64 0 53 108 28 72 93 13 99 89 106 64 78 7 68 107 0 32 12 76 72 94 54 56 70 62 98 130 0 94 19 7 20 7 28 6 175 41 148 0 5 24 16 5 141 50 9 139 69 48 23 80 24 25
113 8 98 18 74 50 83 0 9 31 63 200 0 0 57 6 3 7 110 80 18 77 33 18 43 0 72 0 76 45 66 49 56 88 197 86 61 14 21 37 30 42 98 93 46 21 157 120 45 0 30 77 4 70 45 59 70 72 30 4 158 120 12 0 102 97 68 80 88 122 69 48 104 26 140 76 0 70 67 66 40 47 50 45 73 31 93 90 0 0 0 108 9 74 24 10 24 63 54 201 12 72 45 8 25 108 56 48 0 0 102 93 32 15 40 10 108 184 24 27 30 46 0 31 71 64 72 105 7 64 0 7 65 104 40 60 166 28 16 105 226 103 27 64 0 26 0 78 130 145 42 33 59 15 35 25 21 136 36 146 36 59 67 18 20 59 3 0 125 6 129 52 153 40 96 54 99 34 31 117 5 6 100 70 37 20 100 120 125 72 115 75 12 226 81 54 30 0 24 112 76 80 32 52 88 66 68 38 37 18 63 0 124 38 73 83 108 28 89 51 58 143 119 82 68 107 24 48 123 50 86 62 63 88 66 118 46 78 39 94 26 0 24 10 98 56 40 22 45 48 12 24 4 58 0 24
14 12 64 68 63 156 18 0 67 132 138 125 49 0 15 48 6 20 0 25 24 74 49 20 84 54 63 56 0 104 12 0 45 59 92 24 63 48 71 57 49 0 60 99 132 48 36 34 4 72 92 70 15 16 131 56 0 46 18 74 16 64 20 33 110 84 20 0 24 89 70 102 42 127 62 14 3 42 68 41 34 17 55 34 0 2 4 47 24 83 35 2 0 27 12 80 67 15 15 81 74 73 0 10 22 121 18 0 0 6 132 40 28 23 24 69 1 3 24 4 52 34 38 6 41 0 21 102 127 48 68 56 0 48 33 33 71 82 45 104 48 9 24 152 46 117 15 72 0 32 88 25 60 29 4 36 52 2 59 61 18 90 22 93 6 155 23 28 19 7 52 47 56 4 12 256 7 27 20 6 77 10 66 19 42 111 41 84 8 42 139 56 60 10 8 27 84 22 128 49 35 41 52 0 12 21 56 12 70 93 141 108 20 5 35 9 92 94 80 8 15 14 147 56 0 0 88 86 3 106 45 72 72 99 181 114 127 63 56 30 0 48 118 58 49 0 16 61 21 130 54 0 65 0 4 35
6 119 44 99 85 78 56 39 0 33 9 105 16 66 17 12 25 110 25 48 8 50 53 45 164 35 94 15 44 26 24 133 105 0 137 52 72 36 41 36 30 0 44 101 67 68 51 122 28 0 72 85 27 56 0 35 47 52 29 30 0 14 18 72 56 64 15 55 7 30 23 12 36 20 46 76 33 58 25 97 96 65 47 49 0 41 34 10 16 90 59 34 42 62 66 35 15 22 22 36 75 0 76 25 7 68 64 71 46 27 40 80 162 65 0 24 62 157 21 124 5 12 65 97 184 32 21 51 79 4 0 32 50 43 72 72 79 166 48 46 9 55 93 3 16 174 60 162 6 24 27 24 30 36 25 13 61 46 0 107 9 80 32 41 27 0 89 132 165 0 75 53 22 75 72 0 20 32 62 36 42 114 21 88 153 9 42 12 75 62 33 18 28 90 11 54 30 0 34 3 26 29 94 68 48 102 0 63 125 108 44 21 20 63 27 134 94 20 107 8 64 127 0 30 21 118 32 0 109 49 18 33 83 0 40 18 113 56 0 85 20 27 0 85 14 69 18 57 42 20 32 8 0 0 6 12
77 30 56 16 5 75 59 5 22 16 35 70 53 63 0 40 29 34 53 40 8 0 42 120 68 49 0 21 38 86 64 47 5 46 185 97 64 69 36 20 50 0 31 79 77 75 180 67 38 21 30 0 51 30 103 78 80 64 71 42 175 45 93 90 169 27 55 0 64 36 78 40 48 9 33 0 40 90 15 66 0 116 84 27 70 18 69 20 66 84 29 40 34 4 149 82 65 20 0 62 3 25 94 64 15 138 69 20 0 0 45 15 12 0 15 55 0 4 0 64 0 59 39 37 35 43 109 25 142 93 86 0 5 52 115 32 97 50 54 118 145 96 0 77 95 179 16 92 45 109 75 27 77 72 2 4 54 79 30 31 41 35 34 6 48 55 0 54 78 0 45 52 136 24 51 65 0 5 44 127 92 45 92 91 142 59 118 116 76 143 90 44 0 8 124 40 56 72 20 58 35 36 64 118 0 9 12 0 43 96 65 52 116 87 37 133 0 150 95 0 0 81 43 98 11 0 76 49 0 56 76 61 45 123 69 68 112 63 66 24 46 41 88 42 44 10 20 23 57 205 7 36 112 40 27 115
16 187 58 57 76 48 99 62 68 100 103 0 82 134 98 129 48 32 149 106 106 0 129 150 30 54 82 24 219 24 67 37 87 116 182 42 110 62 12 102 72 60 146 0 81 92 0 205 13 63 117 6 27 128 130 44 188 80 23 18 104 161 111 57 79 0 97 40 72 122 56 56 14 32 22 18 76 91 0 115 132 149 165 66 84 179 137 206 63 42 70 54 88 132 129 232 5 144 8 95 61 0 87 51 4 6 117 81 46 145 63 27 84 45 9 84 136 154 49 70 118 47 132 42 191 48 72 66 0 24 4 54 24 101 109 171 86 116 152 64 45 45 131 277 8 274 12 18 27 148 153 55 78 60 61 0 39 140 0 240 6 108 0 102 10 178 158 126 174 18 37 112 59 75 85 114 69 114 3 135 258 184 113 36 103 63 25 91 0 205 70 100 0 99 119 95 72 172 198 24 125 46 80 45 67 5 66 170 106 8 64 117 19 143 82 71 177 81 79 38 90 108 0 97 87 117 41 213 54 216 59 138 140 44 87 88 72 56 22 44 140 20 47 12 183 20 18 41 63 170 220 97 47 103 21 40
60 2 49 20 33 0 23 10 53 93 44 30 14 155 24 77 28 56 50 66 32 16 16 0 64 56 50 96 52 23 15 53 8 2 36 0 54 5 106 0 75 32 0 10 71 51 90 30 18 0 40 20 69 11 29 2 32 8 0 88 24 0 124 48 56 107 49 34 75 63 1 62 42 20 110 95 8 39 8 46 50 20 12 0 14 6 96 36 20 64 0 9 0 100 67 7 8 55 3 40 93 48 47 38 30 13 26 88 16 28 2 31 20 0 8 20 95 217 4 12 30 48 30 0 12 7 0 24 6 0 104 26 0 68 0 44 25 1 64 57 0 47 0 69 7 40 28 68 12 84 0 40 25 79 54 63 56 55 45 4 90 14 43 37 8 17 0 0 24 22 80 56 18 42 46 29 56 46 0 0 16 27 42 36 10 14 9 0 14 8 76 33 63 50 56 10 60 28 9 22 0 58 50 14 35 14 32 0 8 54 32 6 0 22 51 48 0 4 16 0 35 0 23 6 74 0 0 0 49 24 27 33 63 53 18 0 45 0 39 0 24 68 55 12 2 49 0 14 52 2 18 28 36 14 45 44
161 112 121 48 33 106 31 54 116 51 30 29 58 68 35 78 115 36 112 71 84 58 63 43 156 15 93 149 39 20 58 10 162 114 20 65 13 213 28 69 64 72 22 32 104 137 97 26 88 0 23 5 23 122 30 98 47 45 151 33 0 83 55 63 83 67 25 71 10 116 15 117 155 2 159 16 24 0 102 86 70 0 48 24 66 56 81 204 23 25 112 1 73 36 69 12 112 54 26 52 43 129 3 79 34 49 10 76 30 30 137 59 43 47 55 96 182 43 13 44 57 39 59 19 151 17 79 70 165 54 65 123 92 4 4 128 82 80 76 26 108 0 0 121 69 142 18 53 99 48 50 0 163 128 72 52 35 18 48 77 184 65 0 14 0 16 80 45 5 0 50 79 74 49 63 144 6 22 30 19 169 95 65 41 31 56 139 24 0 53 0 66 31 0 52 84 0 60 106 119 141 27 14 68 57 20 44 21 98 20 36 21 217 34 59 67 67 40 19 39 150 8 108 7 5 0 76 44 89 22 50 90 106 31 33 42 87 42 41 83 26 24 81 205 84 39 77 28 63 0 57 80 137 56 36 80
103 90 46 136 45 20 18 0 0 48 40 89 0 48 15 3 131 87 104 0 40 0 62 0 63 122 0 38 86 57 0 63 56 60 9 50 97 0 5 94 20 31 16 59 52 60 0 23 52 3 101 56 44 26 21 0 101 10 8 35 16 86 55 67 46 37 156 23 177 18 25 60 29 40 70 18 66 41 33 72 36 55 15 60 96 8 58 22 16 172 0 47 63 49 75 57 62 37 0 65 88 63 92 26 99 32 50 39 34 82 102 54 91 20 0 0 8 132 38 129 16 72 12 5 0 66 10 108 6 0 14 12 0 12 38 27 38 91 36 63 49 48 8 0 17 40 2 53 6 92 54 16 40 62 34 56 38 24 75 18 9 18 0 51 0 0 0 23 46 47 42 9 33 24 8 24 57 55 0 63 26 74 118 68 64 10 45 20 0 56 92 60 79 85 137 18 0 162 8 0 25 38 43 55 87 0 20 12 28 85 6 23 9 45 81 19 30 27 75 12 79 120 16 30 51 83 0 27 99 18 12 34 46 51 27 0 6 18 65 63 45 117 61 52 36 18 38 46 98 111 42 62 0 24 35 104
0 112 57 28 32 182 51 48 150 24 31 92 35 45 72 0 7 53 42 95 24 17 101 18 99 37 90 34 93 57 18 54 15 36 72 72 8 78 151 22 9 70 56 94 51 22 114 16 1 3 93 31 122 21 39 95 60 55 0 56 62 43 145 48 21 53 6 9 68 44 21 40 29 0 39 46 26 54 0 84 60 0 0 109 35 0 81 87 120 61 76 28 29 14 66 76 39 36 0 0 100 36 14 16 12 18 4 0 74 0 33 0 2 3 57 44 72 156 70 64 117 0 56 124 153 14 34 6 64 27 72 75 29 0 0 79 95 14 134 107 0 70 0 82 73 161 67 40 89 40 53 117 87 75 108 63 10 55 24 0 0 3 147 36 0 27 18 36 64 0 19 0 24 43 52 43 12 52 36 127 20 6 101 38 151 4 15 3 20 64 52 26 160 25 18 78 29 3 12 13 13 4 0 0 87 8 27 98 6 88 8 44 100 40 62 123 16 111 30 9 9 0 53 3 4 66 0 6 9 20 21 10 50 43 24 40 102 66 0 27 0 101 4 123 6 89 48 5 108 26 31 42 56 81 37 64
35 68 9 26 72 0 67 42 61 139 0 84 49 48 105 10 76 26 51 0 107 56 28 0 102 51 21 104 162 12 42 21 0 84 19 78 26 76 12 146 20 153 111 42 30 24 59 89 67 81 159 0 84 53 56 73 14 6 107 0 0 56 72 59 30 25 0 28 56 65 9 0 65 0 171 4 36 128 5 7 78 64 37 0 124 70 0 141 6 0 16 0 10 21 143 43 27 18 0 141 135 10 25 49 84 0 79 60 7 85 16 9 138 42 78 44 21 63 122 50 35 20 99 8 63 12 35 72 59 39 50 64 21 21 156 46 95 14 120 21 70 8 29 70 12 56 9 10 32 172 0 0 5 35 151 73 5 98 12 104 126 21 0 53 15 57 24 62 0 24 78 44 114 14 25 63 0 12 45 26 91 81 44 19 60 0 0 114 42 39 66 7 45 54 0 10 6 15 18 0 0 35 2 56 0 12 82 135 0 108 32 0 28 0 39 149 91 68 35 67 39 112 38 63 28 111 15 97 1 112 0 168 84 0 85 63 82 49 79 0 0 30 21 75 2 63 138 138 0 59 15 38 38 47 5 8
28 37 8 22 101 53 137 48 24 69 113 65 80 38 108 45 8 45 42 60 104 0 72 10 66 56 75 153 120 36 171 21 242 183 118 112 87 128 56 16 72 18 36 27 19 64 46 41 28 9 78 0 12 151 54 113 80 38 33 117 54 99 16 14 63 149 48 18 59 87 84 203 70 89 64 8 143 118 7 146 45 56 114 27 74 145 81 64 0 97 58 28 18 69 84 79 37 12 45 126 10 86 78 99 51 67 5 50 36 78 70 0 50 65 0 143 27 151 8 112 68 0 118 84 154 29 80 0 92 41 12 18 46 77 74 36 42 118 40 99 28 0 45 44 46 42 42 70 43 92 14 42 162 17 26 24 59 151 70 94 9 51 34 22 42 41 127 108 209 15 81 92 71 16 46 64 80 30 41 37 93 106 93 128 85 59 28 57 99 120 48 117 9 166 117 16 52 195 85 50 26 63 105 17 50 41 68 35 107 79 77 38 97 85 93 32 71 0 93 17 176 0 67 143 63 9 75 58 45 70 12 79 151 40 77 106 106 98 46 176 83 54 167 83 123 0 0 0 39 0 50 123 22 78 56 0
66 93 41 44 63 66 112 58 42 52 0 125 48 89 0 56 120 32 96 124 6 18 0 38 31 41 101 141 89 8 130 3 83 24 25 8 5 100 48 66 122 72 42 37 26 92 105 182 68 31 97 64 54 87 38 0 21 87 54 30 30 0 12 70 20 35 12 122 0 40 150 182 103 9 168 3 0 58 45 30 81 21 167 0 42 3 99 0 32 26 102 16 0 52 86 68 18 20 44 138 12 41 20 0 15 48 87 48 56 50 117 0 53 76 12 105 85 27 59 51 54 39 40 24 120 76 0 116 85 42 40 1 75 50 146 58 131 0 81 66 63 9 21 142 68 22 24 89 14 225 86 16 114 25 5 6 81 26 39 145 25 142 30 30 0 89 6 109 19 42 94 50 16 90 75 59 72 10 38 32 114 23 33 66 76 80 30 28 42 141 0 61 35 84 32 42 122 20 0 26 85 15 16 25 12 16 70 0 25 75 90 0 78 40 78 56 56 64 31 25 154 34 62 34 18 85 69 33 4 15 26 46 64 62 94 0 50 36 24 46 6 21 20 151 91 26 70 12 3 120 80 0 32 45 20 81
30 89 84 24 2 51 30 0 35 64 0 0 0 24 48 30 43 0 107 7 1 86 6 14 84 0 103 36 37 42 12 0 87 64 54 41 91 45 31 46 13 18 36 97 8 173 25 6 92 27 0 16 3 83 174 62 70 0 35 44 3 24 9 63 50 107 31 11 48 103 86 5 28 0 12 0 17 49 49 53 27 80 41 18 56 36 127 4 89 35 28 6 0 24 0 3 84 63 7 144 68 32 3 46 42 39 33 17 0 30 53 48 14 7 28 20 60 16 0 9 150 9 54 0 30 0 0 64 107 84 42 48 8 18 7 15 55 90 101 28 56 67 63 33 70 157 0 148 48 6 35 38 45 33 1 42 7 75 91 40 64 7 45 0 24 69 33 21 14 0 34 78 30 49 7 0 10 48 45 48 31 82 99 71 44 7 117 0 0 60 184 102 61 81 21 4 7 5 35 171 20 40 27 10 59 8 0 6 120 0 81 28 0 12 95 56 31 22 36 4 5 32 42 26 0 28 78 0 154 11 30 36 54 0 37 30 42 132 8 63 8 0 27 60 33 25 0 20 0 56 25 28 167 52 42 177
64 136 0 20 71 115 36 0 72 86 44 48 2 58 0 13 32 29 75 36 8 0 106 0 15 145 41 105 175 0 125 20 133 26 53 136 22 53 81 96 37 32 57 27 54 111 21 53 49 19 78 111 17 100 83 36 119 0 21 18 15 60 54 6 44 26 104 7 124 79 53 64 42 25 92 46 24 62 72 138 75 5 21 99 154 8 108 36 20 137 0 56 0 36 12 120 42 67 0 141 41 97 35 49 24 45 80 16 0 22 32 48 28 0 26 67 24 210 82 9 211 8 129 123 0 56 117 117 16 30 63 18 33 16 77 47 103 126 123 51 18 0 5 0 42 108 8 84 72 123 0 30 88 0 26 77 0 58 133 47 23 0 89 35 0 22 18 39 56 19 60 8 37 52 148 88 119 81 6 81 128 62 96 91 68 0 58 24 48 0 41 44 86 90 77 54 50 56 36 86 40 56 64 80 0 18 16 8 20 76 27 86 83 74 40 102 112 0 51 16 97 69 14 71 163 184 25 42 40 20 30 78 104 18 35 102 54 140 63 107 48 94 72 92 30 153 18 106 24 148 52 79 64 60 24 171
101 90 44 30 43 12 105 48 77 13 39 155 120 84 180 54 90 0 144 0 117 10 86 178 104 54 58 97 228 22 27 54 63 50 105 36 93 10 63 102 72 4 19 153 6 39 18 131 25 12 5 24 42 8 14 62 72 81 100 31 219 49 73 0 18 64 73 138 76 43 24 22 16 158 95 0 92 72 31 173 9 6 40 59 53 134 105 166 115 94 36 40 32 118 84 138 16 64 34 63 39 0 103 91 29 50 121 6 99 36 46 58 115 97 6 54 142 12 22 106 60 45 71 15 98 0 6 45 30 159 179 120 8 64 155 52 66 49 176 30 19 3 92 107 87 78 36 28 31 115 194 41 75 54 2 10 14 56 44 208 155 57 0 1 9 112 45 54 120 61 136 103 54 54 137 0 15 0 36 66 45 84 112 39 84 127 51 82 35 217 115 36 0 52 44 23 49 89 60 0 46 13 50 56 0 54 88 110 172 45 65 0 87 161 102 29 136 0 126 27 66 0 117 75 102 0 21 137 0 64 24 175 84 0 153 63 68 0 126 37 88 50 4 132 190 40 26 24 51 145 43 33 12 36 30 55
32 0 5 14 83 32 32 15 32 12 9 0 27 16 0 102 12 6 64 42 26 0 72 0 21 30 0 6 44 22 35 14 16 86 43 2 29 62 0 58 32 33 16 30 8 32 40 94 2 126 18 64 0 55 36 45 26 0 62 18 56 48 24 16 20 128 0 40 103 54 66 81 40 58 52 2 91 32 125 80 27 32 74 2 117 8 24 12 8 80 24 122 0 0 16 54 20 56 30 28 0 17 72 28 29 21 48 0 26 5 24 44 38 0 4 79 59 57 0 30 4 39 61 109 2 68 5 0 153 48 23 9 28 4 50 4 0 32 4 48 21 44 32 7 21 91 30 55 14 9 91 125 74 65 37 5 0 74 18 56 47 105 36 12 0 42 52 30 54 9 28 56 7 48 0 78 10 68 36 0 119 16 16 109 36 42 15 20 12 9 8 17 107 63 74 46 8 64 41 24 16 81 0 18 64 8 11 4 30 41 35 0 124 97 0 27 80 27 63 90 2 0 84 100 84 84 40 0 0 31 0 4 40 36 0 112 97 0 93 14 132 6 0 45 56 16 0 19 43 54 96 8 2 19 57 0
1 63 84 81 49 111 114 49 29 63 12 72 58 41 35 79 75 80 189 0 6 0 10 36 16 0 0 80 68 0 0 2 50 74 0 0 28 24 9 42 45 99 35 8 77 56 72 224 0 4 240 1 14 48 15 3 8 0 101 44 51 33 32 188 0 101 46 35 23 0 6 153 40 130 36 0 0 63 1 56 130 12 40 9 7 8 18 109 64 149 54 90 0 84 204 140 47 0 2 90 58 120 0 43 0 43 102 115 72 141 14 24 36 33 0 49 0 0 6 60 99 35 8 3 18 0 0 9 23 119 40 44 17 31 20 0 79 91 6 14 28 0 0 72 66 84 8 109 0 115 60 64 68 15 0 12 40 76 23 110 15 107 39 0 0 68 70 130 67 6 27 10 24 192 165 6 0 157 6 28 24 20 0 6 23 24 32 86 70 79 40 6 18 30 44 0 44 18 84 0 82 97 84 13 14 0 32 14 28 81 29 9 0 84 6 74 117 142 38 18 20 114 43 51 226 48 14 84 3 18 0 0 97 86 43 0 40 27 24 28 81 42 71 57 72 41 120 7 66 34 8 6 31 7 15 44
101 100 75 64 56 54 122 56 45 48 131 45 102 84 75 24 42 36 16 36 123 73 55 30 154 58 124 131 18 177 29 45 0 11 117 6 88 18 59 87 117 90 64 152 72 43 57 170 16 30 54 16 6 63 125 43 0 40 16 53 147 102 57 63 127 23 0 58 79 81 52 58 18 66 188 68 26 0 14 138 28 2 30 34 18 54 159 54 4 86 37 25 18 197 36 81 6 180 10 81 149 36 43 0 25 73 94 25 46 16 5 0 37 81 68 124 14 73 38 15 0 0 71 32 92 14 34 18 151 48 159 45 146 45 156 140 90 131 0 6 72 82 115 110 27 208 12 49 71 35 80 65 62 92 25 0 54 64 0 85 141 154 98 24 99 224 54 66 79 8 136 6 137 74 72 89 12 36 20 56 86 46 208 63 45 30 12 136 15 66 257 131 0 0 37 84 99 38 36 35 58 8 91 9 28 70 24 136 131 16 153 117 73 116 171 75 21 99 81 132 40 16 59 70 0 0 76 108 42 57 27 132 0 42 64 180 40 0 28 100 18 21 72 111 232 40 14 51 66 86 67 96 8 1 42 45
45 0 0 42 0 13 0 6 40 4 0 0 4 29 12 5 13 75 0 0 0 18 45 0 132 135 24 84 152 0 0 0 84 2 50 56 0 51 31 55 6 40 7 56 0 0 22 35 0 18 0 39 58 24 82 19 0 0 158 98 66 42 24 0 28 72 0 11 32 7 1 81 103 0 26 12 0 39 0 20 30 94 24 0 31 36 13 16 6 0 8 0 42 20 80 16 3 34 0 11 71 56 12 48 39 0 87 86 46 40 36 90 39 0 23 110 15 3 53 36 36 99 111 0 38 102 96 50 80 27 72 4 42 6 0 72 90 56 16 6 0 30 30 49 16 6 74 0 22 114 40 27 6 38 12 5 72 27 49 20 46 0 12 0 0 57 28 48 30 56 8 14 74 57 4 0 2 0 5 3 96 0 27 28 60 0 27 0 24 56 34 0 5 6 76 81 45 54 2 72 16 225 42 37 84 39 6 15 0 75 0 0 72 18 0 105 45 14 19 20 42 70 24 0 0 54 22 42 6 92 0 96 81 0 87 5 8 27 50 41 3 158 9 0 0 24 6 77 3 23 30 47 173 49 60 24
9 24 13 0 96 72 83 11 93 122 102 119 20 75 28 76 16 28 51 38 0 83 66 44 55 18 49 24 124 103 0 7 29 90 63 8 19 6 65 54 93 86 7 51 102 38 50 93 11 59 4 25 5 36 33 36 37 36 0 3 71 76 36 9 130 49 67 149 0 47 32 32 12 5 70 127 8 22 38 21 65 13 32 35 56 21 53 26 56 94 4 30 0 125 12 83 8 25 24 0 124 12 0 51 44 67 44 26 33 0 30 10 9 4 0 62 49 49 76 24 99 4 68 47 59 0 109 28 22 8 66 26 133 88 49 153 18 48 7 167 84 31 31 67 5 115 28 57 16 0 15 48 50 42 35 48 4 48 21 0 1 168 101 24 60 170 20 0 83 0 0 26 44 39 102 102 1 87 0 4 25 0 70 3 25 143 2 0 93 25 222 32 7 88 28 30 108 43 6 10 129 24 120 84 14 73 0 92 5 44 109 71 35 47 18 56 3 49 30 78 35 0 42 0 48 46 67 0 38 17 0 151 1 21 16 108 99 0 45 100 6 5 49 10 144 131 7 89 8 6 52 7 32 66 23 95
8 108 8 18 0 46 50 44 49 71 36 14 65 12 63 12 0 54 70 136 0 85 25 26 84 21 32 19 87 50 10 49 81 127 16 0 56 54 129 135 3 0 12 51 46 41 42 69 11 49 66 82 5 35 32 43 33 12 4 60 12 69 37 81 27 26 92 72 0 76 127 18 23 25 27 54 8 27 0 203 35 16 109 122 27 56 24 118 64 131 147 15 102 0 88 57 84 111 44 81 54 47 15 31 27 39 24 72 15 60 143 25 12 116 28 35 80 33 20 4 142 56 140 86 6 53 0 86 90 29 54 44 39 0 74 54 105 44 153 14 0 59 58 53 66 130 6 60 0 13 25 139 40 111 78 34 0 25 60 96 6 70 0 35 0 79 41 29 181 0 145 42 9 57 116 102 18 32 30 72 44 43 132 143 65 93 110 46 25 120 66 61 0 0 21 36 99 87 5 179 48 82 64 26 137 16 64 48 118 98 24 81 95 63 110 76 54 54 81 16 23 28 33 107 22 16 48 124 10 0 106 93 72 12 42 0 126 96 8 192 24 93 28 74 0 82 0 18 84 112 77 54 24 6 19 0
0 4 42 73 25 0 115 3 18 96 75 82 12 0 9 0 0 43 25 54 42 56 64 83 92 30 74 54 149 54 0 0 72 39 21 0 60 21 126 63 74 0 27 18 77 0 9 88 43 21 72 15 8 22 54 134 21 58 24 0 88 9 115 54 124 30 0 12 39 24 0 55 0 55 16 0 77 66 0 65 43 83 15 27 32 0 99 42 67 64 4 0 27 49 18 40 93 21 0 48 9 42 89 35 51 80 60 20 89 5 103 171 38 1 0 48 8 24 24 46 69 12 25 18 18 63 39 4 33 111 150 88 72 0 86 65 30 32 12 0 3 14 5 70 0 68 66 40 0 15 28 35 75 111 24 6 27 9 115 45 15 27 42 0 18 9 0 63 72 0 5 54 69 3 45 48 0 63 9 12 21 105 62 61 20 35 0 111 56 72 51 24 0 84 73 18 50 0 119 18 94 0 58 24 42 0 0 64 83 128 0 24 21 46 106 27 93 33 63 37 3 50 28 0 40 49 102 40 217 49 0 27 9 222 43 45 96 20 70 55 0 3 61 6 82 35 8 10 32 0 15 16 24 27 42 29
54 28 29 12 43 164 130 36 97 174 36 154 74 0 94 58 10 45 78 101 4 63 128 165 134 99 108 6 96 46 72 81 72 101 132 177 62 172 85 63 96 36 77 201 64 76 139 100 72 42 42 8 83 86 46 88 123 0 61 16 46 24 49 0 104 86 0 83 67 158 160 110 64 36 44 137 81 39 94 76 93 113 90 108 131 24 112 26 168 72 60 127 21 62 66 108 57 211 23 79 74 137 15 49 0 7 91 0 0 0 128 204 68 46 36 0 215 130 20 82 144 66 114 116 201 18 0 0 240 97 90 54 135 72 92 143 54 30 114 100 80 177 60 51 129 144 45 8 74 109 108 59 116 83 100 131 72 44 27 114 67 118 65 60 0 75 55 30 109 129 59 48 97 63 139 94 85 38 78 94 145 72 12 103 131 18 50 0 149 107 45 6 196 104 43 12 60 36 63 12 62 40 18 185 32 62 0 2 50 213 24 81 157 46 99 127 23 75 61 20 6 8 117 70 76 74 86 6 101 95 42 48 60 97 20 77 70 109 12 60 42 6 18 109 30 179 65 42 25 96 36 177 114 106 86 67
40 54 30 82 11 35 129 102 59 42 12 181 71 89 101 44 6 153 58 90 54 18 72 101 241 40 110 114 33 44 23 69 13 57 48 0 84 72 83 27 58 81 64 146 79 55 52 89 45 0 55 42 20 75 48 54 72 0 44 70 42 89 135 4 106 30 20 152 35 60 60 33 45 66 105 90 18 35 44 92 37 52 84 125 36 60 130 68 53 113 28 39 108 158 91 182 70 120 62 40 51 8 45 24 164 96 45 13 106 10 83 100 80 53 0 45 70 112 53 178 42 64 36 3 142 94 72 53 109 59 96 48 57 108 56 24 59 25 51 53 35 43 73 21 0 123 0 24 78 72 3 108 100 63 126 90 72 0 8 64 81 159 56 139 12 83 61 115 186 1 207 29 69 42 172 6 56 0 8 124 27 80 28 173 36 61 15 9 72 79 66 147 84 57 35 89 0 16 9 97 24 44 74 144 71 159 63 108 320 60 0 21 72 96 92 54 44 156 90 37 50 72 36 21 122 64 0 40 126 20 3 135 154 123 44 72 52 8 41 132 56 59 23 34 50 108 13 15 66 44 22 58 24 16 27 88
14 81 22 77 86 76 57 12 37 110 0 4 12 44 34 33 0 72 94 129 77 52 49 40 29 108 99 139 264 107 0 60 99 41 87 89 0 21 105 130 65 6 27 51 112 28 22 113 52 21 88 25 127 82 56 149 148 78 4 30 122 8 100 38 164 130 5 45 60 36 57 216 0 55 155 0 126 177 108 132 62 85 70 18 57 17 28 179 16 74 102 88 82 81 109 205 35 123 0 52 70 122 144 174 21 53 117 36 14 51 118 193 34 40 40 84 48 208 0 19 126 17 120 91 28 49 0 0 126 53 74 32 131 51 26 177 81 45 90 0 101 98 124 117 38 45 82 13 25 71 28 35 140 21 33 12 14 59 63 63 15 82 0 0 16 36 39 104 14 9 49 106 139 52 39 161 52 134 14 46 148 99 86 169 130 15 32 66 140 80 112 22 9 139 94 61 30 95 71 49 36 42 95 24 20 35 0 6 202 75 125 73 87 41 121 27 0 45 66 18 36 27 117 5 40 30 54 81 68 160 0 108 35 173 41 31 108 30 112 12 10 31 58 60 58 54 55 9 8 136 45 50 0 38 46 15
100 32 209 7 24 166 138 135 90 92 44 46 156 131 141 108 47 55 75 74 85 42 106 63 280 20 8 110 99 121 42 14 31 108 23 73 25 114 144 125 1 78 64 35 112 179 68 81 78 0 21 0 68 77 21 189 51 14 86 12 69 125 24 85 25 27 124 74 64 112 109 41 45 45 66 72 27 147 66 75 56 72 107 16 48 24 0 181 102 112 80 8 64 71 48 106 63 45 33 0 47 40 41 54 50 34 19 128 119 0 159 42 143 26 0 18 0 109 75 111 24 36 138 8 206 32 105 97 55 8 76 94 137 31 68 84 50 0 60 49 86 65 11 98 146 136 34 99 20 0 37 87 159 145 62 144 35 59 66 107 114 67 90 78 54 93 37 73 52 8 59 125 127 53 23 27 15 28 28 54 128 23 60 55 40 17 56 6 30 197 19 39 24 41 38 42 32 151 55 123 124 129 128 128 56 24 18 73 119 128 42 14 125 97 39 81 141 82 140 38 97 0 27 80 69 16 122 63 60 128 0 154 74 23 7 69 144 0 76 187 0 36 72 56 65 18 62 28 15 110 128 28 80 117 86 0
144 105 94 30 70 51 66 111 54 162 14 104 31 56 49 36 18 10 19 23 0 36 78 147 173 94 24 22 136 122 7 59 90 107 146 12 56 29 46 66 84 102 109 50 55 64 24 127 89 0 18 90 6 132 109 115 13 20 92 18 78 71 29 20 80 36 48 23 67 108 48 45 41 57 101 35 38 154 118 245 0 62 18 31 125 0 11 103 42 144 62 138 90 67 48 172 54 48 14 48 70 129 99 37 27 70 21 62 128 0 103 89 91 13 24 83 24 79 82 57 39 0 62 3 123 16 42 42 52 0 20 51 6 20 77 109 137 32 170 18 48 32 72 223 158 173 38 28 0 30 47 118 67 115 92 30 7 0 117 43 170 77 51 124 100 69 96 28 20 4 9 159 75 27 49 75 54 60 2 42 101 40 104 82 44 38 112 1 32 206 63 21 95 12 41 36 12 75 84 29 24 44 151 104 30 136 45 85 107 95 54 133 40 27 30 66 27 154 33 63 16 18 27 70 53 14 141 117 46 177 94 127 147 34 81 65 56 81 24 158 88 98 84 28 27 15 130 83 144 161 47 20 92 57 51 124
0 81 32 82 50 9 4 40 76 112 84 63 45 0 0 140 9 19 99 16 16 51 38 2 62 45 47 0 56 72 28 0 103 61 75 56 20 15 128 0 36 32 0 86 54 52 44 156 55 15 56 10 64 87 116 6 64 100 15 0 93 136 68 57 64 41 123 150 6 70 27 134 36 20 64 56 0 68 32 60 0 80 117 0 69 21 0 244 67 42 47 0 72 96 137 120 56 25 9 54 77 112 40 62 16 42 15 122 128 60 74 129 0 0 21 8 81 0 85 0 32 51 13 82 171 8 0 40 27 55 46 94 41 137 115 28 0 65 106 98 61 21 23 98 10 6 16 97 28 159 0 92 72 18 61 8 64 113 24 70 12 47 0 0 37 71 59 74 159 32 48 20 26 109 157 93 0 63 11 97 55 48 21 119 68 70 99 7 65 8 146 0 0 137 2 0 45 130 49 110 164 53 138 48 15 74 39 63 24 47 24 148 68 84 20 138 44 41 24 33 32 54 104 90 0 0 65 10 204 15 40 67 197 110 138 40 122 48 36 40 8 0 44 6 72 68 80 25 117 20 0 32 117 12 0 24
0 8 7 56 76 50 33 51 39 90 0 58 0 117 24 95 35 101 52 18 62 0 0 0 75 80 27 42 24 91 60 64 81 40 95 68 36 39 45 16 42 10 32 88 0 124 79 51 105 15 45 106 139 112 30 12 36 32 89 80 97 34 8 70 36 75 54 0 34 15 48 40 133 28 56 0 0 49 99 49 0 64 146 42 8 63 136 116 16 23 44 26 0 53 28 119 0 30 24 44 28 82 53 0 103 24 214 0 12 40 40 56 0 18 0 120 0 43 117 8 58 16 50 12 16 0 12 0 93 0 76 0 77 18 63 88 24 82 71 61 66 0 30 29 24 92 0 86 87 105 0 16 48 139 72 54 28 16 33 36 12 18 29 12 51 111 77 4 84 24 58 47 183 149 80 101 0 51 0 18 76 0 85 34 180 16 78 84 42 119 42 41 21 20 104 39 20 36 27 42 87 8 6 64 25 2 32 4 37 7 0 0 82 0 56 32 14 40 0 0 62 56 53 34 68 31 0 48 49 72 16 92 28 108 145 91 36 72 27 55 0 126 49 93 90 15 53 127 36 52 0 45 40 16 130 0
123 0 6 44 0 1 95 28 150 144 35 234 32 63 62 0 36 57 89 63 4 30 0 9 14 51 110 40 63 40 0 77 24 93 116 17 139 92 122 63 30 102 43 40 85 107 12 75 35 27 97 121 24 14 115 0 58 0 11 139 42 4 86 10 34 104 57 181 7 99 107 89 33 59 97 38 15 7 26 67 177 79 0 117 203 48 78 8 8 108 38 4 16 14 30 58 53 56 42 42 99 9 31 53 66 8 82 49 0 72 88 0 128 28 6 72 131 80 7 71 100 41 16 40 109 103 43 13 87 83 36 18 36 112 119 130 71 12 89 91 0 36 33 53 32 65 0 60 64 83 132 73 18 53 62 62 45 111 40 0 5 65 54 6 49 18 63 137 73 6 73 17 70 24 123 174 14 64 15 48 91 78 96 58 55 78 10 67 72 102 41 63 36 125 33 118 55 5 12 14 0 30 41 60 70 67 46 121 56 66 72 0 0 23 44 129 8 0 2 12 151 13 111 42 7 57 52 28 40 80 56 44 25 18 102 48 89 57 112 22 13 18 20 110 36 155 57 0 22 97 55 0 6 88 17 122
20 43 39 38 90 101 129 2 20 82 65 30 98 30 41 30 36 4 95 93 92 42 40 88 161 64 157 69 56 193 51 75 95 43 108 38 62 92 158 0 36 78 58 158 12 63 63 123 72 0 11 29 57 250 97 102 136 21 25 57 0 11 16 63 85 30 54 94 169 90 52 139 24 40 87 46 72 65 28 72 50 25 6 29 8 39 42 65 38 109 27 72 145 76 20 62 8 48 0 168 33 127 135 83 108 113 15 36 114 79 16 187 143 20 64 177 13 63 30 18 124 48 28 33 91 74 125 34 148 65 20 42 58 59 198 123 74 66 123 16 36 72 35 53 60 74 89 152 108 95 124 60 110 72 122 54 38 27 51 220 8 117 118 0 0 140 72 107 35 106 39 14 86 96 59 30 38 98 4 62 48 78 36 48 153 138 0 75 28 33 132 128 84 69 10 106 44 32 150 38 24 131 33 72 38 56 15 42 0 74 60 126 63 78 105 42 81 135 129 43 88 56 100 72 60 46 0 64 5 63 56 16 15 72 117 86 94 62 100 0 65 17 71 74 117 86 35 0 65 64 26 71 60 38 0 30
25 52 0 16 40 19 0 0 0 48 56 96 0 120 90 60 35 112 52 25 0 80 80 70 0 179 56 84 92 0 0 63 2 125 22 37 30 0 30 30 9 0 0 0 0 8 20 65 52 0 48 76 5 61 150 0 109 0 25 167 28 63 161 74 92 0 36 0 0 15 16 60 103 0 8 52 53 32 0 164 0 0 71 58 4 57 20 10 8 60 0 20 64 0 93 29 56 56 0 14 25 52 104 0 82 54 27 45 0 28 40 56 51 8 0 0 56 64 7 93 10 123 51 10 6 27 0 44 48 66 46 0 0 0 113 0 36 16 32 83 40 40 18 23 0 42 18 85 0 36 56 14 80 0 42 8 160 45 32 22 0 28 0 12 0 4 62 7 77 0 55 4 66 4 8 48 0 28 36 39 49 5 43 41 71 83 24 112 8 40 112 15 83 89 72 44 45 56 32 0 0 68 0 72 72 24 56 95 36 35 134 77 45 42 15 28 15 103 61 0 75 72 66 56 80 28 107 36 0 26 0 71 126 9 67 36 0 40 27 120 32 105 40 6 8 33 16 0 17 64 79 48 64 0 58 23
99 40 22 91 81 3 45 9 65 24 118 32 16 81 14 0 12 87 113 73 28 6 78 0 131 81 10 74 232 16 30 7 51 64 166 12 61 107 30 21 5 75 44 160 58 53 79 52 102 53 72 101 95 49 79 26 48 1 120 142 95 33 6 0 178 156 37 1 108 82 94 182 126 48 66 14 0 31 56 107 120 8 15 18 0 32 70 4 6 52 10 168 30 14 8 39 40 105 54 54 54 32 87 2 80 32 35 114 66 113 109 91 53 2 16 146 70 30 43 89 8 73 83 39 39 180 88 105 121 44 30 30 44 44 12 85 54 82 63 21 27 90 2 50 2 41 66 85 53 148 145 57 92 99 0 48 72 41 22 98 45 56 73 54 63 30 16 54 26 42 54 72 42 101 8 59 30 77 44 0 83 12 56 164 130 97 24 14 0 136 57 152 90 101 98 153 232 36 65 6 74 187 93 0 99 60 16 3 0 135 100 93 180 30 0 105 108 0 0 96 122 81 26 64 12 100 96 45 6 78 0 21 162 136 119 138 128 85 79 73 102 143 86 25 210 0 58 87 66 182 189 80 85 0 74 8
45 40 0 16 73 36 0 18 54 108 37 138 0 52 63 0 0 15 109 33 84 83 132 83 61 42 86 38 56 5 15 119 36 144 73 114 87 42 22 0 63 45 36 70 67 0 148 68 23 0 84 57 7 18 64 19 40 96 0 117 132 0 71 7 118 141 0 0 2 130 68 0 30 37 37 116 12 0 45 65 0 145 61 55 0 10 64 90 123 113 89 16 0 153 42 129 8 29 58 161 63 46 103 28 0 30 156 0 151 0 106 129 53 0 0 92 21 108 0 42 93 0 0 194 122 8 4 45 83 92 144 65 103 8 102 0 117 42 152 30 45 123 48 18 26 138 50 21 58 40 6 131 6 31 31 0 63 40 62 107 66 66 0 35 30 24 45 16 54 27 97 0 0 87 58 99 59 4 15 132 66 82 66 75 169 6 0 69 108 155 27 35 0 6 56 134 69 57 42 68 83 91 58 65 68 110 78 157 32 66 23 123 56 14 68 69 92 98 95 63 0 47 86 112 94 45 108 40 131 0 126 27 129 27 132 5 188 161 64 92 32 28 0 73 128 0 45 86 174 33 20 47 66 21 14 0
50 44 58 49 27 108 36 14 73 48 30 88 0 76 81 76 9 0 92 64 26 79 52 80 108 18 129 39 139 40 42 10 183 0 8 50 60 64 90 69 37 27 0 34 100 0 118 62 80 27 32 40 123 26 32 83 160 238 79 62 23 0 41 60 110 58 38 80 14 63 50 50 79 49 104 0 63 49 0 28 0 30 72 8 10 0 50 27 148 75 78 49 24 70 65 104 16 18 6 198 88 50 82 23 10 44 36 19 14 57 0 63 10 0 6 62 0 56 14 12 0 76 12 0 32 13 0 45 123 84 16 12 113 0 46 106 12 28 36 6 63 64 39 167 12 161 6 119 16 62 61 20 97 0 16 15 56 20 22 80 139 62 63 0 0 32 35 109 0 30 118 83 12 147 15 48 44 66 39 65 28 89 52 95 48 29 74 52 10 3 126 0 29 45 24 24 8 72 46 21 153 74 0 48 32 45 51 27 79 76 100 119 76 28 0 24 42 112 78 14 53 84 18 64 63 0 113 0 81 128 54 72 134 84 68 4 48 30 24 58 81 4 32 12 0 32 124 45 67 15 8 74 63 54 9 0
18 28 38 53 36 15 82 8 37 57 79 44 44 52 53 43 0 9 75 25 101 0 62 108 84 144 65 2 120 16 83 0 155 19 102 72 18 69 15 78 75 92 46 52 40 0 159 108 9 27 124 54 35 81 14 36 129 16 75 10 50 86 89 1 162 91 86 37 17 37 52 55 30 14 53 90 0 93 1 29 33 118 107 39 49 0 83 45 50 65 0 39 101 144 38 38 0 59 4 90 24 3 102 174 53 53 99 4 19 65 81 180 27 0 0 52 0 22 0 28 85 45 66 6 132 21 105 2 52 0 41 5 66 23 108 6 78 17 9 28 107 80 32 116 27 40 81 59 14 132 206 35 39 34 17 0 81 23 105 59 32 93 33 0 7 73 8 28 84 27 30 4 111 5 42 14 80 6 3 108 99 0 65 142 72 31 4 29 69 71 64 109 0 47 49 18 38 135 101 56 8 65 51 8 6 25 16 141 55 61 14 1 73 70 45 63 66 67 68 16 8 40 42 74 0 0 49 6 4 80 5 88 40 131 134 34 38 114 87 16 91 4 22 18 46 17 95 11 14 25 52 32 126 55 4 21
0 65 136 63 45 111 63 7 57 81 103 150 56 43 27 13 33 115 0 62 63 20 62 54 64 86 51 111 6 51 2 5 86 101 9 10 18 72 155 24 97 90 73 140 22 75 54 114 97 85 56 9 16 75 43 18 89 56 63 7 42 37 61 72 24 72 30 94 0 101 56 60 24 64 90 30 64 0 88 39 60 52 80 133 93 26 82 213 24 91 0 0 47 4 49 32 0 0 37 30 0 52 21 19 77 114 79 0 70 4 21 76 15 0 63 75 42 55 61 0 24 56 168 15 52 88 27 66 121 167 68 173 35 125 81 45 0 109 32 104 0 26 48 14 55 53 24 6 55 180 73 57 87 88 72 0 102 70 100 0 92 78 18 0 56 56 129 81 257 79 126 65 40 88 150 8 66 77 75 60 99 45 69 48 130 77 87 0 50 106 0 45 89 89 132 0 69 20 81 32 6 72 16 40 40 99 0 21 128 46 21 0 142 62 126 60 96 88 30 54 57 56 56 69 8 68 24 9 95 79 47 81 131 108 93 177 0 68 92 0 37 136 56 227 98 104 20 7 63 94 127 45 97 20 70 78
0 53 97 15 30 192 108 15 78 162 25 35 25 66 7 26 12 38 12 108 71 25 196 117 121 102 117 95 72 2 1 114 63 24 117 91 102 118 130 35 9 30 17 64 68 57 186 49 38 32 90 56 143 121 55 77 89 62 54 72 1 101 112 63 138 15 0 0 86 132 0 147 211 8 7 62 0 4 76 79 145 54 49 66 44 35 42 56 54 56 110 39 16 64 120 24 136 65 53 80 45 68 116 100 95 107 81 2 4 32 69 7 59 57 0 48 72 111 95 118 48 20 80 85 209 32 108 18 146 137 76 40 72 64 98 14 192 62 224 169 63 35 122 59 39 85 105 55 33 10 32 93 130 146 40 112 15 90 52 93 10 70 45 68 35 28 51 40 36 29 32 0 16 89 112 39 40 5 3 37 35 56 18 46 236 14 80 5 0 9 174 96 249 42 84 38 14 94 25 91 86 64 22 16 139 60 46 0 55 149 65 7 124 47 0 0 20 30 24 66 20 136 28 80 66 0 135 38 45 63 107 0 63 60 94 63 92 36 40 98 110 49 15 103 73 22 113 42 106 58 64 70 62 62 30 58
